mssv,label
C410FEC4XPvAibaEXe/odi52as1TQ/z6UAtEIyTx,1
4555C74CXPvAibaEXe8UBGVVSBKSkjQKdKZAX7FE,2
7D7299A4XPvAibaEXe9hYalhCsDQbVspsqAf44vo,0
590263C4XPvAibaEXe9mDsFtgVHJ/lr5wIkYTfyo,0
043AE465XPvAibaEXe86sbeN0/YCTVJDeWwsGcv7,1
99DFF379XPvAibaEXe9WgQQLl7rkk3xiov9KwR/h,1
3C342700XPvAibaEXe9wQ8rkPICemKUxomFBsH4h,1
B114F41DXPvAibaEXe9IFJLLU9DVVVLclcXgxioB,2
359C901EXPvAibaEXe/HQN1XeSL1BLJJHKbqsbhD,1
FB701925XPvAibaEXe//Z7+CGDQLoBEAU7nawcwv,1
15A46F5AXPvAibaEXe//Z7+CGDQLoGJZlAbDnoO3,1
635D1273XPvAibaEXe9xkK/YA3rY8IFU/6Bc4lh9,2
7B967A41XPvAibaEXe8lzySxhHiT0exzdQmBFLmj,0
A048A75BXPvAibaEXe9WGATIMl02LCcJquODyIYq,1
1AA01459XPvAibaEXe8qBtIUs9INCxnbbJBzZt2h,3
E402E8DCXPvAibaEXe876wt31yGPP/BDYut7u/p4,3
A57FE5C5XPvAibaEXe/rR9uJzGOYEia+h3ehxKfK,1
FFFA4234XPvAibaEXe+OhmjSj4XEzdTGgcTdT9fT,1
DFB4F658XPvAibaEXe/A1zCqCr2ya8wbpVb94p4t,0
78DD02BCXPvAibaEXe9XrYsEpevBozrlrvV/mYs5,1
9CD6FC97XPvAibaEXe/uPR0E3TEtQoREyf0wp5Rs,1
F6DEBE15XPvAibaEXe8X/UxhAbbOG3BxNNl+y4ZV,2
EDD75437XPvAibaEXe+wVOsoF63SsHheVwOKF/JA,1
64A2A84CXPvAibaEXe8jiYzwktGSchUZQTLU3+EL,0
C1312801XPvAibaEXe9Q2McsUcINTketisymyY1y,1
955B7BBEXPvAibaEXe8lzySxhHiT0afB+o9SPiI/,1
48685401XPvAibaEXe99yNsueYx+scOnjQSx4nXO,3
20D5A706XPvAibaEXe99yNsueYx+sS7cA4Tr2w8n,1
7FA8CDB0XPvAibaEXe+dVXFbWVwKlXHfXiR7TH2V,1
3A8C2FB6XPvAibaEXe+dVXFbWVwKlRWzplOaZLu9,3
99203CEEXPvAibaEXe+dVXFbWVwKlTMxaTaQd/zh,0
7C663C97XPvAibaEXe8SRUt3BATKgRv/S1C/NJb0,0
5DE27F64XPvAibaEXe8SRUt3BATKgcCqOfz0lnJq,1
625D11A7XPvAibaEXe8SRUt3BATKgSnT3qcoiFYZ,1
D7158B5EXPvAibaEXe8SnnwrtS3HXMyHNbfbuNZa,1
46F21520XPvAibaEXe8SnnwrtS3HXA7O1FUi8Dvy,2
FB28C53FXPvAibaEXe+6DwsvcvouVUqQbATMhLMU,1
86475D27XPvAibaEXe+6DwsvcvouVX0Imwtv+1AY,1
BA8D8AFEXPvAibaEXe+6DwsvcvouVfTF+jYi4dQZ,0
CDC705C7XPvAibaEXe+6DwsvcvouVRtexNbBIUn0,1
FF9F4B4BXPvAibaEXe9hYalhCsDQbZInk2E5ehqz,2
ACA0950BXPvAibaEXe/PpYImsUfHqD6eG7DgXV3+,1
69DD2363XPvAibaEXe/PpYImsUfHqKbr7uKLVm3D,1
148B0735XPvAibaEXe/PpYImsUfHqE1zMz8TOUpD,1
708AB1C7XPvAibaEXe/PpYImsUfHqD0OJUP9JAIW,1
26545F1DXPvAibaEXe/PpYImsUfHqNG0bhfPaet8,1
ADF5D656XPvAibaEXe9mDsFtgVHJ/tAsCsrxrm09,3
DD10B95EXPvAibaEXe/PQrWCRBKWOUTASXEgaMpR,2
E19D2B1BXPvAibaEXe/PQrWCRBKWOc3YfEgCqG49,2
2EE8EACBXPvAibaEXe/PQrWCRBKWOUgYNGbFx+gp,3
3DB94F26XPvAibaEXe/PQrWCRBKWOT8OwzmHmk/P,2
162A7EB7XPvAibaEXe+PVAbtvmWztizXjvoILtE2,1
DB28A6B8XPvAibaEXe+E43ovk5Cnp7bfzCqOTUE4,1
7AB58862XPvAibaEXe+E43ovk5CnpwkeppoJzanh,3
17BDA973XPvAibaEXe+E43ovk5Cnp9ENMHNfPeIz,1
6E854833XPvAibaEXe9a9WHB728zIMSTTWhKiiWi,1
81591236XPvAibaEXe9a9WHB728zIC+BsRhdRUah,2
39B20F4DXPvAibaEXe9gcLLHJLBBnc8cdqv19Ylu,2
5533DD19XPvAibaEXe86sbeN0/YCTbUKokfc1ORb,1
3F21B786XPvAibaEXe86sbeN0/YCTQd15EVD6n3Y,0
94D74F41XPvAibaEXe86sbeN0/YCTcr3p20VvmtV,1
71279AEDXPvAibaEXe86sbeN0/YCTci+47cxm1GJ,0
29418E5AXPvAibaEXe9WgQQLl7rkk4fctYOOBzzg,1
A15DA8F6XPvAibaEXe9WgQQLl7rkk+hRH2dNOhqK,3
2A0595D9XPvAibaEXe/YiexZYoq8n+O9NW7PU1Ee,1
F47350D9XPvAibaEXe/YiexZYoq8n8FP0R71ulza,2
B7380E4AXPvAibaEXe/YiexZYoq8n1s2gydCY2+d,2
4E6F6B53XPvAibaEXe/YiexZYoq8nzCPwcgxhSoR,2
0B2AAC0EXPvAibaEXe9CJmVsz9P34qS8MDP5qhfn,2
55C4950AXPvAibaEXe9CJmVsz9P34pEFprlIxi9u,1
2D62888EXPvAibaEXe9CJmVsz9P34tT9eWJLg/yU,1
10BC2077XPvAibaEXe+JF4o+SEKcGNvyuiGTmxfU,1
D907516FXPvAibaEXe+JF4o+SEKcGHJ11J0czGJq,3
43D5F13BXPvAibaEXe+JF4o+SEKcGJ+PtNJ2F/he,1
ADB95D1BXPvAibaEXe+JF4o+SEKcGDSWthX0QZQy,0
E02A6A52XPvAibaEXe/cEeFLbzGe/hwNl8VDkNKQ,1
CC2D217FXPvAibaEXe/cEeFLbzGe/s5QKClAH5xl,1
E0A5856FXPvAibaEXe/cEeFLbzGe/jly/D0Mp+/C,1
8AB3A116XPvAibaEXe9wQ8rkPICemLrEZksxFZ06,1
972819C7XPvAibaEXe9wQ8rkPICemPv3jFt4txx0,2
20D7E56CXPvAibaEXe/waquVAMA8TuGBUB8n1U9w,1
CF6241C1XPvAibaEXe/waquVAMA8Too/KBELswxp,0
A0E31B91XPvAibaEXe9IFJLLU9DVVaKpbxrx9JEi,1
7806D9BAXPvAibaEXe9IFJLLU9DVVQ7bFL8KvJIW,1
95812940XPvAibaEXe9OORQ1xsw6noRj8oxMKORS,1
D4C6B151XPvAibaEXe9OORQ1xsw6njzMKsUwYGIs,2
896CE9CAXPvAibaEXe/agc6/owW5CMZVwqpzV2xw,1
B3F16D5DXPvAibaEXe/agc6/owW5CGwRRuccquwf,1
C2218479XPvAibaEXe/agc6/owW5CH4478G8f1TP,1
EA6B1CE3XPvAibaEXe/agc6/owW5CCUBcx4z66Gh,1
D15AF9D2XPvAibaEXe/agc6/owW5CCEx4CPDleFb,1
89D586F5XPvAibaEXe/HQN1XeSL1BEMXBfk6KF/O,2
FED40161XPvAibaEXe/HQN1XeSL1BMtMCujx8fTx,1
C663E314XPvAibaEXe/HQN1XeSL1BKv/LohqQ+0J,1
7EF6A3EAXPvAibaEXe/HQN1XeSL1BEWlvhARqyCL,0
CB17F8F5XPvAibaEXe+3sZoWnetaj3mUhX0PKRMe,2
ADC5F05DXPvAibaEXe+3sZoWnetajz661V0/hMR1,1
08182AD5XPvAibaEXe+3sZoWnetaj2dDhEcMJno9,1
5B8D44C7XPvAibaEXe+3sZoWnetaj5PDXb16ueWC,1
630518E0XPvAibaEXe8UGNMJasZG8BIILT9LfCMb,1
1A0E0558XPvAibaEXe9xkK/YA3rY8FFX85Uop5YB,2
A56A2ECBXPvAibaEXe9xkK/YA3rY8PRNWpizshot,1
6E594582XPvAibaEXe9xkK/YA3rY8BuIyh8QfoMS,1
6EF53EE6XPvAibaEXe/81GDNmtxKsWKpNmvVkP+G,1
D4BC6C5FXPvAibaEXe/81GDNmtxKsf5uAQitOS6/,1
FBE9AA5AXPvAibaEXe87qJpUsO6V7cleB72s2edm,1
5A9F64D1XPvAibaEXe87qJpUsO6V7TZk2T/CAsg6,0
D61A8FA6XPvAibaEXe8JRliMuqssCFM/cB1ttK5H,0
D6325697XPvAibaEXe8JRliMuqssCDQkwlJOqjq0,1
C2BFCFE6XPvAibaEXe/t7ClCI88v7vvMyl2ysdwy,1
32180497XPvAibaEXe/t7ClCI88v7sGEqCvtpJrq,3
DD4EFA9CXPvAibaEXe/t7ClCI88v7mCBtTA3bz+f,0
14475A56XPvAibaEXe9S6E9ioiUfBOgN9jbGjj20,2
21A44321XPvAibaEXe9S6E9ioiUfBDPj01WaWxc1,1
591A9AADXPvAibaEXe9S6E9ioiUfBK9MVMlLs9L0,1
07F0B649XPvAibaEXe9S6E9ioiUfBGwa4H6CUbKK,3
1ABBE1BBXPvAibaEXe9S6E9ioiUfBGiyTmQYHGjq,1
C0CA4964XPvAibaEXe+Y2Dmraxe1iXZJvq0Bdzle,1
D3F4026DXPvAibaEXe+Y2Dmraxe1iZJc8pjBdEJI,1
45C1AE02XPvAibaEXe+Y2Dmraxe1iZRzEs93KNw/,1
DC510789XPvAibaEXe+GHNK19bpqC6fiDr/IfEBw,0
40477DF3XPvAibaEXe+GHNK19bpqCw8XUzH8lpyj,2
8DF80DC7XPvAibaEXe+GHNK19bpqC2HzcxrGb6J1,2
BC23DA17XPvAibaEXe+GHNK19bpqCyPAUx4pm9RJ,3
CFAD9912XPvAibaEXe+GHNK19bpqC27N8KsncB+D,2
9C9DF586XPvAibaEXe+GHNK19bpqC+R86WCu45mt,2
7933EDCBXPvAibaEXe+tKwu+Ol4th1CASAT7HNg8,0
20EA5161XPvAibaEXe+tKwu+Ol4th4lHuNksf8Ew,0
382011DDXPvAibaEXe+tKwu+Ol4th1ivtsIPFk30,1
9C88C20AXPvAibaEXe90ZzX2oanjjvdFX8RLhtBI,2
4F4FA085XPvAibaEXe8lzySxhHiT0QWlfALc1aFD,2
77611815XPvAibaEXe8lzySxhHiT0dS9w57k39qB,1
A830FA6EXPvAibaEXe/9ugxkUZcLfOCCe0d2Y2i+,1
5B43BFC8XPvAibaEXe/9ugxkUZcLfFd6KWqUBYnv,2
816B09EDXPvAibaEXe/9ugxkUZcLfCsP2F+g822+,2
78347B4EXPvAibaEXe8OLQLlidG6/64lqBZl8N/e,1
0E184853XPvAibaEXe8OLQLlidG6/6DACqDoin5w,3
AFD7F061XPvAibaEXe8OLQLlidG6/6iYnKPHh3U3,1
3237312AXPvAibaEXe9BgVwdGgzpaWPBzMunWFH4,1
6695C814XPvAibaEXe9BgVwdGgzpaWghu9fyLWIp,0
F5673015XPvAibaEXe86jqvsmOoL9gz0xQ3iVB/D,1
F2E08BFBXPvAibaEXe86jqvsmOoL9oGDUv7q0lsr,1
9C31DE00XPvAibaEXe86jqvsmOoL9hEq1ka1r7+d,2
B5A5645EXPvAibaEXe95t7IdlkoVf/AQqVZIBtH0,3
30D3E6E7XPvAibaEXe8Ve7JqRML75bS5tHExQQga,1
5496C0BBXPvAibaEXe8Ve7JqRML75VSrneiFXwvT,1
3126A55BXPvAibaEXe8Ve7JqRML75QoATwEngbtB,1
7D4060BBXPvAibaEXe8Ve7JqRML75f60sgal9POH,1
942D302DXPvAibaEXe9eYPx3anXXhP4CDh9NTvBT,1
D6527C3BXPvAibaEXe9eYPx3anXXhH8it6AZlLzp,3
BA45B4ADXPvAibaEXe92Jin2iMtHCpfdO6SqQlLh,1
3670B2F3XPvAibaEXe92Jin2iMtHCooAV2Og/xCx,2
7948AD02XPvAibaEXe92Jin2iMtHCrp7po4Dxg3m,0
3B36303EXPvAibaEXe92Jin2iMtHCuWTyMGfWwjT,2
192E4235XPvAibaEXe92Jin2iMtHChKANAao8ZUk,1
5F015460XPvAibaEXe/5h0vZw0NHL3rTJlBbR6W0,1
77AA22BDXPvAibaEXe/5h0vZw0NHLw1SiBz29uk2,1
15A91E53XPvAibaEXe/5h0vZw0NHL5mM+K0Tj6RE,1
E696D0B0XPvAibaEXe/5h0vZw0NHLzJFwI9xi1Oh,1
77975167XPvAibaEXe/pS44gx8Fm9v9+sdp2PraC,1
56535DAEXPvAibaEXe/pS44gx8Fm9j1XdP/cQelm,1
570FE49BXPvAibaEXe/pS44gx8Fm9tS8RaIhlkx8,2
7CF624C3XPvAibaEXe/pS44gx8Fm9lnr2OshV+zO,0
E134A5BEXPvAibaEXe8K9VKm2afHLaJxHi92R/zU,1
1B5F428CXPvAibaEXe8K9VKm2afHLcrG7NGXSkAL,0
6778C130XPvAibaEXe+7P4TS0/ikVcxrYCiN4Kyj,1
91E5E67CXPvAibaEXe8iGDMJikW1wm/fzv+kCFPN,1
A5085DE8XPvAibaEXe8iGDMJikW1wljc/V8g1C1o,1
44597D66XPvAibaEXe8iGDMJikW1wus8qKUjJv0B,1
2C093564XPvAibaEXe8pd25OrRS+bSnBwyRMfwuw,1
460FE95AXPvAibaEXe8pd25OrRS+bcsLaTm3oBVu,0
F34E4020XPvAibaEXe8pd25OrRS+bVa2uJMwiE2i,0
E3F994FFXPvAibaEXe893iM2Le1O8jHjbmeQ4Mxf,2
E4625928XPvAibaEXe893iM2Le1O8tz+Zuz25esB,2
F529C0C9XPvAibaEXe893iM2Le1O8pDe4tC7DTPb,1
9EFB2679XPvAibaEXe893iM2Le1O8grF7ZE9EPoT,1
3D841DAEXPvAibaEXe9WGATIMl02LJS8n1lLdF33,1
317F4908XPvAibaEXe9WGATIMl02LLeAEzyRzdkc,0
BDA8F475XPvAibaEXe9WGATIMl02LEaibTVYKq1l,3
FCB48C3AXPvAibaEXe+zrGHfAUSFabKbz9bBSiV8,1
67D7036DXPvAibaEXe+zrGHfAUSFabjrbPTYEo23,1
DF522B8DXPvAibaEXe+zrGHfAUSFacLkM4T9DLZg,2
DF564083XPvAibaEXe9ASX2YKqk5AaV4qY6WcSHA,2
B2EA3ECBXPvAibaEXe9ASX2YKqk5Aap+nIqZT1UR,1
D9B44B1CXPvAibaEXe9ASX2YKqk5Aeh+/OS8HqTX,2
4C2E83D1XPvAibaEXe9ASX2YKqk5AXIWmP3Cm1tW,0
30D530DDXPvAibaEXe9ASX2YKqk5AYS0r+LRs1lV,1
8102A180XPvAibaEXe9ASX2YKqk5AdNqCDkyFwYx,1
E0E18590XPvAibaEXe/acEOI5E1magxCp2zlAapz,1
1B589EDAXPvAibaEXe/acEOI5E1mat8kYIAq4StW,1
3547A27CXPvAibaEXe/JRR+qhRXMm5LPIyI46Mn9,3
D798FB1BXPvAibaEXe92CdOgj+Qa/RF6cGtj1Bzl,1
8B9FD2DBXPvAibaEXe92CdOgj+Qa/bUGTQ7V3EuT,0
DD04F84BXPvAibaEXe/7jtQOMcuJ+yq1noCyFIxx,1
E5B18116XPvAibaEXe/7jtQOMcuJ+3mMd8xWafpS,1
715030C0XPvAibaEXe/7jtQOMcuJ+31csSiny4MA,2
F96F26BDXPvAibaEXe/7jtQOMcuJ+4eFmj09T6qD,3
90DB2E8EXPvAibaEXe+IfVguXAeAtZiVpbm6nqcF,0
AEB24512XPvAibaEXe+IfVguXAeAtX/Y9IhZlUDe,1
DE497535XPvAibaEXe+IfVguXAeAtVEyF1rA9Vvu,2
29C85D60XPvAibaEXe8qBtIUs9INC/pF8ftvBlnc,2
CA90782BXPvAibaEXe8qBtIUs9INC+5foK/FHD/Y,3
F54A694BXPvAibaEXe8qBtIUs9INC3DDTOSk+lWF,1
008C7E44XPvAibaEXe80NXGyYVtTlnHRV1DTnuqi,1
D0AEF330XPvAibaEXe80NXGyYVtTlq6XKsqu9Wjz,2
E77126F1XPvAibaEXe/A+LHGtXv8v2OVsnXkSElW,1
95B284C9XPvAibaEXe/A+LHGtXv8v5yD9Z+2lNZC,0
542FD613XPvAibaEXe+cv7qSCYkQet+8WVAW0Q4F,0
F975AAB3XPvAibaEXe+cv7qSCYkQeuLQ3vp3YWgK,3
CBE89B85XPvAibaEXe+aP8CrMM5f5FIlN52e1MLW,1
CF4EB98CXPvAibaEXe+aP8CrMM5f5DmhblKSI4k+,2
06AF4558XPvAibaEXe8eJZh5OyStbMQ0oi5wpMJM,1
F50E7697XPvAibaEXe+uS3hCcqF/s/aPOBzTkdzm,1
0F3CCC56XPvAibaEXe+uS3hCcqF/swV1VTwrbD2d,1
3FC67985XPvAibaEXe+uS3hCcqF/s1BNErmZi3AP,0
8003DB77XPvAibaEXe+uS3hCcqF/szDKZkQ/twhY,1
DA77A23CXPvAibaEXe8TCemjJxtx9N+MBryz9bo1,0
4E119A8AXPvAibaEXe8TCemjJxtx9JuL9i5yQtQ7,1
145DBE3DXPvAibaEXe8TCemjJxtx9DXD6cVF+kBL,1
73EBC2A0XPvAibaEXe9A3Yjgh4iPfsTl7Hkve08O,1
CAD81BE8XPvAibaEXe9A3Yjgh4iPfvMtO3lWOIXX,2
306F1985XPvAibaEXe9A3Yjgh4iPfgyL6Ctm1KIv,1
3377A01FXPvAibaEXe/eRksRS1wGeHjP086Rff2B,0
2ED165A9XPvAibaEXe/eRksRS1wGeJQzNqtERAKg,1
59F1708DXPvAibaEXe+dMotnUFI9LS1TYt9joenk,2
77C0FB57XPvAibaEXe+dMotnUFI9LWNcqnzsK0+X,0
3A751C91XPvAibaEXe876wt31yGPP4jtOTSRHqgW,2
49D52C5CXPvAibaEXe+XQbEHiLBIRWH5rU7IHL2f,2
FC9BFC2CXPvAibaEXe8VnqU11737Hty9eG6AiTWr,1
FE3AC989XPvAibaEXe8VnqU11737Hl6IFmKBfB+P,2
BE810866XPvAibaEXe8VnqU11737HlpMuDrtkNYU,1
6726316CXPvAibaEXe8VnqU11737HrFa30iy2jmJ,1
C85CAC55XPvAibaEXe8eWl5Nr7OWQnSDhPbn24Ji,3
3D3D9084XPvAibaEXe8eWl5Nr7OWQrtifEgV2NNa,1
0BF2FC70XPvAibaEXe8eWl5Nr7OWQmKkpXrB/Ifd,2
56626D79XPvAibaEXe+D5C9Re7EGLcLpN9AoumiF,1
1AFFBC52XPvAibaEXe+D5C9Re7EGLZhZrnN4YGmX,1
A2698E63XPvAibaEXe+D5C9Re7EGLdYoD7VxJkyw,1
3828C83AXPvAibaEXe+D5C9Re7EGLWuj0Stjr3Bt,1
82CCF118XPvAibaEXe/ns/wSuHF6kJuTovSjvh3N,0
1FE755EBXPvAibaEXe9F2tx/ToPx3HMCUuVOFVUO,1
0388C53EXPvAibaEXe9F2tx/ToPx3FKeDTdDjuhB,1
EC99A310XPvAibaEXe9F2tx/ToPx3H/qqDPJ7QaV,1
D6A21559XPvAibaEXe9F2tx/ToPx3LiesgheIR+R,1
0152D73FXPvAibaEXe8dBqMaN7rGhiSNefyOeUyN,1
917F1C39XPvAibaEXe9n6M+kQhqu8nyDX+6of8Dn,1
E9EC0E79XPvAibaEXe9n6M+kQhqu8vXp4f9LLODR,1
A330757EXPvAibaEXe9n6M+kQhqu8gO1FzoyH/Rl,1
BF848739XPvAibaEXe/Ojw5gA+9jXod27QdpRMZl,0
775A7663XPvAibaEXe/Ojw5gA+9jXogmutvfW/hV,1
353291D0XPvAibaEXe+u8DuxWGTFfOeTkx29Aj4l,0
D4D99820XPvAibaEXe+g2dQ0D263aUSI6fU2u8JV,1
8361811BXPvAibaEXe+g2dQ0D263aflTxTkEwuwy,2
604A61D2XPvAibaEXe+g2dQ0D263aZSBBb1uQ+ou,1
73F66B14XPvAibaEXe998fVikzcJIs6n9B/re9qe,0
3C65A25EXPvAibaEXe998fVikzcJIuk4ang3tj+3,0
9D6D1B86XPvAibaEXe/S4a8qPv8Nb2L3J53OpioJ,3
C3644783XPvAibaEXe/S4a8qPv8Nb0hZR3ga9Z3e,0
C0B21F5FXPvAibaEXe/S4a8qPv8Nb1YVUfSINxiI,0
CEE70FFFXPvAibaEXe/S4a8qPv8Nb+hR48MoOd17,1
BA4E4FF3XPvAibaEXe/PXWJbNZLssGHuklm+SW0s,3
2E73D80EXPvAibaEXe/PXWJbNZLssCJ4GolwPu7D,1
0EEBE88AXPvAibaEXe9G2n4phUxISLrrJViaK5xS,0
DA324490XPvAibaEXe9G2n4phUxISKrqsRoHVin+,3
EE2CE003XPvAibaEXe9G2n4phUxISPgKDi7igQgv,1
AAB06320XPvAibaEXe9G2n4phUxISOOxbxEpyUmx,1
FD955A59XPvAibaEXe/hadw09FE3WvkGclxc9HUR,1
CC71D76BXPvAibaEXe/hadw09FE3WhaVWr9QYKo7,1
1C245E0EXPvAibaEXe/rR9uJzGOYEuQ8DvEilYoI,0
8EA62CACXPvAibaEXe/rR9uJzGOYEp5iErX1dcP7,1
C0F6B96EXPvAibaEXe/rR9uJzGOYEluVMyfuAfn2,2
DDCA386AXPvAibaEXe/rR9uJzGOYEkLJqwhWmF0K,1
0D638D19XPvAibaEXe/JhqMYLzzrRxowiJob8Ur4,2
232946CFXPvAibaEXe/JhqMYLzzrR02+yvZ+pT+i,2
0BFF8631XPvAibaEXe/JhqMYLzzrR3zo13sUE5xw,3
CB378E96XPvAibaEXe+LbmSTUWVMuFn39+N+FPvU,1
7B20E493XPvAibaEXe+LbmSTUWVMuONuSvs2x/3l,1
C6635E9FXPvAibaEXe+LbmSTUWVMuKhnFpkfefqp,0
96356A30XPvAibaEXe+/MvKIb2VAVS0s4jJCw70Q,0
4743F40FXPvAibaEXe+/MvKIb2VAVUWMGXsSclXS,1
616EF433XPvAibaEXe+/MvKIb2VAVdBB3w6YY1cp,1
3106CF09XPvAibaEXe+/MvKIb2VAVTx3QQbJG8H6,2
21148B93XPvAibaEXe8ciyLBP/Qlayj9QcGO7AGC,0
49F409B6XPvAibaEXe8ciyLBP/QlawsI8kjipkoh,1
2343DF1FXPvAibaEXe8ciyLBP/Qla1OaKIO6iEdd,1
FB9D4C87XPvAibaEXe9W7fV/x7qyQPlsuf/c/sw3,3
E349E629XPvAibaEXe9W7fV/x7qyQJOXRx1biw3z,0
FAF0BD22XPvAibaEXe9W7fV/x7qyQKXSfR8eoPE/,1
A1F6495AXPvAibaEXe9W7fV/x7qyQD/09DyAgQ2q,1
530DAA7AXPvAibaEXe9W7fV/x7qyQHK+t0YqgRym,1
4569C973XPvAibaEXe9EUO2qxCH07aFV4msAAfbQ,0
51E91E7DXPvAibaEXe9EUO2qxCH07Qy82TKTSEjA,2
679190A6XPvAibaEXe9EUO2qxCH07YiAKT41f4A5,1
078D0A90XPvAibaEXe8zjuWfAVBr9RfmtHhE0FTo,1
78E27A2CXPvAibaEXe/BLy1WUS+NVnG+plk9jS4D,1
B743988CXPvAibaEXe/BLy1WUS+NVq+8RKQE3fi+,0
165A1DB1XPvAibaEXe8M37suqoe4CSMqLdV9Z+sP,1
8AA98AD2XPvAibaEXe8M37suqoe4CZpSLxtWE9xX,3
1B4A9018XPvAibaEXe8M37suqoe4CRmaSzfkpkBs,1
F1AACB01XPvAibaEXe8M37suqoe4Cbsh5M0kmj9t,1
011201F7XPvAibaEXe+OhmjSj4XEzZe7iRZlaaxm,1
79792F25XPvAibaEXe+OhmjSj4XEzSgsSrHu3R1g,3
7542A121XPvAibaEXe92Mw4ZEAxz0xNXfVJvbFuo,3
9F091A73XPvAibaEXe92Mw4ZEAxz05lYh0FqHUwV,0
CB4167C2XPvAibaEXe92Mw4ZEAxz00ZoSadOnlhK,2
8D9A9BADXPvAibaEXe/RnFf25EKRr0mA+ok7dOWs,1
8898BAE9XPvAibaEXe/RnFf25EKRr5bknGVZlkvp,2
A6E57CBFXPvAibaEXe/RnFf25EKRr9zy6d8Ux/jt,0
783668D7XPvAibaEXe/RnFf25EKRrzdFzZIDmusu,1
EA1D81AFXPvAibaEXe/RnFf25EKRr7/Z28Po+End,2
7D41140BXPvAibaEXe+M8JaUhbJyeaddRxfSW9N2,1
0DFB77F9XPvAibaEXe+M8JaUhbJyeUks/6mlFMNg,1
0406981FXPvAibaEXe+M8JaUhbJyecydVJn03CsO,1
FA79293AXPvAibaEXe+M8JaUhbJyebnpurn6a1ak,1
18D53A17XPvAibaEXe/7VXm0xgXldKrj4VJp0HeL,1
9F86E0E9XPvAibaEXe/7VXm0xgXldOk337YvxwNJ,3
F073E236XPvAibaEXe/7VXm0xgXldHR4zGalFEDr,1
1355B42BXPvAibaEXe/7VXm0xgXldCktXEfKbKQy,0
85765F51XPvAibaEXe/7VXm0xgXldMr8iJn1d/nL,2
2A42D119XPvAibaEXe9wxm0WjsXoKurN8WqpVtfd,1
005D6433XPvAibaEXe9JJ0DEqozv6JkD0BJUpbna,0
DCD90AC2XPvAibaEXe9KS65t7Tb/qM1p6wX0RxXR,1
076028C7XPvAibaEXe9KS65t7Tb/qNPAjp/Vir5E,0
1DEE69E1XPvAibaEXe9KS65t7Tb/qF4l0Okq3G2t,1
D36DFBFBXPvAibaEXe9KS65t7Tb/qBkgxL3ZlLLI,0
F0291E22XPvAibaEXe8o0Tnwwz3u31MPoj5STmqZ,2
A23419A2XPvAibaEXe8o0Tnwwz3u39GesYMEV1rd,3
75534BB3XPvAibaEXe+7uLWSh9XvQhdGvv+xdaHC,1
03F181B0XPvAibaEXe+7uLWSh9XvQs9BhtrBVBeU,1
46CFE17AXPvAibaEXe8091B3Eu2czJ8WXBZgS4UA,1
BF42A05AXPvAibaEXe8091B3Eu2czDunKN0Ha49R,0
3AEDE0DBXPvAibaEXe+dJypLAXKUX7Lv5UiSnxfu,0
37C8A303XPvAibaEXe+dJypLAXKUX6hg39HIUvKN,0
AA9B07B2XPvAibaEXe+dJypLAXKUX3Ro/I3wDtXP,1
637D5C85XPvAibaEXe9zGba8fcKEKG9oPWFvAQXN,1
6F0E40D6XPvAibaEXe9zGba8fcKEKK41KcdVIyBy,2
769C1CEAXPvAibaEXe9DMENNf4iGcnhsoCSJh96j,1
3593E659XPvAibaEXe9DMENNf4iGco/PRxwHxdTN,1
A0A6D96FXPvAibaEXe/v5x/h23myCZU9aAK01HD+,0
3ED6454DXPvAibaEXe/v5x/h23myCX7yTInZ4mJP,0
89BF1B4BXPvAibaEXe/v5x/h23myCcvAATP35Y2J,0
D14AE261XPvAibaEXe/v5x/h23myCXgRuqr/OGax,1
8D2D9740XPvAibaEXe/v5x/h23myCVTdxpmMdnBD,2
19DA16E9XPvAibaEXe/A1zCqCr2ya2xpPNEJUl5g,1
D7159A63XPvAibaEXe/A1zCqCr2ya6HguW98vplu,1
2F8C3E91XPvAibaEXe/A1zCqCr2yazozWy9A0iWv,1
4F51640CXPvAibaEXe++bDwPCni17sw+TX4tp24g,0
BF600D21XPvAibaEXe8CN9MRovh0mKaR7F/jDXgp,1
E8BA7679XPvAibaEXe88L+jeN4TPmwIc2BoClZgk,0
C02CD79DXPvAibaEXe88L+jeN4TPm6P/mnOmPlrO,1
7CA51573XPvAibaEXe/Z2D1Qs9UWoMKK8xVT1fDX,0
F2278788XPvAibaEXe/Z2D1Qs9UWoGyTMjg2MYbM,0
FAF7008FXPvAibaEXe/Z2D1Qs9UWoLz0wvrvwm+Q,3
9B1136D0XPvAibaEXe/SouBySQ9Uj5QTVvKuCo9z,1
171EB319XPvAibaEXe/SouBySQ9Ujy9NTsMyD8+d,1
FEBE0DC0XPvAibaEXe/SouBySQ9Uj/o7ee8c+POp,1
D04D50BEXPvAibaEXe87069oyWO+IX2oarXXGN7K,1
41C25881XPvAibaEXe87069oyWO+IWVvmqlp051S,1
289BA10BXPvAibaEXe87069oyWO+IXrSVrxmdC6P,0
CC6A9A36XPvAibaEXe87069oyWO+IdRQUNsRf3jJ,1
D7947438XPvAibaEXe9XrYsEpevBo8LLnPXfgpYn,2
42B60DB1XPvAibaEXe9XrYsEpevBoxZ0jKt421UR,2
2B8BC614XPvAibaEXe/uPR0E3TEtQm7Vvb2UfkDr,1
3E1CDC45XPvAibaEXe/uPR0E3TEtQtoDVSV6MJMV,1
1748B3E7XPvAibaEXe/5n/8z7IorIl5VVVuCKrx8,1
1018ADF8XPvAibaEXe/5n/8z7IorIk20OdhUEnK0,1
2D6C4EB6XPvAibaEXe/5n/8z7IorIp1P15hhSw7Z,1
6186D18DXPvAibaEXe8X/UxhAbbOG7qKhAi3BxtD,1
A99910D5XPvAibaEXe8X/UxhAbbOGw8A+5PDAGk9,1
F986B312XPvAibaEXe8X/UxhAbbOG7+k+qXfeQpx,2
95D34586XPvAibaEXe8X/UxhAbbOG9WPEDe/Kq4t,1
A7D8F9DEXPvAibaEXe+wVOsoF63SsE1LV6Mh7FQg,1
43B597A5XPvAibaEXe+wVOsoF63SsKaicQJB9UVL,0
4842D442XPvAibaEXe+wVOsoF63SsLCyCepkMYRu,1
70DB9DFEXPvAibaEXe+wVOsoF63SsK0TfmDhz7G+,0
718339B6XPvAibaEXe+wVOsoF63SsD/Zf8LQl2bf,1
56996328XPvAibaEXe8FGyuwtFnKnOqpMxWSLkC/,1
0DBCCDABXPvAibaEXe8FGyuwtFnKnMb43/h/1bI3,2
3F7EE327XPvAibaEXe8FGyuwtFnKnA3zwdulIpUk,1
9960EA0AXPvAibaEXe/odi52as1TQ3YsfForj10r,1
DA16B17CXPvAibaEXe/odi52as1TQ6r3rl+RnLh7,0
2273F154XPvAibaEXe/odi52as1TQ6qXsflcjall,1
410D0A94XPvAibaEXe/KpP1fV6ua5wXA/QUFGsXs,1
29545CC9XPvAibaEXe9hweWHK/GxsGmSbmxJ4PJR,2
FAC2CB19XPvAibaEXe9hweWHK/GxsCZwqeiCNyRF,2
EDFD99D9XPvAibaEXe86ShnmDByrm2bhjZioKmj+,0
FC641DE7XPvAibaEXe86ShnmDByrm9beRkWh1xfB,0
16CB5DD9XPvAibaEXe86ShnmDByrm78ybvgYsRBW,0
F1AC7EB2XPvAibaEXe86ShnmDByrm6Sn44IZZf9+,0
2A1CE9C9XPvAibaEXe86ShnmDByrmwlM6+Yi6Z7F,1
0E31BA26XPvAibaEXe/jA2MATe6eKnEqbe1SUl7t,2
9C815F62XPvAibaEXe/jA2MATe6eKpLGJuVbUdNX,0
93A53025XPvAibaEXe/jA2MATe6eKghjZS7iZ5y5,1
58C3BAECXPvAibaEXe/jA2MATe6eKg/8OGy+CwwB,3
636A3D34XPvAibaEXe/jA2MATe6eKnxOuDPAw+Yf,0
92865BACXPvAibaEXe8bN4Cpfw33op1x4yhxVlFn,0
49239E49XPvAibaEXe8jiYzwktGScj334ZUiVBYZ,1
F41844C2XPvAibaEXe8jiYzwktGScu03xba/isey,0
8D656270XPvAibaEXe+Y0lGmaTa/AIXwE8qmYbX4,1
C7B5F97DXPvAibaEXe+Y0lGmaTa/AOdSX+qsP9tW,1
63F67660XPvAibaEXe9Q2McsUcINTr04J/PwesaO,0
FB2EFDB2XPvAibaEXe+F5/cNCOrl8W9eu69oLqpj,1
CCF627D0XPvAibaEXe+oAybUv81bbkc8L/mx+IhC,3
F6A9AF8AXPvAibaEXe+oAybUv81bbuqcqHiKgk2n,1
C3A70311XPvAibaEXe8srCIvWdWtBxE9jCpXe9fz,1
59D74F9FXPvAibaEXe8srCIvWdWtByaH8vuY6xk2,0
7695BB67XPvAibaEXe+SI2uhC5CMEVmnYQYHJETH,1
48452E85XPvAibaEXe+SI2uhC5CMEdFHpnGbDn+D,2
57A9555DXPvAibaEXe9kJ+qYUUrp6yzqg8iX3syd,1
A5DEFA28XPvAibaEXe9kJ+qYUUrp6+diYIQXKhPn,3
DDE02F5BXPvAibaEXe8G+DN2/i3pr6rfxZUqQec+,2
9B998277XPvAibaEXe8G+DN2/i3pr/oF+P6nZZEo,1
D91E5619XPvAibaEXe8G+DN2/i3pr/E/gR0jHz1z,2
38F28A91XPvAibaEXe+EYzJPHISY8+p5lYWf9h1M,1
22101E7EXPvAibaEXe+EYzJPHISY88zmD5Ggw1zy,1
AA968E02XPvAibaEXe+EYzJPHISY84pYNNoYKVx8,2
6FD95A3EXPvAibaEXe/WTR5UGsYutI5eTB+81qWD,0
283D4053XPvAibaEXe/WTR5UGsYutNLeR8bf2KAJ,1
53E95764XPvAibaEXe8NrxrmA741r2VOKP0Nz9D+,1
8FBBB6C6XPvAibaEXe8NrxrmA741rzbFPVT7q+GY,1
55164ECCXPvAibaEXe8NrxrmA741rzp6pr4JjBBO,1
59884D21XPvAibaEXe8NrxrmA741r7Pe5nXtcI17,0
CFD92B12XPvAibaEXe8NrxrmA741rwjdaY15+2D+,3
B5832DFFXPvAibaEXe+r7f7XCVFwZvPJHtRXPtLQ,1
EC67C83FXPvAibaEXe+r7f7XCVFwZprJvUgra96+,1
A08707C4XPvAibaEXe+r7f7XCVFwZs29W4FZcCkZ,2
E8506363XPvAibaEXe+r7f7XCVFwZn9B2GY65sNU,1
74BDC2C0XPvAibaEXe+r7f7XCVFwZpJLOv4SjWsq,0
A92BF9A0XPvAibaEXe+r7f7XCVFwZv7HAv2D+pa4,1
AB7317E2XPvAibaEXe9x7FcJ6vxIP4BR1XiauvBI,2
89B9E37AXPvAibaEXe9x7FcJ6vxIP8ZfUeeTsqYu,3
D2387061XPvAibaEXe9x7FcJ6vxIP5GEUQ7u0GJN,0
7E5F0261XPvAibaEXe9x7FcJ6vxIP/wyKPNs2niT,2
271B286AXPvAibaEXe9CFhTkHod3yfY0OnaNvlXt,2
EF351515XPvAibaEXe9CFhTkHod3yS5z1VDkCy75,1
CE5AA641XPvAibaEXe/UTqPTjBxFVqOsv91ZMjHy,1
407973B4XPvAibaEXe/UTqPTjBxFVu/QwKCE2S5w,3
C7C98961XPvAibaEXe/UTqPTjBxFVtKmLCQure30,1
F473C1ABXPvAibaEXe/jd8ghaf1GTNdb+cfjD9JK,3
32425155XPvAibaEXe/jd8ghaf1GTDJ2RkglGilP,2
98885261XPvAibaEXe+fEAEfw3o+KtD8p1BCYU+u,0
0DB26593XPvAibaEXe+fEAEfw3o+Koj1aryhxwXB,2
2B9BB841XPvAibaEXe/7YVAxOsMwOsVlHgtpSb0I,2
A3B55E76XPvAibaEXe/7YVAxOsMwOlSm2jrgLdri,1
0E3CC85BXPvAibaEXe/7YVAxOsMwOq19C4IZbCNV,3
B3BB25C7XPvAibaEXe8E8MfopOpLfow3YpFUxKb9,1
5ABD2AEBXPvAibaEXe8E8MfopOpLfpzgaVQKHwFD,1
DB711988XPvAibaEXe8E8MfopOpLfuvKyaJThdNU,1
ACC6BE03XPvAibaEXe/7jEMhYBA6GZiEn3v4da33,2
075CAE0AXPvAibaEXe/7jEMhYBA6GRpJvL6kzgyG,0
E32F85C4XPvAibaEXe8OoiZ7Qg2eTzHFJYtJfMmx,1
E4A8F3C3XPvAibaEXe8OoiZ7Qg2eT+Jy+LbBom1V,2
BD12868AXPvAibaEXe8OoiZ7Qg2eT6mcyIhrsW0w,0
12C6CEBDXPvAibaEXe8HWu5TvPOfaHJ8WggqhfpV,2
D20DDE4FXPvAibaEXe8HWu5TvPOfaN9KOnh24+IZ,2
7D6A1FB2XPvAibaEXe904Wq1lYkfi03olJ53wEUL,2
260F89E3XPvAibaEXe904Wq1lYkfi3SWlgS7D671,2
DB9FA965XPvAibaEXe904Wq1lYkfi1x2F3Ukc2Og,1
F8B7B670XPvAibaEXe904Wq1lYkfi68eFFkYR0b3,2
902895CAXPvAibaEXe9Hp2TeoSwCGUc05NETHA4y,1
5A8FC80AXPvAibaEXe9Hp2TeoSwCGQOTvUMD2sdV,2
09DAA20BXPvAibaEXe8cJKtXZaLmvUsH6H9yaOrj,1
47C7F0D8XPvAibaEXe8cJKtXZaLmvW7+9X9I1l88,1
2E7766A4XPvAibaEXe8cJKtXZaLmvYU52KoCieBc,1
ED940AE5XPvAibaEXe/sW+jVmHnQGmpcv505KQtY,1
CD72A72AXPvAibaEXe/sW+jVmHnQGj7x1GbslKUs,1
464EEB66XPvAibaEXe93t/fGOsRpnwKvZu4uHWUr,1
37E8854FXPvAibaEXe93t/fGOsRpn2pIVjPlvyxA,1
51E5CFABXPvAibaEXe93t/fGOsRpnwBCueYR01nj,1
5E19BA75XPvAibaEXe96K1aB3B4cKVe+zJZEtwvN,1
E19EA87BXPvAibaEXe96K1aB3B4cKbTxUAPWhMbc,1
EA5C3600XPvAibaEXe96K1aB3B4cKYcgi+qudqoq,1
A111A056XPvAibaEXe88G96lR9q/HbP6O5OR4CqK,3
C6142704XPvAibaEXe88G96lR9q/HVMhBqOaOjJX,1
D8E39F03XPvAibaEXe88G96lR9q/HT9qRGKkXQxj,3
50710A05XPvAibaEXe+5AEinM7he3i2ud45eDBqh,0
D9987866XPvAibaEXe+5AEinM7he3nNXvaIkjIqo,2
6BDC0FB3XPvAibaEXe+5AEinM7he3oT9mkidxPDW,1
0D56970AXPvAibaEXe+/1KYXP+fweMd3DfpYccg/,1
27A62100XPvAibaEXe+/1KYXP+fweJyZsRuyxmIg,3
8474C347XPvAibaEXe+/1KYXP+fweAETvLS68nEF,1
33C734B5XPvAibaEXe+/1KYXP+fweL6Sr/n8oIDs,0
408D0B61XPvAibaEXe/04IiIK7okBdYvNYs5MiFQ,2
F4F90434XPvAibaEXe/04IiIK7okBT/n8bF22cJ4,1
7BAE4D59XPvAibaEXe/04IiIK7okBc/e3nqwl6Yl,2
5D84A808XPvAibaEXe/04IiIK7okBVnVDuMtAOeG,0
DD6DDD9BXPvAibaEXe8808q51BnmQgYlXLk+6Sms,0
5120F34CXPvAibaEXe8808q51BnmQvUpJUeNEyRf,1
FC15E78FXPvAibaEXe92C4qaj9kvH9Xq+b0SgU4o,1
F400B823XPvAibaEXe92C4qaj9kvH9/66t3hNsRx,2
13D900A2XPvAibaEXe97wmuqTYuV7bJOKimbzKxM,1
19E0EE8FXPvAibaEXe97wmuqTYuV7djoRDmkvxKL,3
D77BA55CXPvAibaEXe97wmuqTYuV7ZzXGRkYG5x/,0
BDF344E0XPvAibaEXe97wmuqTYuV7e+YykH8Z97h,1
31656E5EXPvAibaEXe9N+b7C2VGPszP5c8rfamtp,1
09EA1246XPvAibaEXe9N+b7C2VGPs7VmmYGpq5S4,2
485EE734XPvAibaEXe9N+b7C2VGPs9muAnhMpjeF,2
72059684XPvAibaEXe9N+b7C2VGPs6rwW5yBcs12,0
8FBA4DD6XPvAibaEXe9N+b7C2VGPs5fUPTuQNCtW,3
88F1979DXPvAibaEXe9uaaZ/YedHVLTpfQz3FFXG,2
3A14E413XPvAibaEXe9uaaZ/YedHVADddd6jtCYd,1
63850E1DXPvAibaEXe9uaaZ/YedHVMbH1bo0wP7i,2
59F24D89XPvAibaEXe+MMervxP1vAFgzvQQfMwEA,0
AF786B20XPvAibaEXe+MMervxP1vAEwg60BSZIR9,2
D6F5BEF7XPvAibaEXe+MMervxP1vAHvM1MwhSFCY,1
4AE33901XPvAibaEXe+MMervxP1vAMmMVyNeUejT,2
2B06BF01XPvAibaEXe99yNsueYx+sRv+V7PK3gss,1
B9D83D4DXPvAibaEXe+dVXFbWVwKlRXwqeODjYBu,1
C34CB14FXPvAibaEXe+dVXFbWVwKlYf2u7qop3EE,3
59AF4D97XPvAibaEXe+dVXFbWVwKlZexJ6XyF4JF,1
24500250XPvAibaEXe+dVXFbWVwKlZWoN4Lv4G5x,3
DC14503EXPvAibaEXe/PpYImsUfHqHsNvr8F6r45,2
8F232DF7XPvAibaEXe9mDsFtgVHJ/s35hMBjAlMC,1
815BC6BAXPvAibaEXe+PVAbtvmWztjKUVtlCbbjs,2
D6D49AA7XPvAibaEXe9gcLLHJLBBnRYB6m6WhcfJ,2
0A94E4D0XPvAibaEXe9gcLLHJLBBnRqUfrm4aBzH,1
178F60F5XPvAibaEXe9WgQQLl7rkk9xNzvD5m8xA,2
2AB355A3XPvAibaEXe9WgQQLl7rkk9EgM3vUMrzn,1
B7798017XPvAibaEXe/YiexZYoq8n4VEM7QbMQLy,2
94908D99XPvAibaEXe+JF4o+SEKcGO66xrFvn1ci,2
3526D59AXPvAibaEXe9GqQkS1wvjIRxFTurXY4N0,1
591013DCXPvAibaEXe/cEeFLbzGe/gkWD3xIWG3s,2
8F752AF5XPvAibaEXe9wQ8rkPICemKkORLm0t6hF,0
1E266AAFXPvAibaEXe/waquVAMA8TkogJ5efuX2t,1
DB96172AXPvAibaEXe/waquVAMA8TuDef+6Fb/pR,1
4813A23DXPvAibaEXe/waquVAMA8TuWB0ajB6F8a,3
3A8DC76BXPvAibaEXe/waquVAMA8Tk6+UT/Qyju7,1
649B938BXPvAibaEXe9IFJLLU9DVVZoHDwmaCg4s,2
841DAEEEXPvAibaEXe9IFJLLU9DVVSo/AjzcgSIW,1
70B995C7XPvAibaEXe9OORQ1xsw6nr2pvDW4NmxY,1
8A28E60EXPvAibaEXe9OORQ1xsw6nv5CUStjJAu6,1
CACBD22AXPvAibaEXe/agc6/owW5CA2VUR30Kxql,1
DBE26D99XPvAibaEXe/agc6/owW5CG5kROb/FsH1,2
68481D94XPvAibaEXe+3sZoWnetaj+cTym+QdnwT,3
006E432EXPvAibaEXe8UGNMJasZG8PBqBoa4ReWL,1
48AB0267XPvAibaEXe8UGNMJasZG8EzhKtHwzjmt,2
36622C97XPvAibaEXe//Z7+CGDQLoNhIq+lX3ALS,2
5393D300XPvAibaEXe9xkK/YA3rY8K1sgmVMMbVh,1
5BC12409XPvAibaEXe/81GDNmtxKsdUAUDG04Ms3,1
3DD6D60BXPvAibaEXe/81GDNmtxKsSpculnFzj6s,1
4BB3341BXPvAibaEXe87qJpUsO6V7TeFLjbYGDFN,1
AC6E759CXPvAibaEXe87qJpUsO6V7bDv5ZWTAeVE,1
EF134ADEXPvAibaEXe87qJpUsO6V7S7JwvClJktx,1
14EA3727XPvAibaEXe8JRliMuqssCJF9lhlKmfmh,1
C86E80EAXPvAibaEXe8JRliMuqssCD34i2qCrEtf,1
7F3C1FFBXPvAibaEXe/t7ClCI88v7k1tcLaQ7rIn,1
3129ED21XPvAibaEXe+Y2Dmraxe1iUz2qYKUheXA,1
28E48F0BXPvAibaEXe+Y2Dmraxe1iZnkzf6f17wP,0
BBF7B61BXPvAibaEXe+tKwu+Ol4th6hUZRqaHgpG,2
29B1E2ACXPvAibaEXe+tKwu+Ol4th4EfdFoZiY9j,0
6BD2C3A2XPvAibaEXe+tKwu+Ol4th6LhYFpOaSaJ,1
69EAA97AXPvAibaEXe90ZzX2oanjjnD7J8FNZuDS,1
28BA21D6XPvAibaEXe90ZzX2oanjjs5FxU3lHZPx,3
80655820XPvAibaEXe8lzySxhHiT0asFjWSgCSuX,1
B2366359XPvAibaEXe8lzySxhHiT0abgjQcayJU6,1
DDBD0AC6XPvAibaEXe/9ugxkUZcLfP+4REaiz1m9,2
D41951CEXPvAibaEXe86jqvsmOoL9rvc2uWyJ4gj,2
A1E1D102XPvAibaEXe95t7IdlkoVf/51hHXuCrwb,1
788E001DXPvAibaEXe95t7IdlkoVf8oA8e/NjO1r,3
F42652EDXPvAibaEXe8Ve7JqRML75ZotBOnQHExP,1
BAACDE17XPvAibaEXe9eYPx3anXXhGNACGngumwr,1
12A164C7XPvAibaEXe9eYPx3anXXhP21P/VRYCGB,0
7FCFB3B1XPvAibaEXe92Jin2iMtHCo1x47Wpnc7g,1
4DB1855DXPvAibaEXe+n4oL3iuTqC0cLl0kwM7kQ,3
487A9A3FXPvAibaEXe+n4oL3iuTqC6vV9FvUFu7N,1
35DA89B4XPvAibaEXe/pS44gx8Fm9tOJ1EFCqalV,2
6D62204DXPvAibaEXe/pS44gx8Fm9uhYc0pqW5wU,1
D6EC50FBXPvAibaEXe8K9VKm2afHLbphXNTsojae,3
14201CC6XPvAibaEXe8K9VKm2afHLdKjVsxKb5b9,1
EE7B46F2XPvAibaEXe+7P4TS0/ikVUK469OKcPDA,1
B76C034CXPvAibaEXe+7P4TS0/ikVaiShJPRi8D8,1
EA5B909FXPvAibaEXe+7P4TS0/ikVWIgtv30JvpE,1
288E4445XPvAibaEXe8iGDMJikW1wv69BjaGCsB1,3
D441A573XPvAibaEXe8iGDMJikW1woah6+4Xu8Ve,1
A9583138XPvAibaEXe8pd25OrRS+bd8RTXO2y2Hk,1
D6B1D021XPvAibaEXe8pd25OrRS+bXqdz8jUTEuf,3
3F6464F9XPvAibaEXe8pd25OrRS+bfhEJhQJNXId,2
79F3DDC2XPvAibaEXe+zrGHfAUSFady5nJErWbdy,0
A6B45AE3XPvAibaEXe/acEOI5E1maq73F+W4fq46,1
9D0A51BCXPvAibaEXe/JRR+qhRXMm6mmnYmHn1Gf,0
28C14421XPvAibaEXe/JRR+qhRXMm5NhgpBnOkS5,1
F464001FXPvAibaEXe92CdOgj+Qa/efjKFTKMTZe,1
5F3CB2A6XPvAibaEXe/7jtQOMcuJ+9WRD3+H69rs,3
4E977F63XPvAibaEXe/7jtQOMcuJ+2+dDt9040Ew,3
C85FB68EXPvAibaEXe8qBtIUs9INC/7IxCWzbm9A,1
2F2AAAD3XPvAibaEXe8qBtIUs9INCxmr4QpjAe8J,1
BF9438B7XPvAibaEXe8qBtIUs9INC9vm5OaC+oAF,1
B9165618XPvAibaEXe8qBtIUs9INCyaApQAyDOj2,2
581CB126XPvAibaEXe80NXGyYVtTlryDrVC3sRaI,3
3101BB70XPvAibaEXe80NXGyYVtTlvIHGKX6+4B0,1
6B669A59XPvAibaEXe/A+LHGtXv8vzXEqU+iIA1m,1
AD8724BEXPvAibaEXe/A+LHGtXv8v9pt/RNTPNuD,1
CB7E27DCXPvAibaEXe/A+LHGtXv8vy+900/G7xXc,0
3DE54CA2XPvAibaEXe+cv7qSCYkQesWI9sWob4cD,0
7460C064XPvAibaEXe+aP8CrMM5f5Keb+DCasjDz,0
2B9BAF93XPvAibaEXe+aP8CrMM5f5PDicb+LqToJ,0
3394B9B1XPvAibaEXe8eJZh5OyStbKQBuSNJjYuq,0
4C9B57D9XPvAibaEXe8eJZh5OyStbNCI+BAkeQmo,1
4A20070CXPvAibaEXe8TCemjJxtx9Pza59Xs6Z3Q,2
183C2776XPvAibaEXe/eRksRS1wGeFlFzmKQIodO,1
9EAC23A4XPvAibaEXe/eRksRS1wGePVnzmYSGW8k,1
F1C269FDXPvAibaEXe/eRksRS1wGeM1wcohpNXDp,2
35E827FFXPvAibaEXe8Pno0mP3gNIkepSKFzPRJ1,1
665A2624XPvAibaEXe8eWl5Nr7OWQoRHFBDwyDEs,0
FF8D99CCXPvAibaEXe+D5C9Re7EGLbLZvNjN8yi5,1
37D1D514XPvAibaEXe+D5C9Re7EGLVDf4ZYLzVb8,1
424EB384XPvAibaEXe/ns/wSuHF6kAg0pvH9yY1n,2
DB6E52F3XPvAibaEXe/ns/wSuHF6kEQ5whrQp5Q+,1
B44C3B36XPvAibaEXe/ns/wSuHF6kEcjw3s5q9gL,1
3B582529XPvAibaEXe8FAisiSJM2IrqJDUgjWexI,1
175475BBXPvAibaEXe8dBqMaN7rGhkux+ZR35bi9,1
6AAC82E8XPvAibaEXe8dBqMaN7rGhhzMiLnM53Rr,0
38FEDC84XPvAibaEXe9n6M+kQhqu8viyMaH0fvSb,0
2F9BDB24XPvAibaEXe9n6M+kQhqu8vtdZtAucjId,3
8119778BXPvAibaEXe/Ojw5gA+9jXjWsvTAxgD/k,1
34BF2B7BXPvAibaEXe/Ojw5gA+9jXodFlsd3lSfU,1
86A2DE3DXPvAibaEXe+g2dQ0D263aYeQM20ZIAQY,1
D0E42648XPvAibaEXe998fVikzcJIoP0RXJ8JPji,2
10E59E76XPvAibaEXe998fVikzcJIr3mNM3FOo5P,2
593E7147XPvAibaEXe/S4a8qPv8Nb8Apfpl8/Rme,2
463177E2XPvAibaEXe/S4a8qPv8Nbwk1GQ1spQXC,3
F8593AF8XPvAibaEXe/S4a8qPv8Nb6L1AGYTWzOM,2
CED41935XPvAibaEXe/PXWJbNZLssLs+IURzkmib,2
780AE105XPvAibaEXe9G2n4phUxISNxxiOclZidR,1
4152FE50XPvAibaEXe9G2n4phUxISJmNzq1KHgOO,1
A323C7F8XPvAibaEXe/rR9uJzGOYErmJaPMhFISQ,0
6DD33907XPvAibaEXe/JhqMYLzzrR/SD+X56lNlB,3
EE265324XPvAibaEXe+LbmSTUWVMuN9JGubK2wEz,1
01B2E0C0XPvAibaEXe+LbmSTUWVMuCiA7Fe9lwmP,1
E194E101XPvAibaEXe+/MvKIb2VAVVhwyHN5Ha1W,0
4DC12407XPvAibaEXe8ciyLBP/Qla/q6bzbKKAKM,1
175D0D17XPvAibaEXe8ciyLBP/Qlax7d4y3MnqT9,1
25E596D7XPvAibaEXe9W7fV/x7qyQKb8gpK3QObP,0
7F122563XPvAibaEXe9W7fV/x7qyQJdcv/a2vx7K,0
273F3C32XPvAibaEXe9EUO2qxCH07YfQZ7MY5A1B,2
54A97A5CXPvAibaEXe9EUO2qxCH07QBDoyxB+oH4,1
9E07C94FXPvAibaEXe8zjuWfAVBr9dkwL6dLCwH6,1
AB68F073XPvAibaEXe8zjuWfAVBr9bNXLQe3EvcD,1
382BCEACXPvAibaEXe8zjuWfAVBr9cQalpl5Q/IX,1
82A5C461XPvAibaEXe8zjuWfAVBr9bNlNnYYiajH,1
1F132401XPvAibaEXe+OhmjSj4XEzdj6Iy6B1hVN,1
15D167DAXPvAibaEXe+OhmjSj4XEzSQLCI3erBDu,1
541FF0B5XPvAibaEXe+OhmjSj4XEzU5v9VqAadGo,0
5C03BBC7XPvAibaEXe92Mw4ZEAxz0y7C/nhWwAH1,0
85517F77XPvAibaEXe92Mw4ZEAxz00FpFR/WdtyQ,2
ED1CB4E9XPvAibaEXe/RnFf25EKRr8vq/Fq6FmJh,2
75D30582XPvAibaEXe+M8JaUhbJyeVdIGNt+P1Ll,2
D78C5CEAXPvAibaEXe+M8JaUhbJyefbGwLnKhrRd,0
7CF828BCXPvAibaEXe/7VXm0xgXldHOgoJZ2wtYu,1
1979FE76XPvAibaEXe9wxm0WjsXoKvNa62sDCCGP,1
931BA14CXPvAibaEXe9wxm0WjsXoKj0gFlOKugq0,0
8C7C270CXPvAibaEXe9wxm0WjsXoKubLYbSvyxfG,1
829A6930XPvAibaEXe9wxm0WjsXoKvogSZjqOrmh,1
9FA1AF84XPvAibaEXe9JJ0DEqozv6EHh9Z2rxnaz,2
227FF115XPvAibaEXe9JJ0DEqozv6NtFe6BP95dF,0
B5A7FDCAXPvAibaEXe9KS65t7Tb/qOraYboERH9W,1
1A66501FXPvAibaEXe8o0Tnwwz3u3+4YUN/zv9aq,1
CEE762EFXPvAibaEXe8enouoh243g/fOCF4VnEys,1
801DF1A4XPvAibaEXe8091B3Eu2czKOF2ZheWCS+,1
A6F6F2DFXPvAibaEXe8091B3Eu2czK6H6DuEBpnB,3
94A79F45XPvAibaEXe+dJypLAXKUXx9tmvinQDNg,1
A6B71786XPvAibaEXe+dJypLAXKUX7xdHetp3a1W,1
16A9172FXPvAibaEXe9zGba8fcKEKBzbkXVgMSfE,0
5B6968B2XPvAibaEXe9zGba8fcKEKLU7bxzsmzRq,3
36EFD430XPvAibaEXe9zGba8fcKEKJZz/WjQKnhb,1
124E9567XPvAibaEXe9zGba8fcKEKHC5+kNm2UlP,2
DB565F01XPvAibaEXe9DMENNf4iGctIY5XCw38SB,2
D86BB62EXPvAibaEXe/v5x/h23myCdVDMENwOHHV,0
BA807AC9XPvAibaEXe/A1zCqCr2ya1Ex/bXF1ZFT,1
EAB575CAXPvAibaEXe/A1zCqCr2yayNVcL0naH6W,1
BF133E95XPvAibaEXe/A1zCqCr2ya952CG/NAmcT,1
2424463BXPvAibaEXe++bDwPCni17gL2gGvZqovE,1
3B2B011FXPvAibaEXe++bDwPCni17swH4hP8dV9V,3
F7E24E80XPvAibaEXe8CN9MRovh0mBUkJR73dHmM,0
80FA351CXPvAibaEXe8CN9MRovh0mPhPinh+dczq,3
F298A6EBXPvAibaEXe8CN9MRovh0mO/fWoHs22w6,1
8D5EBFAEXPvAibaEXe8CN9MRovh0mIE2dQw/E+BK,2
3416D220XPvAibaEXe8CN9MRovh0mLY3bVc0kDr6,2
41E95C45XPvAibaEXe88L+jeN4TPm4VR5HvH4X8t,3
3B9BB2F0XPvAibaEXe88L+jeN4TPm0xmMrmhcCjI,1
9459651DXPvAibaEXe88L+jeN4TPm+kq8KkjBzW+,1
DC88F693XPvAibaEXe/Z2D1Qs9UWoCNG/k5FncYF,3
1D01DD31XPvAibaEXe/SouBySQ9Ujxows2aZuoGm,0
1BCFF4D4XPvAibaEXe9XrYsEpevBo/lbV29eoqJe,1
2D14C10DXPvAibaEXe9XrYsEpevBo9IvzkP6Fz7n,1
BEA9EB6BXPvAibaEXe/uPR0E3TEtQs+3alDs0Y8t,2
ED552C61XPvAibaEXe/7BYdCAEGEzQbJ/xizIfvK,0
41362D85XPvAibaEXe/5n/8z7IorIvRYyEwNDI0h,1
15A008BEXPvAibaEXe8X/UxhAbbOG1sG/TbS5k88,1
87A34A6AXPvAibaEXe8FGyuwtFnKnDyhYSSVBiY/,1
3424926CXPvAibaEXe/odi52as1TQ+I//dK7a24K,3
AA8BFDF1XPvAibaEXe/KpP1fV6ua5/4qjixmNVBh,1
DA535D84XPvAibaEXe/KpP1fV6ua5yY+4IoIEWJj,1
894111E1XPvAibaEXe9hweWHK/GxsFXnBnV7+aIZ,1
67D73E5FXPvAibaEXe9hweWHK/GxsAzYBCt3GIbM,0
B441AF59XPvAibaEXe9hweWHK/GxsNIhRVmlbGrk,2
8C88FE6EXPvAibaEXe86ShnmDByrm22zyHZfDrSs,1
8CDADE17XPvAibaEXe86ShnmDByrm/PXR02YOZ+M,0
AE5A100FXPvAibaEXe8bN4Cpfw33orFmHfji9eH2,2
DFA8CE4DXPvAibaEXe8bN4Cpfw33oo5TuX9/fKZH,1
28F6E5E2XPvAibaEXe8UBGVVSBKSkgHdFRn4cEDg,2
923950A6XPvAibaEXe8UBGVVSBKSkqDyKnP1YxDR,2
C8C86771XPvAibaEXe+Y0lGmaTa/AGT+Gva5fk/x,2
CDCD9E29XPvAibaEXe+Y0lGmaTa/AKoACQFkIPOh,3
413BF255XPvAibaEXe+Y0lGmaTa/AIa1iAKZWEji,2
B721B939XPvAibaEXe9Q2McsUcINTscwU/8uZNla,1
E85D6042XPvAibaEXe+F5/cNCOrl8b/YMEsp2Kyo,1
8DBCBC74XPvAibaEXe+F5/cNCOrl8SRUhg2MAqol,1
E8F3AB36XPvAibaEXe+oAybUv81bbh8cI4AooEYz,0
AAFC96E5XPvAibaEXe+oAybUv81bbvkHQLGnwRNe,1
F3E9A687XPvAibaEXe+oAybUv81bboSZ5HfNu9SA,1
1E75DB6EXPvAibaEXe+oAybUv81bbgPXBPqd7H9h,1
92B18E79XPvAibaEXe8srCIvWdWtB5milciC3Vvx,1
59C3B311XPvAibaEXe+SI2uhC5CMEQAiJE0NZF16,0
572B42BCXPvAibaEXe+SI2uhC5CMETdWxVWfkdf2,2
173A83EFXPvAibaEXe+SI2uhC5CMEVbLlvCEBGu/,1
EDA6A06DXPvAibaEXe8CSUzma4ok0hjQSt+u/hF3,1
9DFEA32FXPvAibaEXe8CSUzma4ok0uk+L6PqhSdN,1
F961E698XPvAibaEXe8CSUzma4ok0tkvxLG9WFFB,2
7F3EA9C6XPvAibaEXe9kJ+qYUUrp68Mnh6IGKbmi,1
F4EC67A9XPvAibaEXe9kJ+qYUUrp6xymU8Y70cKq,2
85B8581AXPvAibaEXe9kJ+qYUUrp691e6albNlig,1
88AA1631XPvAibaEXe8G+DN2/i3pr7pHRRX6Ocid,3
0E3515C3XPvAibaEXe8G+DN2/i3pr96Op/wQBqaD,1
D18E8F78XPvAibaEXe8G+DN2/i3pryst66Pf9PYJ,2
9B423392XPvAibaEXe8G+DN2/i3pr9jcYRxSvWUz,2
EC4125D4XPvAibaEXe+EYzJPHISY8+oA9w+dx5gB,1
CFF36184XPvAibaEXe+EYzJPHISY8xDoUhAK+AUU,0
96004411XPvAibaEXe+EYzJPHISY8z7YIqH9o1kz,1
81903267XPvAibaEXe+EYzJPHISY85WjBWVJGi7b,1
EA4C9817XPvAibaEXe/WTR5UGsYutGlWj7FpbQsE,2
DA9E8D2BXPvAibaEXe/WTR5UGsYutJskjpyKElCC,0
E73359BCXPvAibaEXe/WTR5UGsYutB0cajzId3E+,2
33065DEFXPvAibaEXe/WTR5UGsYutCOajmigVrAj,2
8EDF0CBCXPvAibaEXe+eIy6TmCsZu0mu7wa7hWrc,2
1352A661XPvAibaEXe+eIy6TmCsZu+qEHG5QxOAG,1
8851E69BXPvAibaEXe+eIy6TmCsZuzduBAHXYnYj,1
E679EB47XPvAibaEXe+eIy6TmCsZuwhDZyQzJ/il,1
F9F00F9BXPvAibaEXe/7YVAxOsMwOkCUOyzVAIdc,1
F934AFD4XPvAibaEXe/7YVAxOsMwOmFzQTm7dOKr,1
EE124006XPvAibaEXe+x/3KKGWxYH5eE8fYkddOq,3
FA26D15DXPvAibaEXe+x/3KKGWxYH5f+BLhTctEV,0
92D79C05XPvAibaEXe+x/3KKGWxYH9g/4fJgJYs6,1
FE6A40FDXPvAibaEXe+x/3KKGWxYH7Njftr2o+Ld,1
7458C226XPvAibaEXe8E8MfopOpLfj+4Foe6Fn9M,3
BE04727AXPvAibaEXe8OoiZ7Qg2eT9tClu4Cs32M,2
E0C52A16XPvAibaEXe904Wq1lYkfi/ntiwVmPGZr,1
40D2257DXPvAibaEXe9Hp2TeoSwCGTMp/uHWnnOo,3
C805294BXPvAibaEXe8cJKtXZaLmvXmkH+PgfnFb,1
6D8F53BDXPvAibaEXe8cJKtXZaLmvZGbeRUvU9Ym,1
039A40EBXPvAibaEXe/sW+jVmHnQGlexsxcKegMx,1
D40A5224XPvAibaEXe/sW+jVmHnQGrpyj9mM/5XW,1
82778F75XPvAibaEXe93t/fGOsRpn50R4yA7HNuJ,1
E7959B13XPvAibaEXe93t/fGOsRpn/6DkGbVhKDL,1
E16A784CXPvAibaEXe96K1aB3B4cKVqj15x8J3Fa,2
E747458DXPvAibaEXe96K1aB3B4cKQggKDkChiCr,1
461F878CXPvAibaEXe88G96lR9q/HUNPesL1mp7V,3
BFF8DA2FXPvAibaEXe+5AEinM7he3tn9b67IIJsR,2
FDDBDF52XPvAibaEXe+5AEinM7he3h6+DAfh7V1R,3
CDCA87CCXPvAibaEXe/aqMXYDLKHR8zD3iWyQSsf,3
B280054FXPvAibaEXe/aqMXYDLKHRx1deGanA5Uq,1
7605FEEEXPvAibaEXe8808q51BnmQv/RCCjB4N+s,1
962B588DXPvAibaEXe8808q51BnmQv7uo+CT+yEW,1
ED123CFBXPvAibaEXe92C4qaj9kvHzy3ywisWZ4a,2
AD5DDB61XPvAibaEXe97wmuqTYuV7bFPojsU1F+x,1
F0F88E7EXPvAibaEXe97wmuqTYuV7VibsH6BPRXy,3
26504393XPvAibaEXe97wmuqTYuV7f7oqpX5KaC9,1
6E786189XPvAibaEXe9N+b7C2VGPs5hGjFNP9OPe,2
D3C8FCBFXPvAibaEXe9uaaZ/YedHVE2vFI3CwdF0,1
86CD5F66XPvAibaEXe9WgQQLl7rkkx9vDHxmdt93,1
7187D170XPvAibaEXe9xkK/YA3rY8BBJ0g/oZIh3,1
DCD237D2XPvAibaEXe87qJpUsO6V7e5R1OV9ekyj,1
E40D7555XPvAibaEXe+7uLWSh9XvQldFZO++DN6K,0
7485848DXPvAibaEXe/jA2MATe6eKlwHDtOD0oUk,0
A4E61A32XPvAibaEXe8NowY/Kl2AXiRiRmwnPwqa,0
FB534ECAXPvAibaEXe+1RDiCvTMY2QUaH9lUZ24V,1
64C53134XPvAibaEXe+1RDiCvTMY2bz25gXbqec/,2
E427EAFFXPvAibaEXe9Qn7CFN++B78dMKuGcwwpH,2
4DE36E97XPvAibaEXe8l2SPBJihvxYnkaAPjPh1d,2
B23DB363XPvAibaEXe9WkeUltvPYd8Zzs3zqfJ6L,1
2478C65CXPvAibaEXe9WkeUltvPYd2Q6bW3SiUF3,1
B9ECBE24XPvAibaEXe9WkeUltvPYdzkhqjQB91DA,1
290C5D12XPvAibaEXe9WkeUltvPYd4rkf5+/ddTa,3
0B14E0B3XPvAibaEXe9WkeUltvPYd/efXB9DaOem,0
AA7239BAXPvAibaEXe/QWjvABg0+vcRMOi7Pexb1,0
C46CB677XPvAibaEXe/QWjvABg0+vWtBxJQzi3sA,0
F2D1EA42XPvAibaEXe/QWjvABg0+vSYSwpxYK7MB,1
2E586081XPvAibaEXe/QWjvABg0+vaEpgglr5XB5,1
F6C23C59XPvAibaEXe+Cg1ybKXIqQd0FGsqIMRMY,1
F705969AXPvAibaEXe+Cg1ybKXIqQdr5q7mQiiWF,1
E55D8C05XPvAibaEXe+Cg1ybKXIqQVlMMrYchXn3,1
3009A25BXPvAibaEXe+Cg1ybKXIqQXXhprB6g9Ug,3
FC1A94D2XPvAibaEXe+Cg1ybKXIqQeA/OftpYtft,1
C553F9C4XPvAibaEXe+Cg1ybKXIqQdOe89vIYtVC,2
10A3EDAFXPvAibaEXe9Fr9h5GPmfNQRl+8PSRz+N,0
8CBEF78CXPvAibaEXe9Fr9h5GPmfNVZNaQYHjl/G,2
D9BB3C55XPvAibaEXe9Fr9h5GPmfNSs5uQCPivMB,2
A68F4B39XPvAibaEXe9Fr9h5GPmfNYY0KJ8OhRPC,0
97EE4EEDXPvAibaEXe9Fr9h5GPmfNYqQlWvUybbL,2
167C50BEXPvAibaEXe9Fr9h5GPmfNe8atClpIKaN,1
3891E2B2XPvAibaEXe9ylQoUTvcEf/CadHxN20SV,1
D0900A18XPvAibaEXe9ylQoUTvcEfyIIKF8ISijv,1
5AC19186XPvAibaEXe9ylQoUTvcEf9YCn1iyjFqq,2
820D4115XPvAibaEXe9ylQoUTvcEfwP2rEGTClQb,3
BA19812BXPvAibaEXe9ylQoUTvcEf64rr2RQMslk,1
18279134XPvAibaEXe9ylQoUTvcEf/9dRtjhy1Ex,0
A0C64F2EXPvAibaEXe9ylQoUTvcEfz/eIvektpn/,1
DCA99493XPvAibaEXe9ylQoUTvcEf7NXDvfxKAPm,3
B4167F8DXPvAibaEXe9ylQoUTvcEf5HMy8uwZhWE,1
8ED1C83FXPvAibaEXe8l2SPBJihvxQ34CvmO4GN8,0
0FD955E7XPvAibaEXe9WkeUltvPYd31w2pNQgTBO,1
D5B5048BXPvAibaEXe9WkeUltvPYdyooJ2jIdJbg,1
D1798717XPvAibaEXe/QWjvABg0+vSlIbzlE3m0j,3
B758F596XPvAibaEXe9ylQoUTvcEf7/gGXpJTyf/,1
103EED48XPvAibaEXe8at9gGXzJnLxDdchcOJNCQ,2
03B3F65FXPvAibaEXe+QJ0MB5TsYNe5nyw6HufAr,2
162C363AXPvAibaEXe/Fuy4XnWnIVtR8zUj+Th6H,1
D1EB811AXPvAibaEXe+QJ0MB5TsYNZPQXn4jywG3,0
A1405B15XPvAibaEXe/Fuy4XnWnIVoGNENhdieJc,0
FA9197C5XPvAibaEXe/Fuy4XnWnIViS1uOnuBvwa,1
90EFD004XPvAibaEXe8at9gGXzJnL15B7Ko/vsbJ,0
D5D35456XPvAibaEXe8at9gGXzJnL9E+t7e1J2jN,2
CBBBFABBXPvAibaEXe8at9gGXzJnL8bRZxskX4x7,0
DA80B340XPvAibaEXe8at9gGXzJnLyGN7FYOAOGc,3
3D79068BXPvAibaEXe8at9gGXzJnLzPgEitHSMja,3
C2F139E4XPvAibaEXe+QJ0MB5TsYNSs6tMIHcKb5,0
1C4AAF04XPvAibaEXe+QJ0MB5TsYNbbQOOvu67gx,1
8D0FEB72XPvAibaEXe+QJ0MB5TsYNT16DxEfe5jF,1
C445173BXPvAibaEXe+QJ0MB5TsYNZapXQgTqn6M,1
548C5DADXPvAibaEXe+QJ0MB5TsYNTbaUaEddHcV,1
CDD51D05XPvAibaEXe+QJ0MB5TsYNT8x/76McCl7,1
6F49DE26XPvAibaEXe+QJ0MB5TsYNaHg8mArKlwW,0
D5AD99EEXPvAibaEXe+QJ0MB5TsYNYRb40UxjZU2,2
C0986690XPvAibaEXe+gnarChABWR9IGHRHJKOGm,2
C02CF481XPvAibaEXe/Fuy4XnWnIVgVC7WI0RZdZ,2
917FCF7DXPvAibaEXe/UEORkxzaGRmTEalo+MBsz,0
106E25FAXPvAibaEXe/UEORkxzaGRjNSKcBBpZqi,1
007B0A19XPvAibaEXe/UEORkxzaGRmODz65jligT,1
7D2F75ECXPvAibaEXe/UEORkxzaGRt7GYUvVBfAJ,1
8D0A1703XPvAibaEXe/UEORkxzaGRrK6igcA3kXc,1
E6B8A8B8XPvAibaEXe/UEORkxzaGRiQzq1qynYfe,1
526B3062XPvAibaEXe/UEORkxzaGRu+FmmfKnyjt,2
C32C7BA0XPvAibaEXe/UEORkxzaGRqgeqLoIQ03m,1
D0C43887XPvAibaEXe/UEORkxzaGRvH729v03CJO,1
9D448F98XPvAibaEXe+gnarChABWRysdIP7IEP0F,2
9722BA43XPvAibaEXe+gnarChABWRzHDy71n6vm3,0
E37B68B8XPvAibaEXe+gnarChABWRwCSHGrk1302,2
304B00D5XPvAibaEXe+gnarChABWR/z4bfwqDoe3,2
A74854AAXPvAibaEXe+gnarChABWR3Hp8ZnfbVa3,3
BD92FBB3XPvAibaEXe/HUuIVo8uCRySjdHHjLJmc,2
E5F82156XPvAibaEXe+gnarChABWR8haLmVTArT4,1
1915C952XPvAibaEXe9pXJcjrAt8XgQQIKKiq6CU,2
3CA34866XPvAibaEXe9pXJcjrAt8Xg1j3jOTybtN,2
0F7EEFB9XPvAibaEXe9pXJcjrAt8Xkz67E7kkuBe,1
7F545E8AXPvAibaEXe9pXJcjrAt8XvrJ5qyJ0OB7,0
2AE2FB4FXPvAibaEXe9pXJcjrAt8Xi98xlhrFTcD,2
BF1AB540XPvAibaEXe9xLM9bjmqfKQTEaW2p44jp,1
4183AECFXPvAibaEXe9xLM9bjmqfKTq9kSFhSLFk,1
9379AB57XPvAibaEXe9xLM9bjmqfKXeTPW2UEZHG,1
D5CCC0F0XPvAibaEXe9xLM9bjmqfKXYiG4DipNYr,3
0C71A94EXPvAibaEXe9xLM9bjmqfKT49uL0KYOwB,1
7CF26F2BXPvAibaEXe9xLM9bjmqfKdxrlF6JoAGL,0
2CA947ACXPvAibaEXe/pmLsWv14ojMyU+5ticpUd,1
724F7146XPvAibaEXe/pmLsWv14ojP00RdO2oF3i,1
2BD83939XPvAibaEXe8aLAPPdCF+ab5Qir1cOh2E,1
1989DF6BXPvAibaEXe8aLAPPdCF+aU29jWrMjGjR,1
FF2B0298XPvAibaEXe8aLAPPdCF+aTPvFnkIIR2h,2
97132B91XPvAibaEXe8aLAPPdCF+afPSzj+EDxIb,1
2F032953XPvAibaEXe8aLAPPdCF+aRc54eiBIV8i,1
E1769B7AXPvAibaEXe8aLAPPdCF+aQTSElh9wslA,1
01C3E360XPvAibaEXe8aLAPPdCF+aQPfV91kc+Cb,3
D1980F9EXPvAibaEXe8aLAPPdCF+aTvM4M7QGOoM,1
9E83FE11XPvAibaEXe8aLAPPdCF+ab+0ZnouY9R5,1
F8700482XPvAibaEXe+uWtCFQV0fxqnF/HE4xzaP,2
F32AFC18XPvAibaEXe+uWtCFQV0fxokiPEGg8CUw,3
61ACD9BCXPvAibaEXe+uWtCFQV0fxkmgFSfODV/Z,1
DF441F9AXPvAibaEXe+uWtCFQV0fxuKhXglwXs/f,0
7FC289D3XPvAibaEXe+uWtCFQV0fxq9jgUKt3P5j,1
DDC50740XPvAibaEXe+uWtCFQV0fxrVbThib+Xc/,2
FB9822AFXPvAibaEXe+uWtCFQV0fxlVLAh2p1ZNU,1
89E56E60XPvAibaEXe/V92w6Vxv2r0SOzpUAZF67,1
023D2F97XPvAibaEXe/V92w6Vxv2r1UinrIdobJ6,1
AB30F4E5XPvAibaEXe/pmLsWv14ojKR8X5RI+rjc,3
6861BF4CXPvAibaEXe/pmLsWv14ojKDv120AX0kS,1
57305443XPvAibaEXe/pmLsWv14ojN8fx+Ik4WYG,1
29397256XPvAibaEXe/pmLsWv14ojGsWCnxESKnY,1
FF54C8C8XPvAibaEXe/pmLsWv14ojH0Opn2siRww,1
20B58E2BXPvAibaEXe/pmLsWv14ojCr/XGzatCTI,2
5E25B4D2XPvAibaEXe/HUuIVo8uCR4Acls4e/3zp,1
28FFB16BXPvAibaEXe/HUuIVo8uCR6f4HDAjMdvh,3
E99B4516XPvAibaEXe+7yjglV2dMp14jHOvPpiw5,0
245D651DXPvAibaEXe+7yjglV2dMp37yjsVNdOem,1
AC3C3563XPvAibaEXe+7yjglV2dMpxvY8/uqlpQv,1
A2FE1EF8XPvAibaEXe+7yjglV2dMpx1YH9n5GoAH,3
DC9C2CEFXPvAibaEXe8KuJNEATWS8zNCMUQUSEic,1
ACA90BDAXPvAibaEXe8KuJNEATWS854lYBCBQnDQ,2
1EA57FE2XPvAibaEXe8KuJNEATWS84Upb9tIcBqb,2
3439D750XPvAibaEXe8KuJNEATWS8/xq/4VFqj5V,1
2A2D8E6CXPvAibaEXe8KuJNEATWS89b4oRpsL96o,2
7BE7D291XPvAibaEXe8KuJNEATWS80iNHGAraG77,1
C9BEB6A8XPvAibaEXe8KuJNEATWS84w0Y44DwljL,1
1DCED280XPvAibaEXe9xLM9bjmqfKYG/9frc8157,2
D59F3FAFXPvAibaEXe/HUuIVo8uCR/Smep4rDOdM,1
D1CFC6CAXPvAibaEXe90TjJq9LqiZhAuoWTvnAKA,1
3C5CB872XPvAibaEXe90TjJq9LqiZgr37AjlEGA5,2
049B1D99XPvAibaEXe+7yjglV2dMp28RxoCMvatp,1
1941089BXPvAibaEXe9pXJcjrAt8XkifgfLjSfvv,0
896173C1XPvAibaEXe90TjJq9LqiZsYyWLyI4Nej,1
9FBDC99CXPvAibaEXe90TjJq9LqiZvk4gBhJjEjR,2
7E1C7713XPvAibaEXe90TjJq9LqiZnDBhKzMxQ18,2
61226703XPvAibaEXe90TjJq9LqiZsU53E5dcTWw,2
E1FBB080XPvAibaEXe+7yjglV2dMpwLQU6RDaEfR,0
CBB8EC0AXPvAibaEXe+7yjglV2dMpwUdYqYpKaue,1
3C5FCE3AXPvAibaEXe9ggqkCdMDyeAp47eTlPNvF,1
F05F6721XPvAibaEXe9ggqkCdMDyeDukswKmt5gh,1
0294BF8FXPvAibaEXe9ggqkCdMDyeA7ept6yymJB,1
3392F3C3XPvAibaEXe9ggqkCdMDyeMmQDY/Nqerm,1
87E26E7CXPvAibaEXe9ggqkCdMDyePFxykVw7NI9,1
93E546D4XPvAibaEXe90TjJq9LqiZkfhp06uUoQI,3
BEF1DAABXPvAibaEXe90TjJq9LqiZtLPBTY/sKxr,0
EB356F7AXPvAibaEXe90TjJq9LqiZiZ3rmlqN9SM,1
35C8FA21XPvAibaEXe/V92w6Vxv2r0/0qXvgwQw1,1
0A908E06XPvAibaEXe/V92w6Vxv2r+Oj7xXUTRvt,2
E064615BXPvAibaEXe/V92w6Vxv2rzYYwjO50NBd,1
7C2BCC03XPvAibaEXe/V92w6Vxv2ryA/h/0ZZ6/Q,1
BF6115D2XPvAibaEXe/V92w6Vxv2rweaGdz0WwNz,1
A33B228DXPvAibaEXe/V92w6Vxv2rwJGjWvvIlr5,1
0419426CXPvAibaEXe/EvmuerN6w1BIIPdWHHov2,1
1B2F2A42XPvAibaEXe/EvmuerN6w1FWlBBiixMH1,0
C3184A42XPvAibaEXe8zDsaHJ0+9rVTTu+ugxNcW,0
32EB8611XPvAibaEXe8zDsaHJ0+9rRdmlJDdktRf,1
8D460FCAXPvAibaEXe8Vh+AQMuj+NKSEjWRw7WhC,2
E2F4828AXPvAibaEXe8Vh+AQMuj+NEAL3k5XqVlt,0
E64CBFE4XPvAibaEXe/AdnwkoyhfDpgHynAQnBAo,1
F2449D67XPvAibaEXe/AdnwkoyhfDkqxTK84Dj06,2
9A85ADE5XPvAibaEXe/V92w6Vxv2r1BD12TPz32x,1
2806A650XPvAibaEXe/EvmuerN6w1BqpmgVv4ERT,1
4231C089XPvAibaEXe/EvmuerN6w1F2RepQUx5nM,1
DFD92514XPvAibaEXe/EvmuerN6w1CgmhEYUI2B5,1
FEF432B0XPvAibaEXe/EvmuerN6w1BP827OBqePo,1
E8E4ADB2XPvAibaEXe/AdnwkoyhfDsgpoaEF+gFF,1
CB71DFB6XPvAibaEXe/AdnwkoyhfDrUsMP8M6ihS,3
D61C493EXPvAibaEXe/AdnwkoyhfDsoXAR3dwYyy,0
70A055E8XPvAibaEXe8IGiiWauHvTFPoYAmvDvZG,2
00D42116XPvAibaEXe8IGiiWauHvTNlYh1/nN8rw,1
33529612XPvAibaEXe+QkoGRj4DtvZlyRg2uGFzc,1
FFA60AE3XPvAibaEXe8Vh+AQMuj+NNj47wSDJ4ja,0
671D09FAXPvAibaEXe8IGiiWauHvTHz2ZSMV7PKN,1
111806E3XPvAibaEXe8IGiiWauHvTC9XSEKDxAv0,2
2FCD54FBXPvAibaEXe8IGiiWauHvTA2iWNEDvSOo,0
AE129972XPvAibaEXe8IGiiWauHvTP69gntNs7/U,0
4D410C34XPvAibaEXe/Y5MNhmO/7o82QL5PF3tBn,0
07B456DFXPvAibaEXe/Y5MNhmO/7o4jqDhK0hPph,1
DE32772DXPvAibaEXe/Y5MNhmO/7o2+fMFYWsbNO,0
1BFB1596XPvAibaEXe/Y5MNhmO/7o9Gp9slhg//H,3
9FC79249XPvAibaEXe/Y5MNhmO/7owSo+9bSoRKo,1
BA3F04AAXPvAibaEXe/Y5MNhmO/7o1v7arYEHpJ2,3
5B282C28XPvAibaEXe/Y5MNhmO/7o/iHPWsBOWfs,2
F3DB9435XPvAibaEXe+QkoGRj4DtvUmMz3EgTQRQ,1
6C6D234DXPvAibaEXe+QkoGRj4DtvaROcb5sBGft,2
912F91F3XPvAibaEXe+QkoGRj4DtvQ4QKf3X6sSh,2
899E3339XPvAibaEXe+QkoGRj4DtveUbf2tVOLSI,1
AD845992XPvAibaEXe+QkoGRj4DtvabYFVVtLgiL,1
991C7EF2XPvAibaEXe+QkoGRj4DtvbxmWD4WfH69,0
578B2F2BXPvAibaEXe+QkoGRj4DtvZJc9kxK/Phc,0
84E78EF7XPvAibaEXe/AdnwkoyhfDuNWqr7keeGm,2
0188BAD2XPvAibaEXe/AdnwkoyhfDtYg0Faie5sR,2
E79D21E8XPvAibaEXe/AdnwkoyhfDkUBKZfsFZ+u,0
09DE3A51XPvAibaEXe/GEP39G15BdRSEDU3D3+LV,2
899433F3XPvAibaEXe/AdnwkoyhfDsN/LeUkzX3g,1
7DDCA389XPvAibaEXe8zDsaHJ0+9rWXYpAw5NiAo,1
4F4330A5XPvAibaEXe8zDsaHJ0+9rZlfithDysPs,2
CAFDB130XPvAibaEXe8zDsaHJ0+9rT+zHC169stm,0
305CB305XPvAibaEXe8Vh+AQMuj+NLxffn/dEZei,1
02784045XPvAibaEXe+72vl6t/d8GVXw6d/9TNFr,2
81210C39XPvAibaEXe+72vl6t/d8GS91bhcSkmKu,0
A53D5D4FXPvAibaEXe+72vl6t/d8Gbt+1SS7EteW,1
CA826B07XPvAibaEXe+72vl6t/d8GfWZgU0yCPaN,1
B679343BXPvAibaEXe+72vl6t/d8GeNfo9UQHH07,2
ED969016XPvAibaEXe+72vl6t/d8GRNRptD8pZn8,0
6640F43CXPvAibaEXe+72vl6t/d8GdibOPd9wvKm,1
DA4597F8XPvAibaEXe+7uJh0aD4oAtEza4fOV9BV,1
32088267XPvAibaEXe+7uJh0aD4oAv7g7bnxSiTC,1
692AE086XPvAibaEXe+7uJh0aD4oAhdF11ZV7Cz8,3
0F6668CEXPvAibaEXe+7uJh0aD4oAsBvKJEEQ3Jm,1
C57ED5F5XPvAibaEXe+7uJh0aD4oAjZmKjOK7gtn,1
00682F91XPvAibaEXe+7uJh0aD4oAh9STIRScEd+,1
A903C3F7XPvAibaEXe+7uJh0aD4oAhBqCJ/9HyvM,2
487CF06DXPvAibaEXe+7uJh0aD4oAt7gpl4iyu3j,1
D3E077ABXPvAibaEXe8dsW93DhIODD5TMSoUN1Zk,1
167B8EDEXPvAibaEXe8dsW93DhIODNXcaPetSzPj,1
50E79C84XPvAibaEXe8dsW93DhIODGX66c322//9,0
79A89A60XPvAibaEXe8dsW93DhIODNA2OSbjNVuN,1
1045A78EXPvAibaEXe8dsW93DhIODCnZ4iYHgwM/,3
76B50993XPvAibaEXe8dsW93DhIODMZ9s3zzOYkv,1
D45EE891XPvAibaEXe8dsW93DhIODOUn2gxjGeSU,1
78FAE6ABXPvAibaEXe8dsW93DhIODLU+ns5VjCNp,1
4449244CXPvAibaEXe/GEP39G15BdTcc/iK+p4eZ,1
A324FFF5XPvAibaEXe/GEP39G15BdTMUzs3saN4K,1
2B890001XPvAibaEXe/GEP39G15BdYeM33SDYYGu,1
C4743344XPvAibaEXe/GEP39G15BdRHnJnxt9Z2e,1
BE5E845EXPvAibaEXe/GEP39G15Bdb/xeUNYMTLD,1
8A04A97CXPvAibaEXe/Nq24Gaz1feYj1jfdRQZcD,1
7C27796CXPvAibaEXe8Vh+AQMuj+NP0pHPOXtPSz,1
23EA37C8XPvAibaEXe8Vh+AQMuj+NFnH6dFzEKue,2
52A66AADXPvAibaEXe8Vh+AQMuj+NMDeF7chRmH0,1
35625D29XPvAibaEXe/GEP39G15BdYR2wRvPRcrC,2
2CC3FDDFXPvAibaEXe/Nq24Gaz1feXbB6TopRdcU,1
8B68B2B6XPvAibaEXe/Nq24Gaz1feQIOYs4ndO2L,1
EE06D60CXPvAibaEXe/Nq24Gaz1feT3UfTc6pFUf,1
7D75D845XPvAibaEXe/Nq24Gaz1febpA/AVUAivH,2
BD981345XPvAibaEXe/Nq24Gaz1febHS3AYx9QnU,1
F19381D9XPvAibaEXe/Nq24Gaz1feSmFuk6hkLNx,3
57924695XPvAibaEXe/7kKaS8/f9RcVEFm8cdczb,3
18E1B067XPvAibaEXe/7kKaS8/f9RSA1bIq8pV8V,2
9D2E9ABEXPvAibaEXe+t618nkWP4eYOJG9NVeUVr,1
E68EF532XPvAibaEXe+t618nkWP4ecLwQhP+zte9,1
6E4C2765XPvAibaEXe+t618nkWP4eVl9C1gP1l1X,1
5C204073XPvAibaEXe+t618nkWP4eYQUhRFA8+iG,0
89BBFB7DXPvAibaEXe+t618nkWP4eTlouiqlUV5h,1
A170A91EXPvAibaEXe9zES3Ot4N4SEsdbFx0z4oz,1
609F9309XPvAibaEXe9R53Fu3buHyTgw/++uttLg,1
43E341BBXPvAibaEXe9R53Fu3buHyTBBFLIYMoli,2
A40A7606XPvAibaEXe9R53Fu3buHyd+UeFckLysT,3
1255E163XPvAibaEXe9R53Fu3buHyXAPF0RS0FNs,1
7119F460XPvAibaEXe9R53Fu3buHyWJM4aFgfFhf,1
00E4A623XPvAibaEXe8qgRlcblbl2vnFrpB96HIM,1
383C1E93XPvAibaEXe8qgRlcblbl2reK2ooH3F5F,2
2E0BC7EAXPvAibaEXe8qgRlcblbl2hBtD1TgWK6U,2
F885D62BXPvAibaEXe8qgRlcblbl2riD7D3JqW+s,1
FA596B82XPvAibaEXe8ElCvsRaR7d+NmhBfMVE3P,3
DF69FEF6XPvAibaEXe8ElCvsRaR7d/fc0gk2uxRB,1
BEC0DDF4XPvAibaEXe8ElCvsRaR7d0aNg1GBinGA,1
DA2A3DC3XPvAibaEXe8ElCvsRaR7d1DAGVbnyg86,2
3D4925DEXPvAibaEXe8ElCvsRaR7dzQpSbjRCeNE,1
A14A1B37XPvAibaEXe8ElCvsRaR7d/BWdwKDGmOQ,3
11915293XPvAibaEXe8ElCvsRaR7dwrp343Arzsz,2
A99ACB92XPvAibaEXe8ElCvsRaR7dxJMRuag23Ya,1
134D7956XPvAibaEXe8ElCvsRaR7dxA6+OKgOQMj,2
8D8B2A65XPvAibaEXe9zES3Ot4N4SMtTPq8b6O8M,3
E4588B1FXPvAibaEXe9zES3Ot4N4SBvgjiWTE3Oa,1
50F68137XPvAibaEXe9zES3Ot4N4SDYvw3WFuu7s,1
CBC11CCAXPvAibaEXe9zES3Ot4N4SHsdTF3r7jFx,1
8D95D160XPvAibaEXe9zES3Ot4N4SMQO7XuvUQzq,2
B30A613FXPvAibaEXe9zES3Ot4N4SKKBsBRX9JUl,0
EB8B0003XPvAibaEXe/Nq24Gaz1fefBxfdHO6wr5,3
A67BA68AXPvAibaEXe/Nq24Gaz1fecTNHgCxMI35,1
63E8277EXPvAibaEXe/7kKaS8/f9RWfXR6mDAAbe,3
8F61E244XPvAibaEXe/7kKaS8/f9RfRbwE7tRwPi,1
C83F9C5FXPvAibaEXe/7kKaS8/f9RbtZXklFhzZ+,1
8A87E2E9XPvAibaEXe/7kKaS8/f9RX3MJcaQY8O7,1
75E56382XPvAibaEXe/7kKaS8/f9RSALtutvmMiK,0
3186A744XPvAibaEXe+t618nkWP4ef5f2AtNeqFx,1
DAFB4AD8XPvAibaEXe+t618nkWP4eSGoaS3EepRz,3
CE44634CXPvAibaEXe+t618nkWP4eeHt1fC2+cyn,0
31A53F3CXPvAibaEXe9R53Fu3buHyTJgSsSF63Cj,1
F6F6AEC8XPvAibaEXe9mNMzpS14Vge+UeuNdrsB5,1
4E7D2DD6XPvAibaEXe9mNMzpS14VgRnJfufOukAE,0
B704384EXPvAibaEXe/V63KvIWwakP4oRAIZY/x8,1
2A00DEB4XPvAibaEXe/V63KvIWwakH2c4+47rvAQ,1
ED65A12FXPvAibaEXe/V63KvIWwakO6bbK/9qG4A,2
3DB0E77AXPvAibaEXe/V63KvIWwakANLSPUgdEXQ,1
9DE68ECCXPvAibaEXe/V63KvIWwakHYgQNbwg3g5,1
713E3AABXPvAibaEXe/V63KvIWwakNVf8OW+bdlu,3
B007E6B8XPvAibaEXe/V63KvIWwakIu4QGv0gtet,1
D4F6703AXPvAibaEXe/ceziXFRXnLWAzwrYXBrk+,2
D9BE11D2XPvAibaEXe/ceziXFRXnLfMwrZ1+0wEL,1
FFEF294AXPvAibaEXe/ceziXFRXnLc/x/K0hVw4d,1
44C666C0XPvAibaEXe/ceziXFRXnLeO+qPrMEq6E,3
2C2D5C8AXPvAibaEXe/ceziXFRXnLdnZSuGNUQeB,2
495BCDA2XPvAibaEXe/ceziXFRXnLZbseLbYa6Mz,1
887C78CFXPvAibaEXe/ceziXFRXnLYhIfEa9tSAc,2
899AAD5AXPvAibaEXe/ceziXFRXnLapg3OQJSo8g,1
B0CC6F29XPvAibaEXe+3hDjf+K3BYWdL+rO06e2+,1
EC5DC80CXPvAibaEXe+3hDjf+K3BYSR/uKRz8hHl,1
B742F005XPvAibaEXe+3hDjf+K3BYYo/DWnzPahg,2
121BF050XPvAibaEXe9mNMzpS14Vgd5LRnFi5Ayv,2
A861ED39XPvAibaEXe9mNMzpS14VgS2CmfP7SeeV,1
104A822DXPvAibaEXe+3hDjf+K3BYW+15VeM7Me1,1
3865C800XPvAibaEXe+3hDjf+K3BYc4C0x5gs0MP,0
74CE395EXPvAibaEXe+3hDjf+K3BYasmxd4ftAHc,2
E8F07A6AXPvAibaEXe+3hDjf+K3BYcXmS2At8CoT,1
89B42F8CXPvAibaEXe8GdASsTPmlXuVxQ3YAx0j4,3
5620CB58XPvAibaEXe8GdASsTPmlXj1JoELIu63e,3
A6AE1870XPvAibaEXe8GdASsTPmlXick3KTtN5Vy,2
6591330AXPvAibaEXe8GdASsTPmlXgZOK2J9nbPJ,2
4D86FD87XPvAibaEXe8GdASsTPmlXnlohi6oSFaz,1
7456E9D8XPvAibaEXe8GdASsTPmlXjczFgrYU7rc,1
3ACB2315XPvAibaEXe8OnqoI053Gr8RLe5Wfco/Z,1
65734E47XPvAibaEXe8OnqoI053GrzKFsyBMIQrP,1
601E8013XPvAibaEXe8OnqoI053Gr449l5JOunm0,2
55F9C6A9XPvAibaEXe8OnqoI053Grw5TsPBVTGtQ,1
740E4B8EXPvAibaEXe8OnqoI053Grz8z+1QjWimj,0
86DB68FDXPvAibaEXe8OnqoI053GrzTBy9VWhJXs,2
4A7A493CXPvAibaEXe/pnXUIwMJHJikmN2NyncOk,2
A260B855XPvAibaEXe8OnqoI053Gr5YCxnGAD5So,0
1141598AXPvAibaEXe/pnXUIwMJHJoKjMft6e6Oo,3
0AAA839BXPvAibaEXe/pnXUIwMJHJvaSCkrHWZjB,2
BECA9DD4XPvAibaEXe8Dld2HmzmH+j+OpDeXuvRQ,1
0EBD2D4AXPvAibaEXe8Dld2HmzmH+uu6jESzN4z+,1
08067641XPvAibaEXe8Dld2HmzmH+mZhc7UPJjE8,1
0530224EXPvAibaEXe8Dld2HmzmH+kCtWglGcaLd,0
9B54EA8BXPvAibaEXe/pnXUIwMJHJnzL79TUFr3p,0
6C8CB8AEXPvAibaEXe/cJxaw79CIvsPMGv22kvov,0
CEB7CC02XPvAibaEXe/cJxaw79CIvlNSoCUmIatO,1
B5891C09XPvAibaEXe+NDJhRHiaomT/aJ852h3a/,1
F9C8DA26XPvAibaEXe+NDJhRHiaomfBCiFxVw7ae,1
30A07547XPvAibaEXe+n07P56kWx2O4B+boxfwzb,3
551BB76DXPvAibaEXe8Dld2HmzmH+vlX51OM4Epg,2
76A2CA8EXPvAibaEXe+NDJhRHiaomW24lZIR3xkd,1
CFDDE35FXPvAibaEXe+NDJhRHiaomaX90i05T/K9,1
BDCE7C9DXPvAibaEXe8Dld2HmzmH+k2xk9z4U097,0
1D2EBBF6XPvAibaEXe8Dld2HmzmH+pW99LMi9Yne,1
17F84597XPvAibaEXe9g6r/97VInJoJQ9dYeW0kE,1
A06F4414XPvAibaEXe9g6r/97VInJnQU2YJ+025t,2
80EB2FFFXPvAibaEXe9g6r/97VInJkZhfYdS0/r3,0
F4373100XPvAibaEXe9g6r/97VInJo+7wxmHnFOz,1
B97EEE48XPvAibaEXe9g6r/97VInJj0SLnEIFUtQ,1
9FBEECF0XPvAibaEXe9g6r/97VInJsYVp6L0VCl5,0
D2AB244AXPvAibaEXe9g6r/97VInJjPBMCQmmjw4,1
7CA35A03XPvAibaEXe/cJxaw79CIvjnf7zwNLUZO,3
19899493XPvAibaEXe/cJxaw79CIvq3BC+NrhX2u,1
25742566XPvAibaEXe/cJxaw79CIvjZjlw83wBfz,1
E37AE98EXPvAibaEXe+NDJhRHiaomdZa9HiA706h,2
1B2CCFD7XPvAibaEXe+NDJhRHiaomecvRuEmD++5,3
7484D879XPvAibaEXe+NDJhRHiaomYTMHnm7puPS,1
7362CAB3XPvAibaEXe+NDJhRHiaomdFxCDca2lH0,1
74A4B9E8XPvAibaEXe8p7+QBLh7hjs6sryEWMU55,2
CD3E9989XPvAibaEXe8p7+QBLh7hjki+PVAwzXyD,2
9577AC14XPvAibaEXe8p7+QBLh7hjoOVbWMt5lBb,2
B698E6B2XPvAibaEXe8p7+QBLh7hjgQM1ScW0u/i,2
C08EEC0CXPvAibaEXe8p7+QBLh7hjqgWADchMJ+a,1
9BC796FFXPvAibaEXe8Dld2HmzmH+k+uoMH5x/06,1
121674AAXPvAibaEXe+n07P56kWx2G0ogfLgphPa,1
F513DAEAXPvAibaEXe+n07P56kWx2LPMcFxydvz/,0
2299CFF3XPvAibaEXe+n07P56kWx2GlYY2Fq2Hym,1
6F8BB383XPvAibaEXe+n07P56kWx2Lc0LyLQom6D,1
7CFB419AXPvAibaEXe+n07P56kWx2MdC5TJy2BzY,0
F170F0F4XPvAibaEXe+n07P56kWx2McktnV+cXXB,1
001E045BXPvAibaEXe+n07P56kWx2N6EoOCUJBA4,3
AA44CAFAXPvAibaEXe+VxRd54HULE377kp8MQ8zs,2
8103E225XPvAibaEXe8b36blNCVklW5O7YWCCp/A,1
6F5E2292XPvAibaEXe+VxRd54HULE7HsanS3Y08W,0
ED48A9E7XPvAibaEXe8n5o9RyAxUM4PXiL843XXo,1
2F08EC9FXPvAibaEXe8n5o9RyAxUM3aBupqFlqra,1
CE6392C6XPvAibaEXe8n5o9RyAxUMwoWuLWJmgrv,1
605298BBXPvAibaEXe8n5o9RyAxUM+h2Lm6CnNKO,2
8646B3F5XPvAibaEXe8n5o9RyAxUM2xQqrHCbibu,2
B16D2C6CXPvAibaEXe9+m/oQf3Tjz8vRbldHlE/B,1
A6CD7132XPvAibaEXe9+m/oQf3Tjz2YktXXV8oIh,1
1AA2B660XPvAibaEXe9+m/oQf3Tjz9fpkuqH72MT,0
B4837441XPvAibaEXe9+m/oQf3Tjz8/jJSnoPRLT,1
2B2263BAXPvAibaEXe9+m/oQf3Tjz1l76/nzM+22,2
6ABC72F1XPvAibaEXe9+m/oQf3Tjz2YG54BF7DRh,2
434235F5XPvAibaEXe9+m/oQf3Tjz1IEFjyWfdZG,2
A23DA9F1XPvAibaEXe9+m/oQf3Tjz85PFXWNpZkh,2
4D601BDAXPvAibaEXe+m4TIigwhBB1hzk5BdLwHT,0
88CBF05FXPvAibaEXe+m4TIigwhBB4pruSpBy5JO,2
69D4BAA3XPvAibaEXe+m4TIigwhBB70jmYk7DWDj,1
1341EFFDXPvAibaEXe+m4TIigwhBB1SEozhT0EVe,1
CF3A0D0CXPvAibaEXe+m4TIigwhBB5yeFg7iU9MC,2
987683C0XPvAibaEXe+m4TIigwhBB0ZGoiAQscxl,0
A23CA93EXPvAibaEXe+m4TIigwhBB0yIkJIT7OK8,1
B029BA21XPvAibaEXe+m4TIigwhBB+O2m0Ad4aFq,1
4376A42BXPvAibaEXe+VxRd54HULE/dFOGKC67G1,1
23D70D65XPvAibaEXe8n5o9RyAxUM7AKQAkbJi4E,3
543426BEXPvAibaEXe+VxRd54HULE8miOMkDoWRM,1
937A6DF0XPvAibaEXe+VxRd54HULE8Eqd9xXqyHH,1
651BAE3AXPvAibaEXe+VxRd54HULE4+Spvojj+RY,1
854DCE91XPvAibaEXe+VxRd54HULEx9Z17eOqRWj,1
21A6EABBXPvAibaEXe+m4TIigwhBB1eIGTZG5HR0,1
FA9A928FXPvAibaEXe+VxRd54HULE4Z76Jaa4IMD,2
320B951DXPvAibaEXe8b36blNCVklRDcN/awSZaK,3
86C0AEB2XPvAibaEXe8b36blNCVklTWz8zQtWBf/,0
AB38FE2AXPvAibaEXe8b36blNCVklRgGZi8lvbg3,1
C3264F1FXPvAibaEXe8b36blNCVklb0ThGhw7Q6Q,2
DE67562FXPvAibaEXe8b36blNCVkledWAXEZlz0d,3
612D917CXPvAibaEXe8b36blNCVklegiVIu311zg,1
7A8B1A8AXPvAibaEXe/4WyTnp6RTwn3NER+CHPX8,1
96529AF5XPvAibaEXe/4WyTnp6RTwunT9oJNvneX,0
F4312684XPvAibaEXe/4WyTnp6RTwslVYbqxXfeU,1
F02465F1XPvAibaEXe/4WyTnp6RTwjqMD+2I/7zt,0
A3A77666XPvAibaEXe/4WyTnp6RTwi1hkjCNtuCX,2
51E51137XPvAibaEXe/4WyTnp6RTwmbVXpbZKSgH,2
67D96DACXPvAibaEXe/4WyTnp6RTwtpIjPgCAODs,0
7385ED20XPvAibaEXe/4WyTnp6RTwnQwBhvFB3CV,2
0463ACC3XPvAibaEXe+Ps8zYokGtSapa8Xbcuvzs,1
E13A60B7XPvAibaEXe/iGey/Hml5uk2wHHYz1nCy,2
EBFAF43FXPvAibaEXe/iGey/Hml5usiIH6gpBvGO,1
8B568DA0XPvAibaEXe/iGey/Hml5ul4JptKf6cgz,0
245799E9XPvAibaEXe915NmCViXOMOsXJEuDBWev,1
BF0F7ABBXPvAibaEXe915NmCViXOMM3ldr4t2Ekg,0
E133FBD9XPvAibaEXe915NmCViXOMHhiIi1WBaWv,1
AF041B0EXPvAibaEXe915NmCViXOMF4T+4qOc/vo,2
052DD070XPvAibaEXe915NmCViXOMIckuNlCM3i6,1
80603101XPvAibaEXe+Ps8zYokGtSWWSdKd2DDTs,2
87F62987XPvAibaEXe+Ps8zYokGtSZkFVqbmiPq6,0
5D6370E0XPvAibaEXe+Ps8zYokGtSUmFCTAIXb3S,1
F5BD9AE6XPvAibaEXe+Ps8zYokGtSfj6oGI6vbP/,0
B0BC13D2XPvAibaEXe+Ps8zYokGtSZ53OK69hCQB,1
8A60FBCBXPvAibaEXe+Ps8zYokGtSW7SkPVXQ6fd,1
DE7FD669XPvAibaEXe/iGey/Hml5ut9z8r6sVFwH,1
BE50F017XPvAibaEXe/iGey/Hml5ulNWA7EfwbsB,2
355E9171XPvAibaEXe/iGey/Hml5upK2tVIqsOuI,0
509CCDAAXPvAibaEXe/iGey/Hml5umnhIyjMYYVi,2
28AF632AXPvAibaEXe/iGey/Hml5uqTu+Pin9ZPX,1
3B2EA3B7XPvAibaEXe/iGey/Hml5umruCSvdzVz/,0
FFC5E1C7XPvAibaEXe915NmCViXOMEuHDtaXvcWR,2
FEE05FB9XPvAibaEXe915NmCViXOMFwrIvjs1nyi,1
78348465XPvAibaEXe915NmCViXOMBUhsU8mmHEB,1
40CAF9E4XPvAibaEXe/IOsuN/I5gh+6l+u1dc+eJ,1
E4BDF46FXPvAibaEXe/IOsuN/I5gh9VTWQkm3ftU,3
2A6FAB56XPvAibaEXe/IOsuN/I5gh/8Jfgdvjfl9,1
3B01E703XPvAibaEXe/IOsuN/I5gh+gBRarEmWvk,2
B9F99D1BXPvAibaEXe/IOsuN/I5gh7nm2KYyRrf8,2
D2B86842XPvAibaEXe/IOsuN/I5gh1/n8BawSvPr,0
F8264BB5XPvAibaEXe+A3Tjfwxprouvz3KzMMOwL,1
D0AE1BFCXPvAibaEXe+A3TjfwxproqLZsgUsfm+E,1
688AD0F0XPvAibaEXe+A3TjfwxprolQPmwWz78oz,3
15AA8239XPvAibaEXe/IOsuN/I5gh7smeDF+lIQ2,2
B6126502XPvAibaEXe+A3TjfwxprotWa32HEOZiB,1
7F926D52XPvAibaEXe+A3Tjfwxprojp89WZoXXiu,2
F64E5752XPvAibaEXe+A3Tjfwxpros2BoCpvvfsI,0
C4CDF08DXPvAibaEXe+A3Tjfwxprolaug7IFmXDk,1
E904F32CXPvAibaEXe9exxmVkEmOje8D/Bj+kGiF,1
4CDF7D4AXPvAibaEXe9exxmVkEmOjdba0nx5vC13,2
7ADE97C3XPvAibaEXe9exxmVkEmOjevTn+ICxE2z,2
F55A322AXPvAibaEXe9exxmVkEmOjRUzednipos/,3
766739DBXPvAibaEXe/baq/wvVlH/pJZf3DjwJdX,0
07608346XPvAibaEXe/baq/wvVlH/ioEKQZTR4v2,1
C75EC022XPvAibaEXe9exxmVkEmOjZd1CW/0SRA0,1
CA6C7872XPvAibaEXe/baq/wvVlH/rxDMQPyZz1D,1
ED0136C2XPvAibaEXe/baq/wvVlH/nzl+Ie9Y14x,1
0085722BXPvAibaEXe/baq/wvVlH/v1E0JmnRemC,2
0C55F744XPvAibaEXe+L4+qEMJ/L9Xg/KtY2uB7M,2
9A7A149CXPvAibaEXe+L4+qEMJ/L9adRT1mEdjEq,1
63B99375XPvAibaEXe+L4+qEMJ/L9T/sfHR+BFr1,0
3D11D120XPvAibaEXe/baq/wvVlH/kAQCmuXtPcp,1
2D5C8179XPvAibaEXe/baq/wvVlH/i84B++U9lgu,2
8A0EFD72XPvAibaEXe+L4+qEMJ/L9aRGWg6Uyf2X,1
A999581FXPvAibaEXe+L4+qEMJ/L9fYDNbEWZgOG,2
F06D81B0XPvAibaEXe+L4+qEMJ/L9UjIb2oK9DXa,1
6FFC54CDXPvAibaEXe/baq/wvVlH/ox7DZMQruhM,1
F4550AC6XPvAibaEXe/baq/wvVlH/toWePwNhgvv,1
9347378BXPvAibaEXe+L4+qEMJ/L9fmuPiPqn+X5,1
DE60D948XPvAibaEXe8B6jbWYL2ytIVca7+xa+fX,1
D1D5D865XPvAibaEXe8B6jbWYL2ytInXWMU368ct,1
BB557CEBXPvAibaEXe8B6jbWYL2ytMUhmW+0CYlZ,1
80C9E79AXPvAibaEXe8B6jbWYL2ytJw1GV8fZ6RW,1
877F427EXPvAibaEXe8B6jbWYL2ytARzv0I6OK9u,1
7A4B058DXPvAibaEXe8B6jbWYL2ytI8EiZkUrCsw,1
011E3613XPvAibaEXe8B6jbWYL2ytDqlxqdI7VkC,1
AC064BB4XPvAibaEXe8B6jbWYL2ytEx6waLJlrNC,2
014AB13EXPvAibaEXe8B6jbWYL2ytNvhs0daeuVk,0
74B42B90XPvAibaEXe8t2+lY9eHsFp0QB8jHiQjl,0
CB97A650XPvAibaEXe8t2+lY9eHsFofPoQP+L6or,2
42BF12EAXPvAibaEXe8t2+lY9eHsFm5deUeWFd2I,1
4CD815E5XPvAibaEXe8t2+lY9eHsFj0d8P2Y9Uzx,2
DDA186B3XPvAibaEXe8t2+lY9eHsFt2+h60gV5FZ,1
E6C61EC6XPvAibaEXe8YlvtcvZCDlYtg1BCZ1KoK,1
2B8081EFXPvAibaEXe8t2+lY9eHsFsZNbw+e7EWx,2
FA7547ADXPvAibaEXe8t2+lY9eHsFuSIz6fx/DtL,0
2DD3E6DFXPvAibaEXe/nw3DhNQnHf1lQPxyt3uHK,0
BA30EE30XPvAibaEXe8B6jbWYL2ytKLky20f+13D,1
1A70D9FDXPvAibaEXe+fBpTg8OXour/iKgqvP4cm,1
08B2C14EXPvAibaEXe/nw3DhNQnHf02cfEIDMqEZ,1
2D45BA9BXPvAibaEXe/nw3DhNQnHf2Fnx9IF55yH,1
1CA21FE7XPvAibaEXe/nw3DhNQnHf2IEtVzSrRsz,1
BCE371D9XPvAibaEXe/nw3DhNQnHfzsc5hFNGIFx,0
0E01B42BXPvAibaEXe/nw3DhNQnHfx78goHY5uai,1
D127D9ABXPvAibaEXe/nw3DhNQnHf7vpirJnNNNV,0
2A0444D8XPvAibaEXe8YlvtcvZCDlX6HDq24dliV,3
EB03867FXPvAibaEXe8YlvtcvZCDlTPj21ieypf3,1
1594A858XPvAibaEXe8YlvtcvZCDlV3AYBmyr/Kn,1
EFA7B0CBXPvAibaEXe8YlvtcvZCDlUhJKfH2ifYh,1
5C4DFCF2XPvAibaEXe8YlvtcvZCDleQPri+W3u5z,3
267055F6XPvAibaEXe8YlvtcvZCDlYwsXo+OnCMP,1
EF0159F7XPvAibaEXe8YlvtcvZCDlaUUYuvL8VFl,0
A3B16A38XPvAibaEXe+fBpTg8OXoulsFMFhUjAu/,1
3B5A2570XPvAibaEXe+fBpTg8OXouiUqUrsrrpm4,2
B5ED311BXPvAibaEXe+fBpTg8OXouoJxdPOkwhz5,1
05EE77E5XPvAibaEXe+fBpTg8OXousIA2IYzVnHo,0
6360ECCBXPvAibaEXe+fBpTg8OXousUD5CXpoXJf,0
99F828F0XPvAibaEXe+fBpTg8OXoun7X9qxaZjFs,2
456F3DABXPvAibaEXe+fBpTg8OXoukkBcZze7Rfx,1
3BC3A57BXPvAibaEXe+fBpTg8OXoupFSZJebAGRu,1
2935531CXPvAibaEXe+fBpTg8OXouklKrc9OO2/C,2
A250E6A4XPvAibaEXe+T+pdYLenbrtvSIsNnchc4,3
64C7CD4BXPvAibaEXe+T+pdYLenbrg640+xMiapE,0
08573CE9XPvAibaEXe+T+pdYLenbrucq28CqwkCu,0
9AF6E142XPvAibaEXe+T+pdYLenbriRhLpNmNOlR,2
6E1C6806XPvAibaEXe+T+pdYLenbrs1NpbeoDYfY,1
CE57739AXPvAibaEXe+T+pdYLenbrvHRkIZwWOV8,1
D5654CA2XPvAibaEXe+T+pdYLenbrobExAZPDdaO,0
EA90C578XPvAibaEXe+T+pdYLenbroGWp4XpE1fi,1
02B1B771XPvAibaEXe/MFNByxh05bwp2psmEm6tl,1
FD6D28D0XPvAibaEXe/MFNByxh05byrPHkYlzNOq,1
D65EC4A2XPvAibaEXe/MFNByxh05b9Afh/nBE41A,0
CC4635AEXPvAibaEXe/M+/uAwVeHhL/CCuA5pOSu,1
65307159XPvAibaEXe/M+/uAwVeHhF0l8PPcZeCL,0
5224906BXPvAibaEXe/M+/uAwVeHhHk9cAteZsrT,2
9E645EC5XPvAibaEXe/M+/uAwVeHhM1FmATJJ6hd,1
1AA45701XPvAibaEXe/QPFjJxKB5fsGyiyn34kie,1
E2EB5F46XPvAibaEXe/M+/uAwVeHhH14js6gHwcE,2
6D1A1DEDXPvAibaEXe/QPFjJxKB5fpLgT14lsTo2,2
8935FA37XPvAibaEXe/MFNByxh05b8RCsO0REEK9,2
4D9103C3XPvAibaEXe/MFNByxh05b5IJj//R6UPD,1
78F654B0XPvAibaEXe/MFNByxh05b+fwC/Vm8iLA,1
0C893A49XPvAibaEXe/MFNByxh05b28wNbqwsCec,3
1E875540XPvAibaEXe/MFNByxh05b5BrS1i0Rr6P,2
D78CCA63XPvAibaEXe/M+/uAwVeHhFsvW6Nr7w4b,3
8B9C9D85XPvAibaEXe/M+/uAwVeHhFw+4PtC9yPm,0
D4ED7282XPvAibaEXe/M+/uAwVeHhHldEPTAO8Mm,2
AF93F8A0XPvAibaEXe/M+/uAwVeHhGHEsoMp+ofs,0
3569491FXPvAibaEXe/QPFjJxKB5fnbuQJAzOqe3,1
E969972FXPvAibaEXe/QPFjJxKB5fofHe1UuyKfI,1
024F7582XPvAibaEXe/QPFjJxKB5fpc+JU5L2yoh,1
41A97858XPvAibaEXe/QPFjJxKB5frHNbDjtoh40,1
887B8381XPvAibaEXe/QPFjJxKB5foYIyAdyt4vI,1
9987C147XPvAibaEXe/QPFjJxKB5fk0Fx8scIu5w,1
200C3EF0XPvAibaEXe/QPFjJxKB5fsf40am+aYri,0
1CF049EDXPvAibaEXe+RTFcnyQdP1ikn+F6Kk5yH,1
0FE54F50XPvAibaEXe+RTFcnyQdP1ugQiGtVaQG/,0
E7547F9AXPvAibaEXe+RTFcnyQdP1hnu+/lWnxzT,2
1BA6A3FFXPvAibaEXe+RTFcnyQdP1qMr4WIMfC7s,3
50B7C353XPvAibaEXe+RTFcnyQdP1lgeEHD3c3x7,1
5066E750XPvAibaEXe+RTFcnyQdP1gV8o5sqlLTq,0
E01BB56AXPvAibaEXe+RTFcnyQdP1qjviajlfWCw,1
5F21F5B1XPvAibaEXe+RTFcnyQdP1mD5RKOJrITl,0
EAAF64C2XPvAibaEXe/CISFtEmjHAG0VPiE3n9pd,1
FA938A6EXPvAibaEXe/CISFtEmjHAFptF6edgPf9,1
DFE813CCXPvAibaEXe/CISFtEmjHAI38rvnHEZtn,0
5E44B4ECXPvAibaEXe/CISFtEmjHAJ9NyZOX+Tz0,3
8FEE80F7XPvAibaEXe/CISFtEmjHAM8bEww1qCgG,1
C54AE894XPvAibaEXe/CISFtEmjHAOrQNIbSAwbh,1
8F8FC083XPvAibaEXe9sUz+dc1ML5DebIhUrM5HF,0
F09E416CXPvAibaEXe9sUz+dc1ML5JRuMvaWnFIR,1
D1A3B08AXPvAibaEXe9sUz+dc1ML5MuEImQX5Iz8,0
7B6803EEXPvAibaEXe9sUz+dc1ML5NOVZL9A9ZrY,1
87C95972XPvAibaEXe9sUz+dc1ML5PX3vzdHlOg1,1
AC872956XPvAibaEXe9sUz+dc1ML5CtN57Li6L3J,1
6A6975C9XPvAibaEXe9sUz+dc1ML5IYabRORWA3H,1
CBC89467XPvAibaEXe9sUz+dc1ML5LuftKKqpBU/,2
1DD20C49XPvAibaEXe9sUz+dc1ML5IT5iueAsAed,0
09241D2EXPvAibaEXe+0Dwp+QXLoYjcQFAwpo9Qj,1
DEB1943BXPvAibaEXe+0Dwp+QXLoYlBPCtgotxUn,0
DC46D2D7XPvAibaEXe+0Dwp+QXLoYpDbJ1HtgiT7,1
1192C39AXPvAibaEXe+fW1Bg/roenJznRHzEcUml,1
519A061EXPvAibaEXe+fW1Bg/roenIHVeeWxPi8l,1
22DFB7FFXPvAibaEXe+0Dwp+QXLoYnRT5TXbfoQV,0
CBB9C2EBXPvAibaEXe+fW1Bg/roenBLd85qZjxlN,1
85082BB5XPvAibaEXe+fW1Bg/roenCrjf8tUEWkI,1
FE40C7DAXPvAibaEXe+fW1Bg/roenFSq809vdBWX,0
3210A6C9XPvAibaEXe+fW1Bg/roenAQYG69pRHCR,1
DC8B0015XPvAibaEXe+fW1Bg/roenJ9s+O9U9pFb,1
C01D2321XPvAibaEXe9FRFgWLD9noYx31XsrFJuq,1
E981BEE6XPvAibaEXe9FRFgWLD9noYEKjvcXREH4,1
1AD25C50XPvAibaEXe9FRFgWLD9noYIwB7jlp1qh,2
6DD12ACCXPvAibaEXe9FRFgWLD9noTDBnbR3Fd2H,1
A7BA56E0XPvAibaEXe9FRFgWLD9nodf/PJEC+zvG,0
D1EAE9AFXPvAibaEXe8XU1E8XgQL2GT9yiqYjUgs,0
E54D499FXPvAibaEXe+pfrKEojyOyy8/QgQh8jkK,2
18BE7305XPvAibaEXe8XLyAGr26H46khSqv9Y5ai,2
B570D4B2XPvAibaEXe8XLyAGr26H4y6wn3cR4UvF,1
C2C6F7BBXPvAibaEXe8XU1E8XgQL2JL1VO7878AZ,2
A1E291C1XPvAibaEXe8XU1E8XgQL2CD2romV//Qd,1
319AB5D6XPvAibaEXe/X5uT1FaYTT3Hox4+LgX0V,0
15D699A1XPvAibaEXe/X5uT1FaYTT/OqOQ2vqYPY,1
DFACC560XPvAibaEXe/X5uT1FaYTTxgnK1+XAhjh,1
87890AAFXPvAibaEXe/X5uT1FaYTT6t9uoWJqBtF,2
23B50A83XPvAibaEXe+XOEV1VJ5O2yoxPaIZ4RpD,2
B5249F9BXPvAibaEXe+XOEV1VJ5O249ZkCdiJbyf,0
33BEFDADXPvAibaEXe+XOEV1VJ5O26vfBUXS7TF7,3
7A1F2FCBXPvAibaEXe+XOEV1VJ5O21IUFe2koBmI,0
BB0BB65AXPvAibaEXe+NnQrnI1K9JCc4U90M9qNH,1
B789A6F6XPvAibaEXe+NnQrnI1K9JDDZ/Zrgz1g4,1
03E9147DXPvAibaEXe+NnQrnI1K9JMnAja73zCHH,1
17CD8D96XPvAibaEXe8d4Zyk6xKs09NSfplyT+oY,2
25F23BE0XPvAibaEXe+XOEV1VJ5O2zTSZ/mxR7U7,3
32E372CFXPvAibaEXe+NnQrnI1K9JGYmKiXJkMc1,3
B5800D61XPvAibaEXe+NnQrnI1K9JFpmYo6pbvxt,1
F648358EXPvAibaEXe+NnQrnI1K9JIIcX9WCeXA+,0
ED534624XPvAibaEXe+NnQrnI1K9JPjvFY/Pc6z4,1
230C026DXPvAibaEXe8d4Zyk6xKs0xhC+gr08ndx,3
EFCE2778XPvAibaEXe8d4Zyk6xKs03CAQshNObTY,1
55768D67XPvAibaEXe8d4Zyk6xKs0+4cPjNp6LHS,2
06B1E339XPvAibaEXe+9uXUaDIzyiCvG6Z0IL8M6,1
1771FAA3XPvAibaEXe8XU1E8XgQL2DMzV7u92aH5,0
9E441A11XPvAibaEXe+pfrKEojyOywt6EQAwgLC+,1
B04176ADXPvAibaEXe+pfrKEojyOyy/jsqKQmizY,3
3B0C5DB6XPvAibaEXe/Ae0QceO7lRDQd9e7koAPZ,1
884B8242XPvAibaEXe+pfrKEojyOy6IKMQ4Mim2B,1
D686C696XPvAibaEXe+pfrKEojyOy8pajbnBAgNH,0
2A8DEA6AXPvAibaEXe+pfrKEojyOyzY/iEsIKAZu,2
4A849FECXPvAibaEXe/Ae0QceO7lRBZsNhQo8Yrs,1
E84DE35EXPvAibaEXe/Ae0QceO7lRKzquhPO0hVx,1
975A7F81XPvAibaEXe/Ae0QceO7lRLwZHz5SgtuB,1
D4D77B2BXPvAibaEXe/X5uT1FaYTT4cr2B+OQ5RP,1
18D2A5CFXPvAibaEXe/X5uT1FaYTT+ZvVujp4FyR,1
53886CCBXPvAibaEXe/X5uT1FaYTT+gXayApk8b7,3
9B9A17C2XPvAibaEXe/X5uT1FaYTT69TcyHCZBGM,0
42A1EC5FXPvAibaEXe/X5uT1FaYTT/i76nHllYrk,2
0F964870XPvAibaEXe+XOEV1VJ5O23rPwoPtOBXN,1
F1601417XPvAibaEXe+XOEV1VJ5O22o5PGDZu7CX,1
3384E06FXPvAibaEXe/t9ok6w7D83RQ1oCyOnM45,1
991EE341XPvAibaEXe+XOEV1VJ5O20S2Y+57oLXq,1
4443C8E2XPvAibaEXe/Ae0QceO7lRDgn/x2Wf2Os,1
C315FC5DXPvAibaEXe/Ae0QceO7lRF2Ul+8Th3P6,1
945E1F43XPvAibaEXe/Ae0QceO7lRFjQrGX+fK0y,0
673CDC4DXPvAibaEXe/Ae0QceO7lRCbM7meFxWwi,1
2850C99FXPvAibaEXe8XLyAGr26H4/VLzSonUuXk,2
5210A9CFXPvAibaEXe8XLyAGr26H48PxQV2OynBL,3
C125FC73XPvAibaEXe8d4Zyk6xKs00cDf5RloWyG,1
7A51B01AXPvAibaEXe8d4Zyk6xKs06tnH6+AD7SA,1
8A23ED0AXPvAibaEXe8d4Zyk6xKs05gHyj6r9OFC,1
C15E9180XPvAibaEXe8d4Zyk6xKs0ywJs+82B5q4,2
9973BBE1XPvAibaEXe8d4Zyk6xKs0ylyT58MRLTF,1
8979F906XPvAibaEXe8d4Zyk6xKs0+cmUBEmWt8p,1
A38DE837XPvAibaEXe+pfrKEojyOy57uJqYWwL8Q,0
19EBB2FCXPvAibaEXe8XLyAGr26H44B/e0vrMVht,1
2C5DF343XPvAibaEXe/t9ok6w7D83VwP2yqGEpnp,2
2253D948XPvAibaEXe/t9ok6w7D83dMNOtdtMyoQ,1
EE51E37BXPvAibaEXe+9uXUaDIzyiJ6BTPmwbmav,1
4D8DA77DXPvAibaEXe+9uXUaDIzyiE1B74xYZdUO,1
A1A23E16XPvAibaEXe+9uXUaDIzyiBkfeI+j57p5,0
822FEE5AXPvAibaEXe9+3TdUbRXdLciV1n4YKP+L,0
FDA0DA04XPvAibaEXe/t9ok6w7D83ZtoyUZdtWN7,2
E4D02179XPvAibaEXe/t9ok6w7D83RaYDQ5jAvo7,1
DD6C6EFFXPvAibaEXe/t9ok6w7D83eOf7NsbJtWc,0
D99A702AXPvAibaEXe/t9ok6w7D83eHVw1ZeuQP4,1
5057A12AXPvAibaEXe/t9ok6w7D83XI/jVuy7hJL,1
1218E0D0XPvAibaEXe+9uXUaDIzyiBcVFEgN5DY7,2
31A43CCEXPvAibaEXe+9uXUaDIzyiCbIDnHZK9MV,0
99908FD0XPvAibaEXe9+3TdUbRXdLT41JTu5yxw3,0
360C98C8XPvAibaEXe9+3TdUbRXdLTQ5qbG5iCKa,0
F98B5B14XPvAibaEXe9+3TdUbRXdLeKIcSwrVH9U,3
C11AFB68XPvAibaEXe9+3TdUbRXdLT38bTEBLKGf,1
A0C04B40XPvAibaEXe9+3TdUbRXdLWWbX9fgnXNM,2
D83EFD4FXPvAibaEXe9+3TdUbRXdLYgbcoIsFK3z,1
911B7CCDXPvAibaEXe9Fy2hCq9OiA30aWZ5dDKZp,1
B79F3CF5XPvAibaEXe9Fy2hCq9OiA+tnm2XlCfJy,3
53BB8D1AXPvAibaEXe9Fy2hCq9OiA55gkkbklho/,1
2882595BXPvAibaEXe9Fy2hCq9OiAx0s+TMBlscg,2
718BB49AXPvAibaEXe9Fy2hCq9OiA3oLDVf7QfWj,1
FC4313DBXPvAibaEXe9Fy2hCq9OiA4Vxa7j+wTBT,1
6EBC70D7XPvAibaEXe9FRFgWLD9noXZbyFyA6Y58,0
187596BFXPvAibaEXe9FRFgWLD9noWVY+4KqBipB,2
3E8A2EDBXPvAibaEXe9Fy2hCq9OiA+RWQVJ8fut3,2
49CAEA2EXPvAibaEXe9Fy2hCq9OiA2TWWInpEgrD,2
2D7C801CXPvAibaEXe9Fy2hCq9OiA3HbIsr+o7Wq,2
EFD1CDDCXPvAibaEXe+9tOqtJ+TlMia3dZtAJFg/,1
5A7D2BC9XPvAibaEXe+9tOqtJ+TlMiGBoUNlLMig,1
C38ADA96XPvAibaEXe+9tOqtJ+TlMmhuHNTB5COK,1
2D462CD4XPvAibaEXe+9tOqtJ+TlMsuNcrhhMXK5,1
1001C6B2XPvAibaEXe8Ve9qXGkppSGCJVw9aoj99,1
B5F94969XPvAibaEXe8Ve9qXGkppSAQLJGMPIMto,2
C764A6CEXPvAibaEXe+9tOqtJ+TlMmG278zpkKP6,1
3EBBF85DXPvAibaEXe+9tOqtJ+TlMoD4ns4BY00x,2
BFCE735BXPvAibaEXe+9tOqtJ+TlMva41++QbHr/,1
A3792E8DXPvAibaEXe8Ve9qXGkppSE6sDsO4ylnG,1
AA1CA6F8XPvAibaEXe8Ve9qXGkppSL3r9uKrQh1P,1
43B82139XPvAibaEXe8Ve9qXGkppSMA58H1QyES1,1
5627743BXPvAibaEXe8Ve9qXGkppSH8e5lf6LRDk,1
550FF48EXPvAibaEXe8Ve9qXGkppSHjhaNu3KMws,1
952BA9BFXPvAibaEXe8Ve9qXGkppSJwsQr0Ibz69,1
E0A9B5FBXPvAibaEXe/67dyjFFUOJlqqLj2dGUK4,1
5DC53044XPvAibaEXe/67dyjFFUOJsIh36vN25SR,1
62E459E7XPvAibaEXe/67dyjFFUOJgXmAt8JMvdO,1
5DCEDAFAXPvAibaEXe/67dyjFFUOJk28kcNWZcqE,1
EA8D044DXPvAibaEXe/67dyjFFUOJqjKETmoSjS5,1
0339FEA3XPvAibaEXe/67dyjFFUOJsO0SSal/unw,2
0A8C6948XPvAibaEXe/67dyjFFUOJlj54iDr28M5,1
DDD0FDB5XPvAibaEXe/67dyjFFUOJhL5JctuTHbL,1
4C6F17CBXPvAibaEXe8JFpQse3KV6oEjOpWfiA71,2
D00D1A1FXPvAibaEXe8JFpQse3KV6uIgaIRiOZlg,3
B265C5E0XPvAibaEXe8JFpQse3KV6kK1BtBz+LKq,1
19974296XPvAibaEXe8JFpQse3KV6gth2jrDfeL4,0
5288A079XPvAibaEXe8JFpQse3KV6i0O+SsL3BWw,2
69CC9D77XPvAibaEXe/A0C8NKWg+cCtO4VRi7hM3,1
3CB24C2AXPvAibaEXe/A0C8NKWg+cH2j4AGcP4lH,3
547D7412XPvAibaEXe/A0C8NKWg+cCwX1LYBm9Ez,2
DF754E2FXPvAibaEXe/A0C8NKWg+cPuiUrOjU9Ab,2
5504D8B2XPvAibaEXe/A0C8NKWg+cGvKTGLsZ7Kv,1
1DD40F83XPvAibaEXe/A0C8NKWg+cNjNfs5fFfXk,2
B4C9C933XPvAibaEXe/A0C8NKWg+cEic0A5aXSTx,2
4746C69EXPvAibaEXe/A0C8NKWg+cNxMMOaSmLOf,3
354681C1XPvAibaEXe/A0C8NKWg+cJVKjuqX8g7B,0
4CFCCFBCXPvAibaEXe/A0C8NKWg+cGrjdpc6qVNr,3
40E3DED7XPvAibaEXe8cSwcDAK/pUDQbys/Ydwoj,0
360BCE8AXPvAibaEXe8cSwcDAK/pUB9mWTBMkxtD,3
3577D0A6XPvAibaEXe8cSwcDAK/pUHjiAbCwBK7P,1
F74272E5XPvAibaEXe8cSwcDAK/pUAoD5XBV3YHF,2
B64EFF4FXPvAibaEXe8cSwcDAK/pUJFGGHVhvfd9,1
0499BD34XPvAibaEXe8cSwcDAK/pUFr2X7+QevI0,1
2E197B0CXPvAibaEXe8cSwcDAK/pUCSeCgTsw7y9,3
4EA4F240XPvAibaEXe/t4WKrTmA45c7uHCaeKVzm,1
2B0E955FXPvAibaEXe/t4WKrTmA45W8ys/ibnqqG,2
A0FA65B5XPvAibaEXe/t4WKrTmA45TCT5yiApOsI,1
19D84BF6XPvAibaEXe/t4WKrTmA45X2kNqzY58cb,2
6A078F7FXPvAibaEXe/t4WKrTmA45dNbeTYZ+KBc,3
C4F69298XPvAibaEXe/t4WKrTmA45Rqptc4R3kvU,1
C135310BXPvAibaEXe/t4WKrTmA45VAWQP3+WBPF,1
521467A8XPvAibaEXe/t4WKrTmA45f0ZSMEJmxHz,1
8C5D825AXPvAibaEXe/KVW+JfXJB/tvWcmdxGSA9,1
F13E1BA9XPvAibaEXe91kmICrkek2o/snRaC+Cll,0
E85A8096XPvAibaEXe91kmICrkek2p33YM4EBM4q,1
3E7C48C6XPvAibaEXe91kmICrkek2vGASu4f5Vr/,1
63F4D5EEXPvAibaEXe91kmICrkek2njA/inamJ2e,2
CA64881CXPvAibaEXe91kmICrkek2nCnuij6IyOE,1
CBDE1398XPvAibaEXe/KVW+JfXJB/kBCeexAdrWt,2
FB9C748BXPvAibaEXe91kmICrkek2oitGsq+vGRw,0
F31E7BEFXPvAibaEXe/KVW+JfXJB/icHwabmmIyv,2
DC609E13XPvAibaEXe/KVW+JfXJB/sRYQhGj0Cfx,0
4803EB31XPvAibaEXe/KVW+JfXJB/sDMHJUeDdAC,2
8535E154XPvAibaEXe/KVW+JfXJB/gU0bKRUGdEa,1
5BCEBE52XPvAibaEXe/KVW+JfXJB/rcKdFLuaO+V,1
74FB1661XPvAibaEXe/KVW+JfXJB/gIQRRB2yGEl,0
B38858AAXPvAibaEXe+3bWVxnzRRwMzaMWgf6I3a,1
E5FC3F46XPvAibaEXe+3bWVxnzRRwF/aBk9LeAFZ,1
E113C2D7XPvAibaEXe+3bWVxnzRRwKoyPCnthIWj,3
E3077DF0XPvAibaEXe+3bWVxnzRRwMAd+5PPvWNZ,1
94BE2CBFXPvAibaEXe+3bWVxnzRRwADoBx0JK62+,3
06D413B1XPvAibaEXe+3bWVxnzRRwNg6g5IkrIob,1
49B81E8DXPvAibaEXe+3bWVxnzRRwLjpUzvComxK,2
798320BBXPvAibaEXe/5DpC15pEkHcCzAQREY9Yw,0
D219DCF4XPvAibaEXe/5DpC15pEkHdeH8PWtqIrl,0
74DD18B4XPvAibaEXe/5DpC15pEkHeOUjnrPBZ9L,1
A0434F8CXPvAibaEXe/5DpC15pEkHVXkLwQx5xPV,1
BED27437XPvAibaEXe/5DpC15pEkHUJeBNAg/GzV,1
A19AAA06XPvAibaEXe/5DpC15pEkHeGIviyCNjEf,2
737CACE5XPvAibaEXe8kGcWiFCcO6VDhqxPqj+pt,2
CBD3DA4AXPvAibaEXe/5DpC15pEkHeU94/iQwdB7,3
512A4A72XPvAibaEXe/5DpC15pEkHRxUI1NlbvJO,2
B5B9BDD3XPvAibaEXe8kGcWiFCcO6QC9wPvG2Vze,1
A32C3933XPvAibaEXe/5DpC15pEkHfkVgqjVq1jx,2
D7243CEBXPvAibaEXe8kGcWiFCcO6XTZMUMoSVW9,2
8A3C61C3XPvAibaEXe8kGcWiFCcO6cCaPR2fU+qE,1
D1E6E771XPvAibaEXe8kGcWiFCcO6R59sG8lyAuf,1
1ADFCC78XPvAibaEXe8kGcWiFCcO6cvsTtdtjc0z,2
B076E306XPvAibaEXe8kGcWiFCcO6TaJPNqMpBZO,1
DA958B07XPvAibaEXe8kGcWiFCcO6YjADM1e3Gf6,1
2F5BD724XPvAibaEXe9Y6XKwco8jyXjo0C5N13+r,2
E3F10A8EXPvAibaEXe9Y6XKwco8jye7qm3Gd9doU,2
6A089A70XPvAibaEXe9Y6XKwco8jyUczq4xBb32o,1
D281A27EXPvAibaEXe9Y6XKwco8jybe1BRvd9haj,2
9C93288BXPvAibaEXe9Y6XKwco8jyUtklb5XaVU9,1
356671CFXPvAibaEXe9Y6XKwco8jydE+Qs28iZwD,1
CA8E34EEXPvAibaEXe9Y6XKwco8jybdDUnwQlE94,2
89D783AAXPvAibaEXe/3wuT/psvviWmivpbj6tp5,0
1CFFB92BXPvAibaEXe/3wuT/psvviazNX/qQ0WRM,1
65F484B6XPvAibaEXe/3wuT/psvviciTyE0+Jfq5,3
8DE058A5XPvAibaEXe/3wuT/psvviQxHCteLZzBq,1
3BD02554XPvAibaEXe/3wuT/psvviVIxKx3LsKu5,3
2EAEB066XPvAibaEXe/3wuT/psvviRzJIm6kEp73,1
8DD612F2XPvAibaEXe/3wuT/psvviRxXsPy37L06,0
AFE5419DXPvAibaEXe+ItThaeWSaTsNM9vU7lE1g,1
063FA88DXPvAibaEXe+ItThaeWSaTndzLvy0hCWF,1
274FB275XPvAibaEXe+ItThaeWSaTjA1i5TggkW2,1
1E0BA31FXPvAibaEXe+ItThaeWSaThFU9Ihxnb8T,1
045380DDXPvAibaEXe+ItThaeWSaTjqzWjK/+ZK7,1
6D3100A0XPvAibaEXe+ItThaeWSaTqU3766OnnEm,1
F6FA6330XPvAibaEXe+ItThaeWSaTvj+HY2vqD2T,0
99C336CFXPvAibaEXe+ItThaeWSaTo52ObCq6Olf,0
BC2ACBAEXPvAibaEXe+NqszRBbPDtwT58F1jqpzD,1
F57A1736XPvAibaEXe+ItThaeWSaTv8D7aWTVVQf,1
67B08E41XPvAibaEXe92uUBt7zfwrT4ApqjDuA+s,1
1482B2BEXPvAibaEXe+NqszRBbPDt4/vNAay2XsH,1
7407D08DXPvAibaEXe+NqszRBbPDt+s094RsYnJL,3
B18AAB4EXPvAibaEXe81r7KrCH0uc7g8hlQ6gOzO,1
5DE7205DXPvAibaEXe+NqszRBbPDt+fGwJyhS5HN,3
9EA5AD13XPvAibaEXe92uUBt7zfwrQgm4FsORSw0,1
F4FA2B15XPvAibaEXe+NqszRBbPDt9G3cqKocHsJ,0
B37A5C4FXPvAibaEXe92uUBt7zfwrYq2UKjzgtwQ,1
CC1BE9F4XPvAibaEXe+NqszRBbPDty51v94rQVP2,3
B3CA17D6XPvAibaEXe81r7KrCH0ucyLianm1B7C7,1
BEE21314XPvAibaEXe81r7KrCH0uczusmR9lDfYE,1
9C91781BXPvAibaEXe8qh9FRNDK+MaMODbE9t/5h,1
A6169055XPvAibaEXe81r7KrCH0uc4QKxDeoWYb4,2
45E035D5XPvAibaEXe81r7KrCH0ucwTataqufjSX,1
BF7644D0XPvAibaEXe9TvOBYlD1INudm9JCY1WZy,0
D1BD1CF3XPvAibaEXe9TvOBYlD1INpw/fOwRA5ES,0
363C25EFXPvAibaEXe9i7Lm5hcsAn/ocI7rKCyS7,1
0103EBB9XPvAibaEXe+LOVcofflPOp4M1bu/q8RE,0
EC0E204BXPvAibaEXe92Umf5pb/ttm+OJa0U0aSz,0
A445ECF9XPvAibaEXe+Xbs+mKMRabbMHL+G5IjWQ,1
BB1053B1XPvAibaEXe87zPkGv/Pdbsur3Xj25dvi,1
903C6BBDXPvAibaEXe9puzAyruoCKVqw9bMN4OX4,0
11581EACXPvAibaEXe9p2uXWEeSl6iDxUIcLP8qa,0
E01E77A6XPvAibaEXe+F47DLdH7neSqbdOtoqh+8,0
4B9C91EEXPvAibaEXe/n5tUN5i+oISrPE8vmYFDh,0
3CD1D0E9XPvAibaEXe92Umf5pb/tttzMixAKhFrF,0
EC10B227XPvAibaEXe9w3p4OJXtSaDRBcgh4NOxe,1
434FE0B5XPvAibaEXe/n5tUN5i+oIaaaONia817b,0
86FE43D4XPvAibaEXe87zPkGv/Pdbt3Q4ufmJASb,1
F2C0D01EXPvAibaEXe87zPkGv/PdblLnRljWKqTv,1
1C26DB5BXPvAibaEXe9puzAyruoCKen7yYzlAqUe,1
F3329B64XPvAibaEXe9p2uXWEeSl6ugoB3kGHO9C,1
627DDC03XPvAibaEXe9i7Lm5hcsAnwqPqEtCDfQc,1
EBC8B8A3XPvAibaEXe9puzAyruoCKT2ugJpFJXJJ,0
1FB8F707XPvAibaEXe92Umf5pb/ttrUuITocnKot,1
8FE9610CXPvAibaEXe/n5tUN5i+oIeSHzF1HXYHV,0
76F623F0XPvAibaEXe+F47DLdH7neU1O2ZJUvrjQ,0
A74DBA04XPvAibaEXe+LOVcofflPOq3iOHPPSI9K,1
597966AFXPvAibaEXe+Xbs+mKMRabRzHYo2DoTJS,0
DDFCFEE0XPvAibaEXe9tVd6vhP62h1/MJMRnX5y0,1
AD93FC3EXPvAibaEXe9gPSUylTm3Een2CDukKkME,0
EDF309ECXPvAibaEXe/a4DMmDlc8UNJ4wQAHL8Ox,1
DA9E9F81XPvAibaEXe+Xbs+mKMRabaaBamOKgFJe,1
9F3A2199XPvAibaEXe9p2uXWEeSl6g+qT5CGgkj7,0
A98F5E60XPvAibaEXe+MmAntcCanjPq3CSgxyfJZ,0
3C2DDB97XPvAibaEXe+F47DLdH7neaLjLr8Pk2Os,0
B63533ADXPvAibaEXe9U/AuCAN8zZwWnu+1ZOSWa,0
BBE70379XPvAibaEXe9p2uXWEeSl6vOGKHyFx/jN,1
FC1DE214XPvAibaEXe9Notw1bhKSwn6Ga/2HYQoq,1
B65CE2C1XPvAibaEXe9Notw1bhKSwsVGF2evh4c9,0
FBBD4151XPvAibaEXe9TvOBYlD1INm1G8TkUYUun,0
771FBB4DXPvAibaEXe/a4DMmDlc8UC4GnGxUuOtw,1
C823CE1EXPvAibaEXe+HzQxlRR1WqgSUS8Sq0yXO,0
1C04C883XPvAibaEXe/a4DMmDlc8UPJiOuko0ktP,0
B34A7723XPvAibaEXe92Umf5pb/ttlJTXh8eJRJk,2
50CCA1F7XPvAibaEXe/a4DMmDlc8UGQKQqciphV/,0
F5C4F8EBXPvAibaEXe9gPSUylTm3ERLAXI5puk0I,1
254BC02AXPvAibaEXe9Notw1bhKSwvmb/dvpsFX1,1
0CD1AC6BXPvAibaEXe9tVd6vhP62h3/dWX/lnb8D,1
42D88C82XPvAibaEXe+F47DLdH7neagHe7FbP3fV,1
BA44ED79XPvAibaEXe/YCV++RiavqMMeSK1nWETl,0
64E71961XPvAibaEXe9w3p4OJXtSaDM21QEwHvJa,1
58E092F7XPvAibaEXe/YCV++RiavqOx26rcljRjy,0
97C8C0FFXPvAibaEXe9tVd6vhP62h6ZH9lGhIrgu,1
E983FACAXPvAibaEXe9gPSUylTm3ERA0ZVDEgm1G,0
3E1131D1XPvAibaEXe+HzQxlRR1WqlCVRKuTCn0N,1
F803888BXPvAibaEXe9Notw1bhKSwrtyJF1fDmf1,0
B9EBC8FBXPvAibaEXe9i7Lm5hcsAnw/BWuFfj+yF,1
191751CDXPvAibaEXe+MmAntcCanjCt6F1Cp0eEC,0
48D4446FXPvAibaEXe9gPSUylTm3ET/fdrYxdjTz,1
2A130168XPvAibaEXe92Umf5pb/ttokcv74N9o3t,0
4C1BAEF5XPvAibaEXe+F47DLdH7nebSdcKe79o9+,1
2817A649XPvAibaEXe9tVd6vhP62h/qBPlmt3VOS,1
2E094578XPvAibaEXe/a4DMmDlc8UB3GbbG4Q0zX,1
7070E160XPvAibaEXe/YCV++RiavqBk5/5ukZCsV,0
CDAE9C3BXPvAibaEXe9gPSUylTm3ESJ4xQeyyi3P,0
32F1D5A6XPvAibaEXe9puzAyruoCKfbLKFeVYo2s,1
13938ECDXPvAibaEXe+MmAntcCanjCp+h90ZbrNL,0
C3465EBFXPvAibaEXe/YCV++RiavqB8eq7xCW1uG,2
18525DEDXPvAibaEXe+HzQxlRR1WqmWJsb+9TIt/,0
6BC6AB5CXPvAibaEXe+HzQxlRR1Wqkif9T6N0XEg,0
731DC506XPvAibaEXe92Umf5pb/ttljHVz+dLZqN,0
0862B608XPvAibaEXe9i7Lm5hcsAnxxUOt0fMFu4,0
E8A50C92XPvAibaEXe+MmAntcCanjFHytG9GDVOw,1
F2BE62BCXPvAibaEXe+LOVcofflPOkxkCIGQyioz,0
8A3A4958XPvAibaEXe9Notw1bhKSwuFyC7YI8KCM,0
3C1B8FD6XPvAibaEXe9tVd6vhP62hzaHhRsdB39M,1
E2F71669XPvAibaEXe9Notw1bhKSwkqhPVQ+vmh2,1
5CAC932AXPvAibaEXe9p2uXWEeSl6nZ4xyTHcwcH,0
98831704XPvAibaEXe/YCV++RiavqK4I8w80IlV7,0
AFB55145XPvAibaEXe8zLb/HLFGxHn2aSAgsz7V6,1
0869AC1AXPvAibaEXe9puzAyruoCKS8Bvkqa7arm,0
75211209XPvAibaEXe9tVd6vhP62hx/1o5G0gk7R,0
2F0C4733XPvAibaEXe+MmAntcCanjBGPcdCVOjwi,0
A4B49526XPvAibaEXe9gPSUylTm3ETaYqjE6gC2l,1
1216FD23XPvAibaEXe9i7Lm5hcsAn0w5am+Ugp5M,1
8FAC9716XPvAibaEXe/a4DMmDlc8UGDCsdNvkCLG,1
55484735XPvAibaEXe9gPSUylTm3EbcTwdENbajt,1
CA461E1BXPvAibaEXe9w3p4OJXtSaLWSb+3jvozg,0
6FCD9674XPvAibaEXe9Notw1bhKSwkACKRlIb21+,1
FF2B9DBAXPvAibaEXe9puzAyruoCKVMfh6DmGn2b,1
048FA4C0XPvAibaEXe87zPkGv/Pdbr2144f7+cX9,1
DA0EA4DBXPvAibaEXe8zLb/HLFGxHmDCFojsFiPO,0
4F92F1B8XPvAibaEXe9U/AuCAN8zZwjs25rk6zCN,0
78D001B0XPvAibaEXe+Xbs+mKMRabTSRMoEMPzuk,0
64E673DAXPvAibaEXe87zPkGv/PdbkEEX8vUst3m,1
1A2F347DXPvAibaEXe9w3p4OJXtSaH3pe+7nT8n+,0
40288A20XPvAibaEXe9p2uXWEeSl6h1jkCzbLgM9,0
552C0A01XPvAibaEXe+AkyY0LvshNp5eYt+c+DPp,0
46389419XPvAibaEXe88EN6DQQEtSb/z5BEgfxBU,0
259F01B0XPvAibaEXe8+xHMLxEu2JyOiJNTKI6eE,1
A8C33151XPvAibaEXe+wCRIlhV+1Xw18appJO0DD,0
246F3C49XPvAibaEXe91GJZByEKtSWBk06YyeQ4U,1
F386A9F3XPvAibaEXe/4YH02BDnyToyzIbRaCmEd,0
15C3C23FXPvAibaEXe/yTqQKv0UsdSFwdc3I1baY,1
19D7C92FXPvAibaEXe8d+xuL7f/QxIZEthnTExHJ,0
E9C56DA1XPvAibaEXe91GJZByEKtSRimNEV+VE9s,1
85364D87XPvAibaEXe+1n9LzrMgTl2JbEW8ytz01,0
F177D17AXPvAibaEXe+wCRIlhV+1XwE7AWBbSDyJ,1
87AF8791XPvAibaEXe+1n9LzrMgTlyOUFgzoZIkE,0
9EF6334AXPvAibaEXe+wCRIlhV+1X2KzzaFsvdzs,0
6487494DXPvAibaEXe/jZh6ZxmAv+sj/Tce3LBpK,1
D2E846D5XPvAibaEXe/jZh6ZxmAv+kg5FdFYDPbu,0
20ABBDADXPvAibaEXe+bnYbevupsw/JDprUELyt7,1
57A1C67AXPvAibaEXe91GJZByEKtSVgKB1ySbYya,0
E173A150XPvAibaEXe8+xHMLxEu2J1u6EB660pNq,1
4E0F7503XPvAibaEXe8ZQB/g2cpypBdpoFVDQWyt,0
B21F4E81XPvAibaEXe/yTqQKv0UsdXhcvZW62BGQ,1
BA3DCFC1XPvAibaEXe84OR/xkBCpMSta22Jp4aW0,1
2E57754BXPvAibaEXe8ZQB/g2cpypA35AR1mwtPQ,0
8F21A061XPvAibaEXe/yTqQKv0UsdVxBxc4gfPHL,1
C1DE11E8XPvAibaEXe+Fy1phPq2H8vaeLQ1C9nra,1
40B75E47XPvAibaEXe+s31jTLcsUPx4KDmNuT8j+,0
A12A68FDXPvAibaEXe8+xHMLxEu2J4+nnpzgf5IP,0
21432CE6XPvAibaEXe8+xHMLxEu2J6ndKVqT0C00,1
EA96D40FXPvAibaEXe+Fy1phPq2H8sLb6Y47BSEP,1
E29D6FE0XPvAibaEXe+1gerp4wWuf5spq+wroVFk,1
4A23BFF9XPvAibaEXe8riuHWhiKRR/VfY1PuvRya,0
DEBF980EXPvAibaEXe+Fy1phPq2H8lFHAP/inFR9,2
C6081954XPvAibaEXe/yTqQKv0UsdYhCouuFusJz,1
71BD22CFXPvAibaEXe+Fy1phPq2H8tiJJqRRy+Fl,1
3CB22BDCXPvAibaEXe+bnYbevupsw4yUo/ivj60I,0
20E5F3B7XPvAibaEXe+bnYbevupsw53hO1Wx1Asv,0
3CCF8ADCXPvAibaEXe/4YH02BDnyTkK23kPe0dKi,0
2B851037XPvAibaEXe8d+xuL7f/QxDCDwN0oZKPU,0
FA3AE08EXPvAibaEXe+1n9LzrMgTl5hT3ycH1lL+,1
A32A5568XPvAibaEXe/jZh6ZxmAv+rOAQDJVtVAi,0
17199AB2XPvAibaEXe84OR/xkBCpMVT0RTX/hirN,0
4AAA8829XPvAibaEXe+1n9LzrMgTl9SWFIPenI35,0
073CCB16XPvAibaEXe+Fy1phPq2H8pTMzaqE19dh,1
E47F36A5XPvAibaEXe/4YH02BDnyTqZsopbXWXNr,1
30476694XPvAibaEXe9LgoVobBD2dYnBk73Fc/08,1
25EBE061XPvAibaEXe8d+xuL7f/QxGPereV7Ge/h,0
896ECA94XPvAibaEXe+Fy1phPq2H8oCcO/vk2UJg,1
FB851797XPvAibaEXe+Fy1phPq2H8mgYQ4k718Hy,0
99536048XPvAibaEXe/4YH02BDnyTjEFrcrcWWz/,0
A67C44ACXPvAibaEXe+1n9LzrMgTlyJssTDLkSPU,1
C50E8BCFXPvAibaEXe/IJyK0OmpUJ741hXVRKNfo,1
FDE2D36CXPvAibaEXe8ZQB/g2cpypFECiUb9ZsQv,1
99719263XPvAibaEXe+bnYbevupsw1GKVV4mcZT9,1
3FC4287DXPvAibaEXe8d+xuL7f/QxIZO68iMQPYa,1
9D6BB422XPvAibaEXe8d+xuL7f/QxI6V6xPMxtSk,1
F8E08575XPvAibaEXe/yTqQKv0UsdT/O7LG1VWO1,0
A3F3F71BXPvAibaEXe+bnYbevupsw+2fD5NtFKyx,1
2FBE4D6BXPvAibaEXe+1n9LzrMgTlzJ5Y/vr5u1t,0
6AEBA477XPvAibaEXe+1gerp4wWuf/JR1aydjc9h,1
797B1572XPvAibaEXe84OR/xkBCpMUEO/uzAlAWl,1
1A5FC1F0XPvAibaEXe+s31jTLcsUP9ZZLextwtU2,1
6371DE66XPvAibaEXe91GJZByEKtSavXFO088Lt/,1
0A69D9BBXPvAibaEXe/yTqQKv0UsdQB4zgad4eTm,1
87BD981FXPvAibaEXe8d+xuL7f/QxNgglGkOAI2P,0
DF478263XPvAibaEXe8ZQB/g2cpypIT+P6S7iW8/,1
25E4D9FAXPvAibaEXe/IJyK0OmpUJyuEp0m3rP8S,2
C0CEC6D2XPvAibaEXe8riuHWhiKRR60QK30cWpnI,1
CD137715XPvAibaEXe84OR/xkBCpMbsUgnqATLoQ,1
9EA7C278XPvAibaEXe/jZh6ZxmAv+v+IqxKNSnuJ,1
4116D300XPvAibaEXe/IJyK0OmpUJ+bkK+R+mD2O,0
6FF38EA0XPvAibaEXe8ZQB/g2cpypCFDZgCBTwTg,0
8C6CA8A2XPvAibaEXe8riuHWhiKRR46DHR00XuHe,1
B45AC3E8XPvAibaEXe+1gerp4wWufyuJ6JrMsR8L,0
A6B0B2D5XPvAibaEXe+wCRIlhV+1XyJG2Uep7SIj,0
DBE64A33XPvAibaEXe9PMC4shTguo5BmAz9PQSSX,0
9F58D5A9XPvAibaEXe9PMC4shTguoycVT3+tYeKp,2
25D62083XPvAibaEXe9dY3g0Pb8XoEU2/6gH4CGb,0
B43A412DXPvAibaEXe+GapkXz3RH2N6IJUACAb9b,0
4CF64C57XPvAibaEXe8PCwJaf/8k/JhejJzie4Ck,0
2DB93AA4XPvAibaEXe9QVsCW2codOYTykgcwK6+j,0
191F1835XPvAibaEXe8h19maTis8uLiuT2cUqI3E,0
44067D54XPvAibaEXe8QSVVyFBgPnwF4lJry1+gq,0
201B8299XPvAibaEXe/EKiY6F5FD8Pxf/s/UZFHY,0
CF00A253XPvAibaEXe/mbD1XVEM0x//P+sDiFPLO,0
37BFEFE1XPvAibaEXe9YgNnR0JxPhZRpZp3rXh0T,0
B706DEF3XPvAibaEXe9/3rpdfvRggjNC6gBEDcNF,0
055BAF5DXPvAibaEXe/0VyaRB0LQpI2nprMmUPej,0
34B8147CXPvAibaEXe+MR0BPJNCxydcz0lc5107i,0
86E0E58EXPvAibaEXe8jOKYsh0sA3sRzSTmujJhR,0
664FA41EXPvAibaEXe/ZbeP+H+OlzjHYhxAMHJSc,0
81AD9251XPvAibaEXe90E3nxW1nyafaUb7Bjf4AS,0
3566C732XPvAibaEXe9/3rpdfvRgggJdwPLlbGZB,0
F2EB7AEFXPvAibaEXe+43HJfrfERJHS1cJl0nVI6,0
DC25935BXPvAibaEXe/Ep1mHRpPbrHHFP9gXkxuF,0
FDEB22C7XPvAibaEXe92HFjDDFybW5Kj0lJjDcTx,0
BFAE3BE6XPvAibaEXe9qltw0mIqvIaR1qSLIlFzJ,0
ABE72D5EXPvAibaEXe+HozZBb+7rZ8gGaZ/mf05X,1
CAFBF12FXPvAibaEXe+L7yr6xo33KsEYZ+DAUurS,0
4F3B4948XPvAibaEXe8N+uD/a8GbgqbFvzb3EfrD,0
ED778330XPvAibaEXe8QSVVyFBgPn+Y1PVepujPZ,0
010EBFE8XPvAibaEXe/fptT4PBq8NAZhCnWkwVzN,0
5C58DA18XPvAibaEXe+tSA7t7USLJzVAyZsoo5Qm,0
43570CC4XPvAibaEXe+O+EbU9awW5l2bq2q6YQOW,0
BF5CDA54XPvAibaEXe9F+oU8wuNbqE3WOAuRu4uw,0
1A0FA5ADXPvAibaEXe99QzhWW+eTfLN8LxDi77hB,0
770AB331XPvAibaEXe+eLIaWcq1sI9gc8TTSp2S0,0
D1E5B37BXPvAibaEXe+szMHbfc71UFcA+EJPgwdF,0
A428EC11XPvAibaEXe8QSVVyFBgPnzSBGk50UWj7,0
219D5416XPvAibaEXe/k16nYNlOi0V8FicRLZdMt,0
E024B494XPvAibaEXe/sKOWIYAkjtjez/g8V6sZT,0
2CAFB3D7XPvAibaEXe8oT/p9f7HpvbB1VZUB2zjC,0
2748110FXPvAibaEXe8zN2KKhdLFunzw+E+dOEKN,1
4241B8FFXPvAibaEXe8oET1/EVZ+WhufGCO+W4ps,0
623211FAXPvAibaEXe/fptT4PBq8NDRknKoKmyBq,0
F6F6B79BXPvAibaEXe9NZBs7fjgAwVLSOJZIT2pI,0
C95AB6ADXPvAibaEXe/8rx8cZm8QsY53NwHueDys,0
B2478956XPvAibaEXe9/B4OZKkOpVykJ8IcPNGdk,0
31366966XPvAibaEXe+AdDQ9dDabO16ivYPhB80s,0
EB772A32XPvAibaEXe/zT99h3DDtvTNj1HxeDAs3,1
86E2C0FCXPvAibaEXe+Hl3bsG7JYGgDeZSKGFhcs,0
DB78B6D3XPvAibaEXe+rucNIMwNDA0/q8h4PWKzM,0
0F4E2E19XPvAibaEXe+KnWgScvZ27HdNiwaSUUic,0
76DD767EXPvAibaEXe9syD7Vfew2qVNnpLHS4axN,0
7B5DF81FXPvAibaEXe+GapkXz3RH2Hocib+gIsdz,0
E1802B38XPvAibaEXe/OS4eb0G5N4hhNqtrHnq1p,0
3A2196F2XPvAibaEXe8EWfnZTwjAD22OsDEryWZ7,0
2BFFDFDEXPvAibaEXe/sKOWIYAkjtk8m43tWOm+/,0
1BCAFD35XPvAibaEXe+O+EbU9awW5lgSl0wQvCSG,0
241964DAXPvAibaEXe+q0E3QguGBpRI5iPumVRkF,0
811B1775XPvAibaEXe+nNcqpVbk9mTC7ZbTaD86+,1
2BD1B799XPvAibaEXe/0W4kDBen43widMaJcURvA,0
C02F9A01XPvAibaEXe+MR0BPJNCxyTreLFUkbAMe,0
6A7CDC10XPvAibaEXe8UtLk0ua6nIGzaLHzX+TxE,0
BBE7799FXPvAibaEXe8qwxsYP7Gy4fwutigHBuz2,0
B217D0ADXPvAibaEXe8XtTI6VHhlKJFwW7Xpramo,0
D94ED526XPvAibaEXe93UbSm/ewAMkgBnNJA6WtC,0
8CF384E1XPvAibaEXe8N+uD/a8GbgtIPLzEy25ad,1
499C730BXPvAibaEXe/fptT4PBq8NE08rAffIbU5,1
E41B3430XPvAibaEXe9QSg4kScpiF0eltiDdKAqj,0
E1C01898XPvAibaEXe+Em+qhkpGqwAzqQcq1fNH0,0
95A3DC58XPvAibaEXe9NZBs7fjgAwdVz+MK9iwZC,1
4D7DED35XPvAibaEXe/FR4/Q8QxXrS4LhRRbO3lZ,0
A2D1D267XPvAibaEXe82B8VnNvUD6NlLvd8YOPZp,0
D27C3116XPvAibaEXe80vzpG0swknxZV0ir7Atz1,0
75A70346XPvAibaEXe+nNcqpVbk9mRWnThXM/a3j,0
24BF5FCEXPvAibaEXe/ZbeP+H+Olzic5qB+063QV,0
DDB43B69XPvAibaEXe/8rx8cZm8QsTxvKL68/60H,0
463FF1E3XPvAibaEXe8P4L0OhtIpH6bI8xRfCQZG,0
C21C9E71XPvAibaEXe9e953jV3NnLpfbRIwjz8n1,0
B07AA112XPvAibaEXe/0VyaRB0LQpHJQ9rCptZjA,0
7F500A90XPvAibaEXe9kEUKWGqhXVNhPAYoBaaTS,0
A8CCE8ABXPvAibaEXe+M/BSgLkQKVxUkNe3Su7pE,0
6AECD30AXPvAibaEXe/z9L7tMg5te6r3cY+o2Vyw,0
53362638XPvAibaEXe9Wonradwt/odP5xZ7ibRoj,0
9885370EXPvAibaEXe8eBN4YWA8YU7n29+ttunAg,1
FF355A67XPvAibaEXe8JNpgMW2c4UIW22fQSPLQ1,0
BAB77426XPvAibaEXe/0VyaRB0LQpGXE5SAui8o+,0
AE645B6AXPvAibaEXe9gJazs/pDnMdwe1Keiga3U,0
A5B4C3DCXPvAibaEXe8oET1/EVZ+WmvQzSsRDqet,0
48368B84XPvAibaEXe8N+uD/a8GbgnfkQpNg1KN/,0
AEB5B945XPvAibaEXe9KDPR79yT+xBhEuhnLmXkH,0
F84F24C9XPvAibaEXe9kEUKWGqhXVMwypbuhQDAE,0
6238DDF7XPvAibaEXe8h19maTis8uNxOEsJIAph1,1
E466F442XPvAibaEXe8QSVVyFBgPn13dg1kP+Mnf,0
D0CCAEDEXPvAibaEXe9QVsCW2codOUvohLGcqFnU,1
388967FEXPvAibaEXe80CrbkBDr5tSkoVrJXS+7O,0
DF730E26XPvAibaEXe8oET1/EVZ+WiU+q5gWPyWj,0
920021E0XPvAibaEXe/FR4/Q8QxXrUGTA8s7CFbY,0
336DF064XPvAibaEXe/QLz2rC0qlTM+FkKcsJtig,0
13CD8C0DXPvAibaEXe/tHzSgYcYuglyjSQbR57Y/,0
953A77B9XPvAibaEXe/0VyaRB0LQpHtyejN9MHOh,1
D40AAD30XPvAibaEXe+cpn4CEMdOCkGEftnss0HS,0
F86ACAE6XPvAibaEXe/EKiY6F5FD8JxDej0QxTGm,0
C4A41EA2XPvAibaEXe/QEoeDNKATR89OtFT4+FfS,0
5C94FC45XPvAibaEXe8E6yzSPpyFOZMPnl0veW6e,0
AD087009XPvAibaEXe+cpn4CEMdOCh+c7nOWgzAp,0
1AB4AA6AXPvAibaEXe9e953jV3NnLtXn8okwRIgq,0
16CD0729XPvAibaEXe9YgNnR0JxPhXZEbboziNXv,0
0FDE76E9XPvAibaEXe/ZkCDd4JXTLrBO6zdQ4uka,1
3385F2BAXPvAibaEXe+l4bzn3GsI7wHnHruNxH64,0
8F12E3BDXPvAibaEXe+rucNIMwNDAwjU/EvRIqLG,1
D20A18EAXPvAibaEXe8jOKYsh0sA3hdd+lL8mlzs,1
4674A752XPvAibaEXe/8X6gsb95YiNVI+GsvE5uC,0
57B4993DXPvAibaEXe+O+EbU9awW5nLgyy3CYhgX,1
1FA754E9XPvAibaEXe8qwxsYP7Gy4T+GMTAh8lN1,0
51983E43XPvAibaEXe82B8VnNvUD6Dbr8F+/xx0j,0
FD4A7A49XPvAibaEXe+tSA7t7USLJ3a90oclnbXx,0
5DC3DE95XPvAibaEXe/ZbeP+H+Olzqnb4x7Psf/T,0
E43452ADXPvAibaEXe8PCwJaf/8k/NfiZoSFCxNp,0
1535CD84XPvAibaEXe9KDPR79yT+xH/0KBQjUHwf,0
D8631DA8XPvAibaEXe8JNpgMW2c4ULzeQgr5A+5Q,0
C6DF151CXPvAibaEXe+q0E3QguGBpVPv3faH8S/X,1
EE367ADCXPvAibaEXe/GYDluKvKBtdob/uerGd3d,0
361E6963XPvAibaEXe8DnlmqQfnjpjU82MloClPN,0
BC761D56XPvAibaEXe+SIoKUNff6nEhxQco9wa0d,1
B25D8515XPvAibaEXe85qP6RA1XpqvtAQo5SYIBR,0
50DCC381XPvAibaEXe/zT99h3DDtvTgTBI1z6Q2+,1
E1350E02XPvAibaEXe86hknCN730JzOdtAw0rZ5e,1
6F8AA381XPvAibaEXe+9v37KcInSIVJRpjhFm8eg,0
B240F0C5XPvAibaEXe+v5SvySgrZwMzNfJXVkkLY,0
56B3706FXPvAibaEXe+NyYotv4FWdQb1GDwwPc4y,0
8CA1B827XPvAibaEXe8XtTI6VHhlKJihw7MyS83P,0
B6CBEA81XPvAibaEXe/EKiY6F5FD8HwF/BlB0//L,0
D2256A84XPvAibaEXe8t4cDFHKW3SRCwbEQSnhoc,0
1191A2E9XPvAibaEXe8EWfnZTwjAD2XBn3NCLmMI,0
9FB9EA2BXPvAibaEXe9rbQR8nwnz2HidQ/FShsAi,0
8030D781XPvAibaEXe87cFnqlCoR2Tvpr+N2HnDu,1
B9C2697FXPvAibaEXe/Fv9q7dZquWRVqSVqfD4Tr,1
5598492FXPvAibaEXe/k16nYNlOi0Vs9EA2wtwYV,0
B1209DF8XPvAibaEXe/QLz2rC0qlTGQSo8+7/aHF,0
0013D6E5XPvAibaEXe85hkLGQAJy3XgK9pA18A31,0
9FA740E7XPvAibaEXe86hknCN730J5/bHmwrSP49,0
C50FB698XPvAibaEXe+9v37KcInSIff/FxEfaYpI,0
9BA5DCE1XPvAibaEXe/mbD1XVEM0x9309+/8X221,0
CFF9BC4DXPvAibaEXe85qP6RA1Xpqn7fDxRekifE,1
1837B3A1XPvAibaEXe8t4cDFHKW3SWw3lwjv5c6p,1
A6AD67EFXPvAibaEXe8ZCBSJNuktiB0X8BfuV0ym,1
A5AD7F42XPvAibaEXe+NyYotv4FWdRCg2rhV8A+t,0
F81F35D8XPvAibaEXe+HozZBb+7rZ87RQpi8y1OA,1
4BC66965XPvAibaEXe8qwxsYP7Gy4WuOzsAtNv39,0
C06B893CXPvAibaEXe+eLIaWcq1sI4xsoYe2F3J2,1
20DAD6C3XPvAibaEXe/0VyaRB0LQpBMiN0noUGib,0
0EE35AD6XPvAibaEXe8IXn+MV9wqkgOVjPwGg7/9,0
F66D3EF4XPvAibaEXe9MpQ5WhbYsPjPh7j72vaha,0
8793F3EFXPvAibaEXe+cpn4CEMdOCuZ7OprAcFB2,0
E598083BXPvAibaEXe/EaMzFFtVZpBJHVwhd7gpc,1
6EBC7381XPvAibaEXe+szMHbfc71UNjcJsAZvy1l,0
13ADB455XPvAibaEXe+szMHbfc71UOQo/ZgHnhDJ,0
400DC6A4XPvAibaEXe/0W4kDBen432HWepgv/qnc,0
F4F2D0AAXPvAibaEXe/8X6gsb95YiN3CyeHjMc+t,1
9558786EXPvAibaEXe8DnlmqQfnjpus66s+lpwaf,0
CBC494F4XPvAibaEXe9QVsCW2codOVicJNTSm0ln,1
462E6513XPvAibaEXe90E3nxW1nyaRWqOpBX40RX,0
744A0E82XPvAibaEXe/EKiY6F5FD8GnPx1u67cCh,0
3D4AD6C3XPvAibaEXe9F+oU8wuNbqE7uTNvm7Nra,1
CFABE232XPvAibaEXe8AK9BJf0PqfElFd11dNpJt,1
CF2F949AXPvAibaEXe/Fv9q7dZquWc5dEGbmzt42,0
C22EEE9DXPvAibaEXe/w5GZwSM37/ywgIFIFqwN6,1
C86B3BB1XPvAibaEXe80CrbkBDr5tX4iHnQLK20k,1
29F018BBXPvAibaEXe82B8VnNvUD6EmCkyCUxedi,1
1C96241CXPvAibaEXe82B8VnNvUD6JGyz3j6KG1g,1
3130EAB9XPvAibaEXe+1qnC7LACO/br/qzsZ8pfu,1
5FFD56CDXPvAibaEXe9KDPR79yT+xFgb8URMch+e,2
3E4C08FBXPvAibaEXe8XtTI6VHhlKDOjXPJDSplW,0
5F5C0703XPvAibaEXe85qP6RA1Xpqsa+DbITI7MB,0
21A2F10AXPvAibaEXe8AK9BJf0PqfOJUjskQTNZv,0
F6507B3DXPvAibaEXe9YgNnR0JxPhfcf8K8rfkzE,0
DAF210AFXPvAibaEXe90E3nxW1nyab0x4Luz0kd8,1
33589339XPvAibaEXe/EaMzFFtVZpA+yXzZn1Gwh,1
CF622F24XPvAibaEXe/GYDluKvKBtcrDKX/QYsHE,1
779D8D62XPvAibaEXe/Fv9q7dZquWQrCuy9ElXon,0
CB6EB752XPvAibaEXe8UtLk0ua6nIFxhweUiMmKX,1
4BA87891XPvAibaEXe+L7yr6xo33Kl5vt5FEUG6U,0
746D07FFXPvAibaEXe+1qnC7LACO/cAG31DW77dX,1
D0B20188XPvAibaEXe+szMHbfc71UBdInYzH0jCE,0
B27EC3F4XPvAibaEXe9YgNnR0JxPhde27LePh+if,2
90E321BDXPvAibaEXe8eBN4YWA8YU+Qo5SvFie3t,1
2BEE4E47XPvAibaEXe/mbD1XVEM0x/rwCIMhVeps,0
058F3258XPvAibaEXe+q0E3QguGBpZhJA/lqgre3,1
534EF7B9XPvAibaEXe8zAo0wu8vadhc5rnftayS9,1
3940EBAAXPvAibaEXe92yZ7KcyiZXgLY9OcYF2S/,0
488918D3XPvAibaEXe/xn91tBWVNDcUOsXgEfUim,1
DDEB14E6XPvAibaEXe/FR4/Q8QxXrWHp3IY6MVAj,0
291AD457XPvAibaEXe/w5GZwSM37/+YL2PlyTSbM,1
13D3B806XPvAibaEXe/OS4eb0G5N4lBAhY+lVQgb,0
AAB18056XPvAibaEXe/mbD1XVEM0x5yh9ElUhrii,0
B7996512XPvAibaEXe+sV6KMm2RqHu9u7AZ3TFt3,1
5748E01EXPvAibaEXe80CrbkBDr5tewQuiU/6wDx,1
46A97FD8XPvAibaEXe/cAy9n2SNhGH8HAFOnSqE0,0
DB3021BBXPvAibaEXe8oET1/EVZ+WrUTYQ8gJboq,1
23C6D407XPvAibaEXe/0W4kDBen4339wMxYZSgUE,1
44233D79XPvAibaEXe/fptT4PBq8NPm0XkaSmFAs,1
84488B29XPvAibaEXe/EaMzFFtVZpGY8EEdZMOw+,0
5B82832DXPvAibaEXe+tSA7t7USLJ/UNvjbO6LYH,0
E25DB45EXPvAibaEXe85qP6RA1XpqviFGMgX+yeL,1
6B3A1BFDXPvAibaEXe91UcttbrYagz1zT7x+7HpT,0
BA5F4D95XPvAibaEXe/8rx8cZm8QsSb3Kae/mxff,0
749B9044XPvAibaEXe+O+EbU9awW5hPI3AIqzjZn,1
1AECA766XPvAibaEXe8DnlmqQfnjps4eQlpQOxaW,0
55B81371XPvAibaEXe92HFjDDFybWx80ZTIq5R+J,0
2950ABFDXPvAibaEXe/QLz2rC0qlTNuK706z0bjb,1
B6414130XPvAibaEXe9syD7Vfew2qRbzTBXeq6zr,1
3ABF234EXPvAibaEXe/Ep1mHRpPbrIV1dK9G8oO4,1
7C7BFA32XPvAibaEXe/k16nYNlOi0bxHGWCEio9K,1
3EC117AEXPvAibaEXe9Rxq3EQECnGWQu7bzI0P1g,0
C66CED4FXPvAibaEXe8CZDRB45S33N7Gv9VKR2Pd,1
1090AC8FXPvAibaEXe87cFnqlCoR2eca6yODCtqF,1
956A114AXPvAibaEXe87cFnqlCoR2QxcH5eQUchG,0
D8C96E7BXPvAibaEXe9gJazs/pDnMUHCv7EXAP8c,0
60F73830XPvAibaEXe9MpQ5WhbYsPphtEWPQm+Cy,1
1933E4C4XPvAibaEXe+MR0BPJNCxyQRGASkTTl6b,1
CC14B520XPvAibaEXe+4OTPvnL5gPwaNRySPq8rH,0
70E068BEXPvAibaEXe8eBN4YWA8YU74e2FtbKoeZ,0
FA900CC5XPvAibaEXe+RQyZpP6sq6h3HUHBBtyK9,0
83F43C68XPvAibaEXe8PCwJaf/8k/O+DNQ4hI07p,0
D9303362XPvAibaEXe8oT/p9f7Hpvc75IO73a7zN,1
FBC85362XPvAibaEXe+sV6KMm2RqHqwIVibiXxt6,1
5A14304EXPvAibaEXe9qltw0mIqvIaWmCLbEVDhO,0
95C1C55FXPvAibaEXe9wgACCA7SCWfo/Jy3yRH49,0
21B28C6FXPvAibaEXe8E6yzSPpyFOeSvd0A0yI1u,0
70BCA538XPvAibaEXe/sKOWIYAkjtg5SSQRPCQAL,0
2BC7123BXPvAibaEXe80CrbkBDr5tbwjvdkWsq+r,1
793946A9XPvAibaEXe/0W4kDBen4335KahfoXe4l,0
3C97B80FXPvAibaEXe8qwxsYP7Gy4aaVTx1vwq+q,1
72219ED8XPvAibaEXe+oo0hccQuSuJL8fcjYI2OW,0
17FCE4D9XPvAibaEXe+HozZBb+7rZxALMBBHEZ9+,1
60A40926XPvAibaEXe/glop/3mrWADDYUPo7D0gd,0
BBFAA834XPvAibaEXe9QSg4kScpiFy+x7WO2GtFr,0
0F89E6EDXPvAibaEXe/Ep1mHRpPbrO+lZuche+jJ,2
7EB8204AXPvAibaEXe+rucNIMwNDA62VtVwvk/ZN,0
414E230EXPvAibaEXe8oET1/EVZ+Woocxge/QzbJ,1
AC75879BXPvAibaEXe/w5GZwSM37/7SkETHM/s8k,1
B716C584XPvAibaEXe/QEoeDNKATR7/+WvY4ZE0X,1
1E669346XPvAibaEXe+tSA7t7USLJ+Z/Uh8dNUM7,1
DF3BC1C9XPvAibaEXe+M/BSgLkQKV0cyn1JRzOED,0
106D2FC7XPvAibaEXe/CDMtnBauOUDxqHwr1XP6y,1
22739075XPvAibaEXe/8rx8cZm8QsejTOCD7LMdT,0
C463AF07XPvAibaEXe+nNcqpVbk9mRLiNILmYngF,1
BD4A4582XPvAibaEXe/cAy9n2SNhGH1VNV07LNpK,1
B5109125XPvAibaEXe85qP6RA1XpqpPlx3bwre8q,1
FF7DD571XPvAibaEXe+L7yr6xo33KgwBiExcKks/,1
439F54D3XPvAibaEXe/0WaLAM5c/YG/GGEBZ3h4n,1
94265EF3XPvAibaEXe9rbQR8nwnz2Lp0+pgmEgHE,0
FD477DD9XPvAibaEXe99QzhWW+eTfHmuJRBr+v6/,0
EBE92217XPvAibaEXe8PCwJaf/8k/FzOTrD1Y5eE,0
35380AD9XPvAibaEXe/Yd5khqDzvKNU3oDA6TGK4,0
7EF41158XPvAibaEXe80vzpG0swkn6gOnSwk37bW,1
A936CEC9XPvAibaEXe+gzQv7yQRYbv06ue+3Sz6e,1
672D838CXPvAibaEXe/LIv6QeHs+Zcfs7iJPoN5o,1
FECE757BXPvAibaEXe+cpn4CEMdOCgWQvhtejAc8,1
87BB7E2FXPvAibaEXe+rucNIMwNDA6ymJDPle8kB,1
E09C4C58XPvAibaEXe9QSg4kScpiF4GTQd5CRe0U,0
72A56A1EXPvAibaEXe99QzhWW+eTfGnYyfdw7Bnt,0
4B804A40XPvAibaEXe/ZbeP+H+OlzkgK2LP/P5JL,0
B16B12F4XPvAibaEXe85hkLGQAJy3RHJQj5DBXcg,1
CDD3A061XPvAibaEXe/tHzSgYcYughSlTmR/OLg6,1
FE98A837XPvAibaEXe/0WaLAM5c/YL7tytv12HOM,1
2568391BXPvAibaEXe+nNcqpVbk9mc3AjD6JnR9p,1
E4DF6DDEXPvAibaEXe9spJK2tF1F75HFMTmA6sUM,1
43342F02XPvAibaEXe8VQgmAEjfeNhSaOgWMZr6B,0
1CAC5AD6XPvAibaEXe/tHzSgYcYugm6RsOH2Z5W7,0
D227C418XPvAibaEXe82B8VnNvUD6Px3rX2BTJtY,0
FDAD4FDBXPvAibaEXe+l4bzn3GsI7/e+7/147g72,1
541DA9D4XPvAibaEXe+RQyZpP6sq6sOhmiJhnuU6,1
4C983A31XPvAibaEXe8h19maTis8uNKzb3bbalu0,1
36779542XPvAibaEXe9QVsCW2codORJGccqM7KCC,0
9352937AXPvAibaEXe/8rx8cZm8QsdCFhzaZo4co,1
59F71CFEXPvAibaEXe8VQgmAEjfeNub7iJBPiNCs,1
450FDF7AXPvAibaEXe+Hl3bsG7JYGtGcv0oGkyMW,0
5E5E83B1XPvAibaEXe8h19maTis8uNiOQOEhxAcF,1
70F6B85BXPvAibaEXe+rucNIMwNDA033ZJk6GRlx,0
CEAA42BFXPvAibaEXe8t4cDFHKW3SXhzbYzOaJ0b,1
D927835DXPvAibaEXe/FR4/Q8QxXrZPuKoK0CAk5,0
77E7AFACXPvAibaEXe8h19maTis8uJTnptqgobO5,1
40EC6A54XPvAibaEXe8XtTI6VHhlKMv1uylIudjC,0
CD4516FFXPvAibaEXe8qwxsYP7Gy4ZibNdQrwZxl,1
AE63A58FXPvAibaEXe8JNpgMW2c4UJmh3Zt4gIqe,0
39AC9DBFXPvAibaEXe+HozZBb+7rZ377lAPFyj3+,0
E40244A0XPvAibaEXe9MpQ5WhbYsPsgPRpkqw3tn,1
2566CB3BXPvAibaEXe9wgACCA7SCWWoA+zvJXnEV,1
4BE1261FXPvAibaEXe/mbD1XVEM0x02C1XLHHXBN,1
5E967418XPvAibaEXe9wgACCA7SCWcwiUMgG4CqD,1
FCB7169BXPvAibaEXe+4OTPvnL5gP9pIK3yrxPxZ,1
76EE3029XPvAibaEXe+KnWgScvZ27NCuPycditbG,1
84BEB79DXPvAibaEXe+SIoKUNff6nCIYWlwEOHBY,1
FEDFAB32XPvAibaEXe8oET1/EVZ+WlX8+IUNjmld,0
2C538E51XPvAibaEXe+9v37KcInSIYKf+wLDWnLy,0
F596E17DXPvAibaEXe9CNoSsNIodZ0U9fS2YqW2S,1
4832BAF8XPvAibaEXe+AdDQ9dDabOwCMebeWNCqV,1
8A05DE3AXPvAibaEXe8IXn+MV9wqktUaNou4qlfi,2
2A5050FEXPvAibaEXe+MR0BPJNCxyZ+Hy8X8/82R,0
19020AE4XPvAibaEXe8c9xa8228bbfDE47SwVBfe,1
A4348F98XPvAibaEXe87cFnqlCoR2cyss3UugRuh,0
08245B1BXPvAibaEXe/OS4eb0G5N4gR61g9w5JG8,1
7E3D1093XPvAibaEXe9KDPR79yT+xPgPuPp029Cn,1
ED163077XPvAibaEXe/QLz2rC0qlTMMxM1+Jetnm,0
F0A3A9F8XPvAibaEXe8zAo0wu8vadrVvbFNnuZKO,1
6A3B3095XPvAibaEXe/8VZV/juG2bcdi7upslJZ9,1
F49F584EXPvAibaEXe8zN2KKhdLFuvVrrDZmjUkj,1
2CF8078CXPvAibaEXe/8X6gsb95YiB6rrhZFM8Ho,1
B9A25C47XPvAibaEXe/8VZV/juG2bTrpaOsoEg39,1
BD9DE78DXPvAibaEXe+L7yr6xo33KpaY/g0OPb72,1
B4026B3EXPvAibaEXe8P4L0OhtIpH8DQxchLIzYj,1
A727B632XPvAibaEXe9/B4OZKkOpV6lmnmDdRZbI,0
B237294DXPvAibaEXe+9v37KcInSITbXN0CfRZnT,0
FE4C6559XPvAibaEXe85qP6RA1Xpqky+W9EMpbch,0
92982A23XPvAibaEXe+LbSgCtk53mbZMGlIXYwaX,2
5E25EB72XPvAibaEXe9wgACCA7SCWfnlOXolY4Bh,2
5D749C31XPvAibaEXe+NyYotv4FWdSswpY7zzBtF,0
203BE795XPvAibaEXe/fptT4PBq8NBfqHwIe6xCf,0
2B7D0D70XPvAibaEXe8N+uD/a8GbghUgoV20R4fe,0
B0B37571XPvAibaEXe8QSVVyFBgPnzmFYomcR45r,0
4292DACAXPvAibaEXe93UbSm/ewAMuZsXTRkRSPi,1
8C298ED3XPvAibaEXe/ZbeP+H+Olzl011CI3G37j,1
337DA096XPvAibaEXe9/3rpdfvRgglqor2P/Dcr7,1
1010AA74XPvAibaEXe9Rxq3EQECnGZxVvkbvpq1z,1
92F6A1FFXPvAibaEXe8qwxsYP7Gy4RU7NNOPnZKf,0
F987E360XPvAibaEXe/glop/3mrWAHut2Jz7NShT,1
B97B0181XPvAibaEXe8CZDRB45S33BeuQryf12/0,1
0D013B2CXPvAibaEXe/8VZV/juG2bW/4If+TRYUd,1
E9DBAD01XPvAibaEXe8ZCBSJNuktiK9QwCr7ZrDZ,1
43E68C8CXPvAibaEXe/FR4/Q8QxXrTZenewqKKxG,0
D221BB4CXPvAibaEXe/GYDluKvKBtSXxymQzeY1i,0
A45E25CBXPvAibaEXe91UcttbrYag9XGEb6iYQdc,1
21F0E039XPvAibaEXe+tSA7t7USLJ0lZGuuvZW0X,1
69D325A1XPvAibaEXe9A8avg2Xms/9vgjaJdEDR8,0
DCBBBEC8XPvAibaEXe+eLIaWcq1sI868Gn2Ja5Lk,0
5839442EXPvAibaEXe8UtLk0ua6nIH3Yz0gA8B25,1
2A4B697EXPvAibaEXe+sQSfsqovN9xT08z6XHdzn,1
E465D714XPvAibaEXe8ONI/il9MI220AosB3AWlB,0
BF0026F8XPvAibaEXe8P4L0OhtIpH+kf7xGERpDn,0
079EAEDBXPvAibaEXe85hkLGQAJy3bkv6Jx+gOtD,1
1347E60AXPvAibaEXe+RQyZpP6sq6uLPxtl0D9bE,0
665F0D69XPvAibaEXe8ZCBSJNuktiIGeJSAEJGQy,1
1882B930XPvAibaEXe/k16nYNlOi0X9eli0+3mI8,1
C463356CXPvAibaEXe8oT/p9f7HpvUd/CRKejH0I,0
C4CB17FAXPvAibaEXe8PCwJaf/8k/Igla9iXHtJJ,0
7107C546XPvAibaEXe/k16nYNlOi0c+qQn2thWZm,1
3BD33C22XPvAibaEXe/xn91tBWVNDWhtC0SguqJH,0
490FA5D8XPvAibaEXe/xn91tBWVNDU3CM4Ebi8s5,0
BF01BDD2XPvAibaEXe9kEUKWGqhXVLWKOFYTwfID,1
CDA629E5XPvAibaEXe+MR0BPJNCxydjgXvMn5a1G,2
57E82D86XPvAibaEXe9dY3g0Pb8XoOsTfJ5LOCSC,1
B72C157CXPvAibaEXe+L7yr6xo33KueePC0pTKOr,1
34397348XPvAibaEXe/z9L7tMg5te4GQ524YhfUO,0
12D1911BXPvAibaEXe/w5GZwSM37/9pf8pXLN2MQ,0
876B4468XPvAibaEXe+LbSgCtk53mes10O54H0bY,1
BF5D6B10XPvAibaEXe/ZbeP+H+OlzmV3jP/XPv6m,1
E7F79709XPvAibaEXe/QLz2rC0qlTPwvGjP9wFHi,1
7CC504C7XPvAibaEXe+L7yr6xo33KlsHIb7xKLQV,1
631C72C9XPvAibaEXe/xn91tBWVNDXH/YaHOqjwg,1
28C7CF37XPvAibaEXe8XtTI6VHhlKHn5DFEv+QeE,1
44C3A682XPvAibaEXe+eLIaWcq1sI8qTNnEbO4L2,1
124D88ACXPvAibaEXe9gJazs/pDnMUzNEGDt+CRN,1
74E982CEXPvAibaEXe+q0E3QguGBpczVuC1vbeyg,1
BD5FFF1CXPvAibaEXe/GYDluKvKBtfK6oXjueUOk,1
AE7E6279XPvAibaEXe8UtLk0ua6nIH+GgNLLRy0e,2
DBD6E06DXPvAibaEXe+oo0hccQuSuDC84q49alZl,1
324A551FXPvAibaEXe8nuCevWXzMu02d/QPy3aml,1
DBDBED26XPvAibaEXe9spJK2tF1F73GrDzSc1YHK,0
DB1C2240XPvAibaEXe8jOKYsh0sA3koLX0I8WLQX,2
C999DC41XPvAibaEXe8CZDRB45S33GBLxrowyIYa,1
6C1AFEBDXPvAibaEXe8qwxsYP7Gy4Xyvq5UQtoCs,1
5763689BXPvAibaEXe+Em+qhkpGqwBt0c4xHozPd,1
CB2805CDXPvAibaEXe85hkLGQAJy3dq36MtRmFzY,1
8352A96AXPvAibaEXe/LIv6QeHs+ZW0tAXQOlKKR,1
0C41E54CXPvAibaEXe/0W4kDBen438YOnjAnq/Gn,1
988C88D1XPvAibaEXe/0WaLAM5c/YParqfNoyROx,0
D937E587XPvAibaEXe80vzpG0swkn7/HxEtwg03n,0
37DD42DEXPvAibaEXe/QEoeDNKATR6H1N8p0eG5R,1
A1C62ED1XPvAibaEXe9wgACCA7SCWeQ/xWMCzmBG,0
FAAF9B78XPvAibaEXe9/B4OZKkOpV5W3TQV3cIwu,0
9EBE932BXPvAibaEXe8ZCBSJNuktiDzd68Sjee+R,1
86B3B846XPvAibaEXe+1qnC7LACO/VtQXe02bIe6,0
B836F91BXPvAibaEXe+GapkXz3RH2My4N6PSbXEr,0
51F36E60XPvAibaEXe8eBN4YWA8YU6VItTEUAOo1,1
17C9D6FAXPvAibaEXe90E3nxW1nyaa9pN/70nOxq,1
9C33BE45XPvAibaEXe8CWH5HVeMbzrlc7EvcttDo,2
B84707AFXPvAibaEXe9/3rpdfvRggtQjLz+Qzjci,1
61673D36XPvAibaEXe8h19maTis8uJMf0k5iiXVF,1
BB1C864FXPvAibaEXe8JNpgMW2c4UOj/rLwk4dqI,1
633C2DB4XPvAibaEXe/0WaLAM5c/YKShxsrcX9XB,1
2D21BD05XPvAibaEXe9gJazs/pDnMS23gPJJ13Ul,0
39A303CAXPvAibaEXe9dY3g0Pb8XoLW76wHE7+EB,1
D049DC36XPvAibaEXe/mbD1XVEM0x6gxUNA8LSdg,1
77D80081XPvAibaEXe/k16nYNlOi0W0U3nHBxgRa,1
A499E83BXPvAibaEXe/xn91tBWVNDdg7Mh7z1gRF,0
8AA6FDA7XPvAibaEXe9/B4OZKkOpV8h+ZXoxrlhv,1
2BCE9E95XPvAibaEXe8CZDRB45S33PewTfBA7WpB,1
98B6E1EFXPvAibaEXe+43HJfrfERJFNdePM6r1ro,0
BA37C300XPvAibaEXe9MpQ5WhbYsPvVF3rJD/wZm,1
25A3A13DXPvAibaEXe+l4bzn3GsI76xP72wn8kUg,1
CE1E7F31XPvAibaEXe80CrbkBDr5tZSRglB+drpj,1
79CB530BXPvAibaEXe8c9xa8228bbQQezKTKntp1,1
35E31E43XPvAibaEXe9QSg4kScpiF5arvg0AxaH3,0
E2704608XPvAibaEXe8jOKYsh0sA3gSVJ3BqQ/ED,1
39003BC0XPvAibaEXe9kEUKWGqhXVK1h8KWqeI78,1
906CCBB6XPvAibaEXe/z9L7tMg5te9l400qw6D//,1
3285E157XPvAibaEXe+q0E3QguGBpUWHMWrFqKpo,1
3804A632XPvAibaEXe9spJK2tF1F79mLHA3sS7Vy,1
0F00DACFXPvAibaEXe+MR0BPJNCxyebIVSgcjQps,0
91DC37BEXPvAibaEXe8jwcgah0Ijmp57mT+sh1/X,1
C4316761XPvAibaEXe9YgNnR0JxPhV6ID3xPJyDJ,2
39F73E00XPvAibaEXe8jwcgah0Ijmm8zUo4vVyOr,1
AE926263XPvAibaEXe8CZDRB45S33E5O1k1ZYG0T,1
CCF2C577XPvAibaEXe+sV6KMm2RqHp3Quf4OTDgs,1
FBFCC2D9XPvAibaEXe/8VZV/juG2be6MZ0QJxpml,1
3EC5B584XPvAibaEXe92T150Nt0xZqbgfznLAD0M,0
57FEE4EBXPvAibaEXe8AK9BJf0PqfEMrePLyNqtb,1
7B768176XPvAibaEXe8jOKYsh0sA3vkdYiaXsqcm,0
0457DCC0XPvAibaEXe/CDMtnBauOUNMC60BG9GmS,1
D7116174XPvAibaEXe/8rx8cZm8Qsfwo9J8aB+h+,1
25EBFE37XPvAibaEXe8ONI/il9MI28Xp5nZzc8+i,1
00BF5175XPvAibaEXe+Em+qhkpGqwOeIgsMQfSaq,1
BCFEE2B5XPvAibaEXe/LIv6QeHs+ZUPKzazcLtBC,0
80D748FBXPvAibaEXe/ZkCDd4JXTLutH1IQdqviy,1
AB84913AXPvAibaEXe+43HJfrfERJPFqeCP5q6fw,1
6B5296D9XPvAibaEXe+szMHbfc71UCmGyO8Q1lsB,1
5D729528XPvAibaEXe/Yd5khqDzvKEs2lChz+U28,1
BC417D53XPvAibaEXe/FR4/Q8QxXrUMmzu/QZm8T,1
CDA0D08AXPvAibaEXe8UtLk0ua6nIKCaLftfCC+0,1
06942BB3XPvAibaEXe9F+oU8wuNbqO0ZSSBkHohm,1
64FA65E5XPvAibaEXe/Yd5khqDzvKEg5iy520knW,1
E5C52AA7XPvAibaEXe9spJK2tF1F71Fpbd7zttM1,1
AEA58165XPvAibaEXe8N+uD/a8GbgseZj0oMtbP3,2
71F5F773XPvAibaEXe91UcttbrYagwpmSjMdRSlJ,0
F3EB56DBXPvAibaEXe9syD7Vfew2qdQaeWpneItx,0
162BA150XPvAibaEXe8oT/p9f7Hpvdl+ry/t76zh,1
C8C56A1BXPvAibaEXe+1qnC7LACO/ZvUWruiez8N,1
C669AA3EXPvAibaEXe/QEoeDNKATRxlxJUn/QXQg,0
387E8B4EXPvAibaEXe8PCwJaf/8k/Eh54OQuJg7t,1
2F86BBD1XPvAibaEXe8EWfnZTwjAD+LMJdMLkw/S,1
CC17FAC0XPvAibaEXe99QzhWW+eTfAjt68mPZT2w,1
EEA051F3XPvAibaEXe+GapkXz3RH2Mmu541Rp665,1
1252CDC5XPvAibaEXe/Ep1mHRpPbrAWrtiD/zDbo,1
94BBA210XPvAibaEXe/GYDluKvKBtWCIUL8V08b0,1
3EE66DA9XPvAibaEXe8ZCBSJNuktiP6oNPZRyZty,1
95BACEDBXPvAibaEXe/LIv6QeHs+ZT+kM+rP9YrY,0
63EB73C7XPvAibaEXe91UcttbrYag3NEmXVvQwjs,1
B1EA4A9EXPvAibaEXe8oT/p9f7HpvUf1MQPdsSuF,1
6373012AXPvAibaEXe99QzhWW+eTfA4GiCIAsHO/,1
F2CF58A0XPvAibaEXe8UtLk0ua6nIIdzKFAKbbo4,1
71367B4BXPvAibaEXe+4OTPvnL5gPwOynHDBXMm4,0
B90CA62FXPvAibaEXe/zT99h3DDtvXvLyOFWw0L9,0
45C0A7D1XPvAibaEXe/0WaLAM5c/YDeTZqvxLwPY,1
F0FFA866XPvAibaEXe+Hl3bsG7JYGg4+Wgmy8K3a,0
FD4E4CCBXPvAibaEXe/8X6gsb95YiLv6UcSNhK/H,1
D84D64C5XPvAibaEXe9e953jV3NnLqLiroz2mvDZ,1
C5B47790XPvAibaEXe8XtTI6VHhlKI0qhA2KfoCe,1
A3484A67XPvAibaEXe9/3rpdfvRggg/QeQ9nKRqa,1
6D154D70XPvAibaEXe/0W4kDBen432RM1aY2P41o,1
E33DBDBBXPvAibaEXe/tHzSgYcYugp56aB8B2uix,1
32955145XPvAibaEXe8N+uD/a8GbgqJLTQxCkwL9,1
87B6CE87XPvAibaEXe9kEUKWGqhXVKcRZSrAS5QV,1
305F8088XPvAibaEXe/tHzSgYcYugsbeH2tOOi4l,2
840BA7D5XPvAibaEXe/EaMzFFtVZpC9I0eENTuuG,1
A8A01238XPvAibaEXe9CNoSsNIodZ6Va9Cp7esYT,1
AA1C2CB0XPvAibaEXe+gzQv7yQRYbtqPu+C2Ean+,1
51A4ADD9XPvAibaEXe8CWH5HVeMbzhYiluvwtqoR,1
0572F12EXPvAibaEXe80CrbkBDr5tWwm+CyP6i8i,0
C55CEDB6XPvAibaEXe/sKOWIYAkjtlMoz7/BjUnS,1
9666922EXPvAibaEXe/QEoeDNKATR5EfHCU31wMF,1
CA40E650XPvAibaEXe+gzQv7yQRYbvIRxiHCUyct,1
D41D7CC5XPvAibaEXe/EaMzFFtVZpMBXA+5p7K5r,1
976F16B3XPvAibaEXe9wgACCA7SCWb3Cv0TWx4MA,1
9819A9D7XPvAibaEXe9spJK2tF1F71EB435Np5fW,1
0794602AXPvAibaEXe9QSg4kScpiFw8hbgm4ujwa,1
1CDCADA7XPvAibaEXe85qP6RA1XpqsQbNnCYueQo,2
E3C21986XPvAibaEXe9F+oU8wuNbqFg7G8S1jbZr,1
0FCE1BEBXPvAibaEXe+NyYotv4FWdbC4ZrmLSdK9,0
2E1DB3C4XPvAibaEXe8t4cDFHKW3SQNQC3LnChLJ,1
1F28A60DXPvAibaEXe9YgNnR0JxPhQY9zhNpQ0SA,1
ACF58484XPvAibaEXe/QLz2rC0qlTFiCYnfK63o1,1
64EA2350XPvAibaEXe/0WaLAM5c/YGCkjHbj1eiR,1
FF80CE6FXPvAibaEXe9spJK2tF1F77jXwcbLtAoG,1
CD923C7CXPvAibaEXe+9v37KcInSIf524hC4r2fS,1
0FD4FDE2XPvAibaEXe9NZBs7fjgAwegyv9vFcRxM,2
75C2975EXPvAibaEXe9A8avg2Xms/77l/Yqea85e,1
E93510BEXPvAibaEXe9e953jV3NnLjz3gtlFPnGx,0
0BA90F94XPvAibaEXe+4OTPvnL5gPzvycskG3dec,1
7EA47449XPvAibaEXe8zAo0wu8vadiJgTgSo1K60,0
C2FC6BBEXPvAibaEXe8P4L0OhtIpH+JvbJlI8oqm,1
C0EF7379XPvAibaEXe9kEUKWGqhXVDn4wZvLFF/O,1
ACD839CFXPvAibaEXe9NZBs7fjgAwbKamyMHVXG6,2
99C805CDXPvAibaEXe+gzQv7yQRYbhp0ZjcK5+QS,1
2D80FC7DXPvAibaEXe+Em+qhkpGqwMHg7L8FFKN8,2
0AA9CE52XPvAibaEXe/k16nYNlOi0aIXMSL7mown,1
30E1A0E7XPvAibaEXe8jwcgah0Ijmks5DxmSNAVO,1
875CBE51XPvAibaEXe/cAy9n2SNhGPFZf6KmgwxB,2
F07FCC1CXPvAibaEXe+RQyZpP6sq6vtKh1D4q6br,1
6DCC7821XPvAibaEXe/glop/3mrWAGQA6ulFOVDY,2
4BA54C66XPvAibaEXe/cAy9n2SNhGK/NzDSdOGe4,1
78372011XPvAibaEXe/fptT4PBq8NDOHHOREBbs/,1
6DE8EAE8XPvAibaEXe9F+oU8wuNbqEOxNeT+0X3H,1
0BBE84FAXPvAibaEXe8ZCBSJNuktiLx9qlHzH/pa,1
2458B859XPvAibaEXe+TUHAdEwrOx4CNJaGYTBet,1
A511E523XPvAibaEXe93UbSm/ewAMtv/EPAEVV3g,1
3FCF79E2XPvAibaEXe8PCwJaf/8k/IgkHJsjraD5,2
B2FFB941XPvAibaEXe+l4bzn3GsI78JxHZ1p5ib/,1
A6216415XPvAibaEXe/fptT4PBq8NCkxpaQL83jK,1
A7FED1BDXPvAibaEXe/fptT4PBq8NLqcWvjUnB88,1
4DE562D9XPvAibaEXe8ONI/il9MI28gT/VNqMliQ,1
26584974XPvAibaEXe9e953jV3NnLq2zHCHmbJ4X,1
6055C1E7XPvAibaEXe92yZ7KcyiZXse9oHY6yMZD,1
706A71DDXPvAibaEXe/zT99h3DDtveLCfEpy1tt+,1
2C5ACFD5XPvAibaEXe+43HJfrfERJBKn5Utcp9fJ,1
11606E3DXPvAibaEXe9rbQR8nwnz2P7/nhFwpf4X,1
570DF7E6XPvAibaEXe/ZkCDd4JXTLvBHVkSE9L7r,1
5F67CF31XPvAibaEXe+gzQv7yQRYbshqFvzKjIUb,1
DB58D74FXPvAibaEXe/w5GZwSM37/zB97gNmSayv,1
F614DBC3XPvAibaEXe+SIoKUNff6nEHRxOcPP72k,1
0571BDDAXPvAibaEXe8zN2KKhdLFutRJ2ofD5gnd,1
21B7B69EXPvAibaEXe9MpQ5WhbYsPvSriGKnXQev,1
F08854D3XPvAibaEXe8h19maTis8uCOPGbLWpKRU,2
BD8C02BDXPvAibaEXe+sV6KMm2RqHnN1uae/VYbf,1
73FDA8E0XPvAibaEXe92T150Nt0xZsaxuSkOwAKV,0
4BD52092XPvAibaEXe/sKOWIYAkjtqMmin54+S4E,0
F47C0BFAXPvAibaEXe/OS4eb0G5N4iLf8Q8d67rT,1
95FC9CA2XPvAibaEXe+AdDQ9dDabO3PLMsXznU1I,0
FB2FDA16XPvAibaEXe8c9xa8228bbRFLnGQldJbq,1
C55CAD90XPvAibaEXe8QSVVyFBgPn3VNC2CosqLE,1
CA890F13XPvAibaEXe/xn91tBWVNDS2adhJg0xaN,1
145955E6XPvAibaEXe+L7yr6xo33KgiS+3SCnOTa,1
AB09556DXPvAibaEXe+sV6KMm2RqHq3bKgky44Ld,2
B2BC3DD0XPvAibaEXe8t4cDFHKW3SQAE4sO8u5x4,0
58D8FEDFXPvAibaEXe8oET1/EVZ+WhY3aZs5QhcJ,1
7D5CEDFDXPvAibaEXe8jOKYsh0sA3hqrtVrjoZLX,1
9C8691DBXPvAibaEXe+O+EbU9awW5s8iHYOd2OIa,2
B0AB9E33XPvAibaEXe85hkLGQAJy3SPPw1qG7N7X,0
AFBA3A28XPvAibaEXe9qltw0mIqvIaGR0ZKV7Pi6,1
3CB71145XPvAibaEXe+eLIaWcq1sIx2cfRbCXkac,1
BEF541C0XPvAibaEXe9YgNnR0JxPhYj5ZBqeLf7c,0
72567AB3XPvAibaEXe+4OTPvnL5gP3z3vdDf2VlX,2
1FCC882AXPvAibaEXe9A8avg2Xms/7bQhXMQMAzS,2
F95C16FCXPvAibaEXe87cFnqlCoR2S1NLioO+VjK,1
53693DBAXPvAibaEXe+M/BSgLkQKV6YJIMmVLG/Y,0
4693167AXPvAibaEXe+43HJfrfERJIcDmCCTLcve,2
3A23F6E3XPvAibaEXe8EWfnZTwjADyjFNYYNPGOS,1
DD694417XPvAibaEXe+nNcqpVbk9mS6X1E6PHYmp,0
D0663808XPvAibaEXe9/3rpdfvRgguxwLlXGG+gC,1
7CD26520XPvAibaEXe9F+oU8wuNbqDH/0qXXVbp5,2
28C5FFE3XPvAibaEXe8oET1/EVZ+Wr1LoDqRLYoL,1
73647EE0XPvAibaEXe/ZkCDd4JXTLld/XaY+17Gy,0
8DA9638CXPvAibaEXe+sQSfsqovN90PxsvXBNfvp,1
ABBDB93DXPvAibaEXe+Hl3bsG7JYGl6uAGuPK7Tj,1
76B4494EXPvAibaEXe86hknCN730J08pu/5d6EIr,1
0A200A20XPvAibaEXe/Yd5khqDzvKFqSmuEwx/ba,1
0E7A4103XPvAibaEXe9QSg4kScpiF5vRR6VWq0og,2
5FB63812XPvAibaEXe92HFjDDFybW+7VcLAjdv1j,1
5B3FD674XPvAibaEXe/w5GZwSM37//4vV4fqR2yI,1
D07D1304XPvAibaEXe+1qnC7LACO/elIJecXjBm2,1
A374BAE0XPvAibaEXe+gzQv7yQRYbnItwsALXLmJ,2
95FDEA09XPvAibaEXe+gzQv7yQRYbqP5D2KQcxW/,2
9AF95F64XPvAibaEXe86hknCN730J5xO2WrTYw14,0
9903C8B9XPvAibaEXe/CDMtnBauOUGl6U6mVaIFk,2
32EDD0C9XPvAibaEXe9Rxq3EQECnGT27MzFGxRKN,1
22A0D70AXPvAibaEXe8h19maTis8uLQ/4/J30Zgs,1
13163C65XPvAibaEXe/tHzSgYcYugizTzswudkdg,1
B6C3253FXPvAibaEXe+M/BSgLkQKV6Onf6DXwGaD,1
0FF1EBB4XPvAibaEXe/FR4/Q8QxXrerEAZ0oF1KS,1
553B0537XPvAibaEXe8JNpgMW2c4UDCJQq64xisJ,2
1AF7B164XPvAibaEXe8P4L0OhtIpH97bTuIcLVoE,1
608CDCCCXPvAibaEXe80vzpG0swkn8elD4Y2spbQ,2
C0FC7861XPvAibaEXe93UbSm/ewAMhsrnF0T+Vqp,1
F2D773AEXPvAibaEXe/mbD1XVEM0x6PCACQrEPgt,1
1B61E745XPvAibaEXe8nuCevWXzMu5iowySn9tOD,1
6CBAC0DEXPvAibaEXe8zN2KKhdLFurT5rm9BGgn+,1
3126ADE0XPvAibaEXe/fptT4PBq8NP5UrqRKRS5V,1
4E29F6A5XPvAibaEXe/EaMzFFtVZpI+spNZF/JRs,1
6A1641E4XPvAibaEXe8jOKYsh0sA3tu4a2hluo7L,1
21C41C64XPvAibaEXe8CWH5HVeMbzj3kl3A5eMIB,2
6C211F72XPvAibaEXe87cFnqlCoR2SznIX7npOvC,1
4BCFE2FDXPvAibaEXe/0W4kDBen431vZ46NSifsM,1
2EB7FA3DXPvAibaEXe+l4bzn3GsI7z7PuCp9IOTT,2
6EBFCB27XPvAibaEXe93UbSm/ewAMg+U+iVp7yVe,1
42199D8BXPvAibaEXe8oT/p9f7HpveAVDY7l4vTt,1
34833626XPvAibaEXe8CWH5HVeMbzlKgs0PM02eL,0
41313690XPvAibaEXe+cpn4CEMdOCog3HbXm+4K2,1
D6288584XPvAibaEXe9e953jV3NnLk2/dDYnQMLl,1
E79F8CCEXPvAibaEXe+AdDQ9dDabO/BKanvJ//W9,1
310DA2CFXPvAibaEXe+O+EbU9awW5uFT+nCJoWm0,1
301F53B1XPvAibaEXe8VQgmAEjfeNvXqKmbT4qV3,1
8A33AB6BXPvAibaEXe9kEUKWGqhXVMu7FXg586tf,1
5880340EXPvAibaEXe/LIv6QeHs+ZSol1cmgpOS1,1
484D5D32XPvAibaEXe+szMHbfc71UEovkfE+TYFp,2
BF22BB56XPvAibaEXe8zN2KKhdLFuuI32nF9Xx+/,1
FCD1A8BEXPvAibaEXe8jwcgah0Ijml2ST33MM5XT,1
CE0BAAB6XPvAibaEXe+SIoKUNff6nO10MrvJVgqL,1
DB7ABBF5XPvAibaEXe9MpQ5WhbYsPucTy/18dtji,1
B066BD07XPvAibaEXe/w5GZwSM37/19teZofqKMn,1
933571C7XPvAibaEXe8nuCevWXzMu0ArWAnhDGG6,0
2EAA1F6CXPvAibaEXe8CWH5HVeMbzkeADzxvh8Qo,2
DD1BC88EXPvAibaEXe/0W4kDBen4370V44luZTSX,2
51C2563FXPvAibaEXe9/B4OZKkOpV6WP9ifat5Y1,2
13028F10XPvAibaEXe+4OTPvnL5gP5DF3K0bCdr0,1
A1629CC6XPvAibaEXe8JNpgMW2c4UGzL8waqrJ9w,1
FBD83980XPvAibaEXe+L7yr6xo33KlzCekQnOMI8,2
3D566640XPvAibaEXe+HozZBb+7rZ990ZqjSt5C3,1
71FA96A3XPvAibaEXe+M/BSgLkQKV9PQj6mGkFh2,1
CAF9C110XPvAibaEXe8t4cDFHKW3SZrcOzqm7rb0,1
5F2E7E8FXPvAibaEXe/QEoeDNKATR4mxe3VPWKX3,1
5BBF67D7XPvAibaEXe+Em+qhkpGqwAG0PxhFTZ5D,2
851F6B5AXPvAibaEXe8CZDRB45S33CTiGmsmZ4G3,0
432F6886XPvAibaEXe8ONI/il9MI28smK2oMVsI2,1
40261FF6XPvAibaEXe8VQgmAEjfeNlxPA7o8aomx,1
2831E8F2XPvAibaEXe+KnWgScvZ27CM2SgQYi6kV,1
0FA9B1B6XPvAibaEXe+LbSgCtk53mSf0TI7FYT2d,2
B5837391XPvAibaEXe8oET1/EVZ+WiIEtsV3RBK7,1
FB290C91XPvAibaEXe9Wonradwt/oY2WC8L2rQ1G,2
7228AC14XPvAibaEXe9Rxq3EQECnGZA/vO5xtB6y,2
56E7FAE5XPvAibaEXe99QzhWW+eTfNCCUP+o8uVq,1
D2086104XPvAibaEXe+v5SvySgrZwMEZD8B7XtXW,1
3C5C5911XPvAibaEXe85hkLGQAJy3f0eX0aXMlMr,2
ECE75F21XPvAibaEXe8c9xa8228bbce9qN6VCIO3,1
C7EAC2B2XPvAibaEXe9MpQ5WhbYsPnoPZzOye9FA,1
FF5BE5CBXPvAibaEXe90E3nxW1nyaYgm4elOEiHC,1
BFE7B5D7XPvAibaEXe/ZbeP+H+Olzj8bm51LBkvZ,2
466D3405XPvAibaEXe/sKOWIYAkjtjMAEKq+8NQv,2
ABA1E1D2XPvAibaEXe+SIoKUNff6nMA/dSeSmSY7,1
5C34B85FXPvAibaEXe90E3nxW1nyaXmd+GSg3MR1,1
E54B912FXPvAibaEXe8CWH5HVeMbzqu/u3Dm55bQ,2
DA271D39XPvAibaEXe/8rx8cZm8QsXkw1sqD4fAE,1
1EB83626XPvAibaEXe8DnlmqQfnjplhZsiBDoJ8k,2
58553E3AXPvAibaEXe8nuCevWXzMu8qQ0W6dDPFZ,1
B763EBBEXPvAibaEXe+tSA7t7USLJ8wXWboxiCqH,1
53056189XPvAibaEXe/GYDluKvKBtUxBCSZWf8lj,2
23A59DECXPvAibaEXe9CNoSsNIodZ5ZuSoSMqTXC,1
5F83F124XPvAibaEXe8XtTI6VHhlKP5QbvIcRjnZ,2
DF3C1EA7XPvAibaEXe8oT/p9f7Hpvc+sWUwvzn0+,2
C8D5F11CXPvAibaEXe/zT99h3DDtvVTLXtJ48EIp,1
0F72A481XPvAibaEXe/CDMtnBauOUMXRTQE2/tpe,1
1D2FDD1AXPvAibaEXe/Fv9q7dZquWaGfko4R0oz7,1
72E0B264XPvAibaEXe+GapkXz3RH2FZJqaWXWSwC,1
366832FCXPvAibaEXe/glop/3mrWAOvO4Wa5Wjw2,1
EB097949XPvAibaEXe+43HJfrfERJL2qy4GDIBkq,2
0B312C42XPvAibaEXe9Rxq3EQECnGR9wTGJwVojS,2
A0340D94XPvAibaEXe+eLIaWcq1sI+LcGZPqKyOQ,1
7D2BFCCEXPvAibaEXe/Ep1mHRpPbrLnl5rhjFSXj,1
DDDD70B7XPvAibaEXe8VQgmAEjfeNmmB5YW7Csg2,1
20376F8BXPvAibaEXe8eBN4YWA8YUzYmoz2mXuA3,1
1114EF6FXPvAibaEXe8zAo0wu8vadmgXgKBiB/wp,2
570C0CE4XPvAibaEXe9A8avg2Xms/3htL5Qa35fH,1
5556B223XPvAibaEXe+sV6KMm2RqHnLQl0o2p6LU,1
546DE3BCXPvAibaEXe/sKOWIYAkjtv9wK90lWKtB,1
168ADE1FXPvAibaEXe8JNpgMW2c4UNCJEPTBH44u,1
304FC822XPvAibaEXe9wgACCA7SCWcmN4JswhdoU,2
E78B27A0XPvAibaEXe+L7yr6xo33KlmhuuffLdX8,2
C39E8DEBXPvAibaEXe9Wonradwt/oQ34MdpLUe7z,1
3BE63121XPvAibaEXe9CNoSsNIodZ+dTiP58qxeU,2
B4244E85XPvAibaEXe+MR0BPJNCxyWl1u2zdIZTI,1
5779C75BXPvAibaEXe+rucNIMwNDA+TFxVpjQysF,1
4C9C40A6XPvAibaEXe92yZ7KcyiZXu3PzFXuikme,1
F68D2DECXPvAibaEXe+q0E3QguGBpQs6mu/2ngHS,1
CF5008C2XPvAibaEXe9QSg4kScpiFy+H2jTyrDh1,2
39C240FDXPvAibaEXe8VQgmAEjfeNpOHA3JbdAhl,1
6B8CE2ECXPvAibaEXe+l4bzn3GsI7yrNzeUoDsl8,2
C0AF3102XPvAibaEXe92yZ7KcyiZXjRvzGJGaXth,1
ACBF92F7XPvAibaEXe9rbQR8nwnz2NA+3e2mquhn,2
074D6770XPvAibaEXe8XtTI6VHhlKNbBRQvxJav8,2
6520521FXPvAibaEXe+l4bzn3GsI78NCyURFX6QH,1
743D8E7DXPvAibaEXe/Ep1mHRpPbrAJWw/bG0cjT,2
EEB70E6EXPvAibaEXe9QSg4kScpiF91FkmqzIGab,1
40764158XPvAibaEXe82B8VnNvUD6HIoPK66/l6J,2
77D30C4BXPvAibaEXe9F+oU8wuNbqPQ0RvvesXHZ,2
FA3B3223XPvAibaEXe/glop/3mrWAOZRKBX4avQd,1
B081FB4DXPvAibaEXe90E3nxW1nyaSMnUvKRNRBe,1
23284746XPvAibaEXe+Hl3bsG7JYGhauxgITF0XA,1
3B903658XPvAibaEXe+oo0hccQuSuCJ/09Amk75g,1
0D5711A8XPvAibaEXe/0WaLAM5c/YIOGjiiYt77w,2
298C9242XPvAibaEXe8QSVVyFBgPnyyNG08W46Dl,1
11BD93B4XPvAibaEXe+tSA7t7USLJ5TG0uul1pVK,1
AF45B154XPvAibaEXe8nuCevWXzMu2vbp+o37Jwz,1
364B9763XPvAibaEXe+SIoKUNff6nJS9tRl8cEDE,1
012B2267XPvAibaEXe92T150Nt0xZhRfmxS1FqFL,1
0D099817XPvAibaEXe/QLz2rC0qlTN31aJPhLzTb,1
F31CCE4BXPvAibaEXe9/3rpdfvRgguoJCeRLGESl,2
E4C20168XPvAibaEXe/z9L7tMg5te8QepmdURl2L,2
7BC09E4DXPvAibaEXe8E6yzSPpyFOY5if8q8PnHf,1
66A5386DXPvAibaEXe8E6yzSPpyFOdE1/ewFpu4R,1
5458322FXPvAibaEXe9e953jV3NnLmnTzZBJd/n/,0
BB5A8984XPvAibaEXe/glop/3mrWAOevzdJ1vixJ,1
5093AC46XPvAibaEXe8ONI/il9MI2xuf/F5aqmF/,1
00C1823FXPvAibaEXe92T150Nt0xZm0PNPjZ334J,1
83FAA9CAXPvAibaEXe+oo0hccQuSuOtStIwkWhsf,2
401A9DC9XPvAibaEXe/Yd5khqDzvKDRkA+4NI5nP,2
287EB7D8XPvAibaEXe/tHzSgYcYugiCSLma3MtUV,1
029FF400XPvAibaEXe/CDMtnBauOUI3KOirhtT3a,1
BEE887D8XPvAibaEXe8IXn+MV9wqksnBCoDgjGDr,1
AADC83AEXPvAibaEXe8N+uD/a8GbgsFn22qn3bPp,1
FF78FD78XPvAibaEXe+v5SvySgrZwBlx8xENn2SD,1
43C0E99CXPvAibaEXe+SIoKUNff6nOiecDwAMinR,1
AE0BA578XPvAibaEXe/EKiY6F5FD8MeGxvYHJDvH,1
93593695XPvAibaEXe+eLIaWcq1sIy5lY+pq/o0l,2
04937B4DXPvAibaEXe+KnWgScvZ27EaSNJL9HdvK,2
527C96DBXPvAibaEXe90E3nxW1nyaSaBQPJ1xSgd,2
F04DAB48XPvAibaEXe+oo0hccQuSuF2V98IwNKVT,1
4BBEC540XPvAibaEXe/zT99h3DDtvRYWNXD2gFdl,2
C3B5C75CXPvAibaEXe9/B4OZKkOpV4c1pHKDiTAR,1
7372A3C8XPvAibaEXe8IXn+MV9wqktrUllg1+oDo,1
E59A5C43XPvAibaEXe/z9L7tMg5te9CtQzZVadbw,1
A1404830XPvAibaEXe/xn91tBWVNDfH+942dv87h,2
EF0059EEXPvAibaEXe/0WaLAM5c/YKXUfKbMtkzT,1
899E8FC6XPvAibaEXe8E6yzSPpyFOXskFqqjy6Sj,1
E709AD9AXPvAibaEXe+sQSfsqovN96G+sEOwk2U0,2
54432156XPvAibaEXe9NZBs7fjgAwTuv9KH5mIu7,1
EDCC64D1XPvAibaEXe/8VZV/juG2bdfSnocaH4UD,1
105D7067XPvAibaEXe+oo0hccQuSuIIOyis7Wl49,1
B63BAD6FXPvAibaEXe86hknCN730J0B/fT7Zl1C/,2
6D7A4DA8XPvAibaEXe8E6yzSPpyFOZrdxnItPn/H,2
73C8223FXPvAibaEXe/mbD1XVEM0xx/g93VJJZco,1
2FFA1922XPvAibaEXe/z9L7tMg5texVdw5ukkKDI,1
FF2B24D6XPvAibaEXe+MR0BPJNCxyccss6nBwbuO,2
DC497D96XPvAibaEXe80CrbkBDr5teXDORYMHJR3,1
F52E4292XPvAibaEXe9syD7Vfew2qUpKFzKx0SeA,2
7952399AXPvAibaEXe/EKiY6F5FD8I7YYXs6cBFI,2
C2A1E297XPvAibaEXe92yZ7KcyiZXj6yXncckpSx,1
B6481C8AXPvAibaEXe97yKczitj7grgwcsjVrVbk,2
6C1D614EXPvAibaEXe/nv6PZ4rt50gMq3SlqZ5wF,0
457E62E4XPvAibaEXe8SXrohzbXmSzd1anB7ERzt,0
ADDDDAF5XPvAibaEXe8pr9LKErUcFdSaHJ+VfYkD,2
DE7C4BC2XPvAibaEXe/F8UIBT+N0TyZ0IEXN/ct2,1
7E798061XPvAibaEXe8CNW5gpzV0gW64LdQ87tsW,3
5EBFEB3FXPvAibaEXe/3Z2K7mhA0JZypCzVRdZhc,1
79549DFEXPvAibaEXe+PAOVcd+LnOXzlA8ZtwFeA,1
C726C6ACXPvAibaEXe/eCkq6I30ZSllYtg3dkuEY,1
6006632FXPvAibaEXe+cD2dfYrNOt1Rv5J9HCTJA,1
61F8125DXPvAibaEXe9RBNO8knVPD1aCyE6IUBmm,1
D594E8B8XPvAibaEXe/Q6C3BndaQUMJ/zKGGI7If,1
566261C0XPvAibaEXe+HeL85QGo03a9hUZtbafsZ,3
35C080F2XPvAibaEXe9PDEhlfOA/zz5+zrE4exZR,1
6A59832FXPvAibaEXe9RV3kg6cpLDIrCGskoUjyf,1
52DB8271XPvAibaEXe8n6FFpptVzUuzbSv2XdjNy,1
D396F33FXPvAibaEXe+k2gCw0RZzlacMv04fDVkq,1
93707CBCXPvAibaEXe8Lp0YaxzdqUloJWcWg4lRW,1
19D440D1XPvAibaEXe/X5ZhFzI36lFB1T31Couu2,0
D3A3CE8FXPvAibaEXe/iIkJq57vD79Vm4PxFnZD3,0
07A5DF5DXPvAibaEXe/iIkJq57vD7xT1F93WH+20,1
7A85BC3CXPvAibaEXe+3zE134gecvwi+QlVmKGR6,1
EEE82A3CXPvAibaEXe+tKlY40ATmdffjQOux7sDP,1
050C0B15XPvAibaEXe+RaLErOlzghf6IG53IfKu6,0
EBEB0A59XPvAibaEXe9E+yOJSz6HoVHmiq8yehqc,1
171595A9XPvAibaEXe9cPs/fVpB+n475y91KVQ5i,0
E8EF5FECXPvAibaEXe9npw4GElGYwc8Qu4fCRzoz,1
A104C227XPvAibaEXe9npw4GElGYwTghKPAaKlEb,0
CAE4F801XPvAibaEXe9YYF5FMCfolLflNZNty3Ei,1
D935D44EXPvAibaEXe+Ld9vP5I9+1gXwJ/3b2rj/,1
2A253C75XPvAibaEXe+Ld9vP5I9+1sUkl9n3Th95,1
4F6A8288XPvAibaEXe/lyY7+7E9oi7bf8hTYZLtG,1
F6036132XPvAibaEXe/lyY7+7E9oi8+16161FcLm,1
CB9BB1D7XPvAibaEXe8BxOZlGHrYNymZpYFw4ucN,3
F4F703C7XPvAibaEXe+4XPPXlKRz0ASYHj0yiFyB,1
86E7484CXPvAibaEXe+YGniCiyMp01wim0VjC6EG,1
6C377858XPvAibaEXe+YGniCiyMp0zgviDn2PyE6,0
D2EB2F8CXPvAibaEXe9TMBdu4IUydwog7HCMOJmC,0
CCE66A29XPvAibaEXe8scZUjY2tXh/nnfZ1FSC8S,2
E8F86B42XPvAibaEXe+Qnco6wu+o6K/z8+g4tmGo,1
36F9261EXPvAibaEXe9PDEhlfOA/z4GNYg+RdhOv,1
E94A83F8XPvAibaEXe9RV3kg6cpLDKSkuuD/wPM/,2
7AE29972XPvAibaEXe9iVChpJY9DIR/n0YV6F0VS,1
D97D3A91XPvAibaEXe+65Is9PO18G0d0cJRrkVRA,1
1048DB71XPvAibaEXe+3zE134gecv/BAWvuh394v,1
02BF7901XPvAibaEXe81w9eVvyp+l/OBpi+Ps6nu,2
6439796AXPvAibaEXe9iOtseai5jcgPJk1yiNrdj,1
6737E007XPvAibaEXe+SgbKufUiN7Cgz+ZmGhWIf,1
3AB7EC1EXPvAibaEXe8zLanLNVS12aYJ9kFIkU02,1
247C2344XPvAibaEXe9KWpGOh3zHlyvDzuPqYmJW,0
77C65AB4XPvAibaEXe9KWpGOh3zHl17ZUy0XehSC,2
5954D208XPvAibaEXe+8PTy9pH9lF9RmMGCEJ/mW,2
83C18F25XPvAibaEXe+cHxM5cHw4WsUHwqR7ET9a,0
03CB8DC4XPvAibaEXe+4XPPXlKRz0LWy5kJsvBRv,2
0ADBF83FXPvAibaEXe+BUGeEgVnB4KvCAkeuR6Fc,0
00A65C83XPvAibaEXe+BUGeEgVnB4GtsCU49A5+8,2
82AB644CXPvAibaEXe8CNW5gpzV0gUjrbzVSLssM,2
2BB89609XPvAibaEXe//eUaw4J38K91T9QIG09mo,1
628FBFC9XPvAibaEXe/eCkq6I30ZSofEmthq6vlx,3
7110F626XPvAibaEXe9kkdDkOt5iFmMAIPwDGEG9,0
C42497E8XPvAibaEXe/WIUWn3FBMGNDDLlZhZFd4,1
E6963FB3XPvAibaEXe/XOPUzjjLegHdSw5mPkBXa,2
E42E67D1XPvAibaEXe/XOPUzjjLegN4zu4vTAbiq,1
DE84103AXPvAibaEXe8/V1eK05z0442dkLKXGv09,1
09CB50DCXPvAibaEXe/sDxpKTuGnIKhTMmxfSnq0,1
3916C931XPvAibaEXe9Veo8epKbTmIqS44UompD3,0
E42E9B51XPvAibaEXe97yKczitj7gnLErDmUHlEC,2
3A750D7CXPvAibaEXe+65Is9PO18G6T13/shJ2bW,1
0B244D90XPvAibaEXe/nv6PZ4rt50u5JermYiF3N,1
2F177E63XPvAibaEXe9pz/hgBFL5IHwVUBkcq6zR,0
72C18F32XPvAibaEXe9pz/hgBFL5ILG7SOWQGRft,3
39F25730XPvAibaEXe/WuJYGMdaNyAXRB943SiE8,0
E77F49FEXPvAibaEXe9KG2OR8ZVK3p8YpzWyk1qC,0
089D0D67XPvAibaEXe8NoNh54Mn6M4hvoYUrZYVz,1
EAE06A5DXPvAibaEXe9npw4GElGYwT19PZ/fuxfj,1
1653E1ADXPvAibaEXe/F8UIBT+N0T1dgm122Jx54,1
23DD1839XPvAibaEXe9iOtseai5jcmBAIv3PUbht,0
DF271615XPvAibaEXe/QqI5At3DBgjGIGsLSp94j,1
73EE5E2FXPvAibaEXe80b1fr0fH/JpGZh+84fuX/,1
CCABEF96XPvAibaEXe+Ld9vP5I9+1nr2FpGq2fbd,3
57E13A61XPvAibaEXe8+PBTAPRlCY4Fxg0JLezSn,1
93ED182AXPvAibaEXe+A+6mRsShfH/ilHgWOiULi,1
393A8579XPvAibaEXe/j7U1wtp2b2fbD/nh3qR8T,1
46C8E1B5XPvAibaEXe8CNW5gpzV0gaertn0szWG1,1
9677CA8EXPvAibaEXe/3Z2K7mhA0JTfEPM2on6mh,2
7DCDCDD1XPvAibaEXe99J3nD1pBZIs8o3V4oq4f+,1
AEF07E43XPvAibaEXe9Z0fDyfUkzH2QCiRNOpVYw,1
84CF78A7XPvAibaEXe9Z0fDyfUkzHzM2esLePC79,2
83DCA101XPvAibaEXe9Z0fDyfUkzH4vSGY2cA9D0,1
18B8DFDBXPvAibaEXe+cD2dfYrNOt9Cr949lFN5c,2
B16FE6E4XPvAibaEXe/rtk4wDmxi928zOQNSrnKr,0
7481C404XPvAibaEXe/rtk4wDmxi9/C1USTtYCCy,0
C3FA84B0XPvAibaEXe/WIUWn3FBMGHkK7TKrYEh+,2
6804DC20XPvAibaEXe9dKITjhF3qTSqJgqvgUdJ2,1
5700075FXPvAibaEXe/rtk4wDmxi91Qm4QLXujt6,0
26E7FDE2XPvAibaEXe+RJ/Hp4D2y87uHxrAcmcm2,1
58C5C1D1XPvAibaEXe/XOPUzjjLegKlrX6fqzQJv,1
4E7F4557XPvAibaEXe/XOPUzjjLegOpf3WAzgz0r,3
E4E17307XPvAibaEXe+Qnco6wu+o6GGLDOT7PG0U,3
050F140DXPvAibaEXe8/V1eK05z04yfYqNp+lM9T,1
CF42D7FCXPvAibaEXe8/V1eK05z04y7bZTFNUkDu,1
78607413XPvAibaEXe97yKczitj7gpzdibkOUmGw,1
705B86CAXPvAibaEXe+VDSoAYozpw2uCd0epomWr,1
EDBA793DXPvAibaEXe8n6FFpptVzUqm+dEZBBg2Q,2
BFFD9830XPvAibaEXe9iVChpJY9DIVZ8M4HX8x1e,1
43CCA7BDXPvAibaEXe9DjwUQ+Cta8QZaLPJ5vcTz,0
79FA2436XPvAibaEXe9DjwUQ+Cta8RL4LrKkCelA,1
9D8C6D91XPvAibaEXe/CiPILllTJfwk4E+2u3pfJ,0
3F0850FBXPvAibaEXe/U5lSbganJ80ns0wi7lt38,0
7E8C259CXPvAibaEXe/U5lSbganJ85rT8T4Em9NG,1
253B18D4XPvAibaEXe9WcTnuikKYKiGGt+wMTvNh,3
CA668C5DXPvAibaEXe+3zE134gecv65auNSJ4tNX,0
B5B390A8XPvAibaEXe8pr9LKErUcFfh60cRtCBT8,2
0155D7F9XPvAibaEXe+RaLErOlzghWNFVX9jT8kn,0
ECD0FB3CXPvAibaEXe9E+yOJSz6HoWo8/+e+gTa4,2
BB7C62E2XPvAibaEXe9cPs/fVpB+n3eSbptIOuv+,1
1A93917EXPvAibaEXe9cPs/fVpB+n0Ikv5cPOQua,1
4314F2C7XPvAibaEXe9/83vYrk4yZiOv5X52CTn6,2
ECE76E0DXPvAibaEXe9YYF5FMCfolAEgvqGQYBtN,1
3C890973XPvAibaEXe/wM5TrBBCDMZctOeF4oeIf,1
740A2C5AXPvAibaEXe9NdAclo3+sVy/niSBfKxtQ,3
12426C65XPvAibaEXe8zLanLNVS12QLqXQqcjiuT,1
7A40BC9CXPvAibaEXe8LX4hhYKrFZrvyFwQhItHz,1
2E949899XPvAibaEXe8LX4hhYKrFZqLdN93hAjtN,1
6C8ED372XPvAibaEXe+98B3vqZGkWERnhi/FDlFC,2
3DD6F18CXPvAibaEXe9YXJ3+ew7OHEXS0l6PEXPK,2
D348DF14XPvAibaEXe9mjVtuyMJi9Az4nuyo8uDn,1
A7EE8EA8XPvAibaEXe/wvgrdNVCyf+YpLYZ+3PkD,1
91DED076XPvAibaEXe/wvgrdNVCyf5uuwil8NN3j,2
33B4B1F5XPvAibaEXe+4XPPXlKRz0EV4ZG7086cL,1
27DE8F0CXPvAibaEXe+4XPPXlKRz0OOesUWAG4OI,0
138DA4D7XPvAibaEXe+Z64Gg7q108I+yt369irfk,0
709876F2XPvAibaEXe9fw8mX+aV2oweP33XrQ8TL,3
CEA9ADBDXPvAibaEXe9fw8mX+aV2ox9LBb71AJ4b,1
F6A3A4AAXPvAibaEXe9fw8mX+aV2o6EZOmQDXHSo,1
EF1D4404XPvAibaEXe9fw8mX+aV2o7Ii+EddSadO,1
3DB34210XPvAibaEXe8scZUjY2tXh0/vfnaoGGi5,1
9A5B9373XPvAibaEXe8scZUjY2tXhxhcGa9kbq2F,3
D45EF757XPvAibaEXe8scZUjY2tXh1CjOAT+J3zC,1
4374EDBEXPvAibaEXe8scZUjY2tXhzKEGuZfEnUy,3
40951AD4XPvAibaEXe8AMmr3Xq9FJ98FnIoeM4iH,1
1F1FF991XPvAibaEXe8AMmr3Xq9FJ/R8zKwFOf6O,2
D57A110BXPvAibaEXe9p78qxnH96y/oT+/wVnOwQ,0
7ACF3993XPvAibaEXe9p78qxnH96y309RWXe+E33,2
7A4947EAXPvAibaEXe8c/asunKa47MC7Zfux2sgr,1
C687AF0CXPvAibaEXe//eUaw4J38K1EHQA9HEVQt,1
4CC07FEEXPvAibaEXe/eCkq6I30ZSqI8QNgInFrB,1
FE692FB2XPvAibaEXe/Q6C3BndaQUMQ/+BspERWE,3
259094ECXPvAibaEXe/WIUWn3FBMGHCBfIJI1br3,1
C16635A3XPvAibaEXe/WIUWn3FBMGO9TF1AY2bsV,1
5EF71766XPvAibaEXe+RJ/Hp4D2y8wfFlRYX07/G,0
8442D4A1XPvAibaEXe8n6FFpptVzUnUcDJxNSI27,2
9000796CXPvAibaEXe8n6FFpptVzUnTo9Rozmi6l,1
ACB5B238XPvAibaEXe9WcTnuikKYKsvTtyRFi5l3,1
D83CDF34XPvAibaEXe9iov3KWPg5dV+r38ZhFHqa,1
6698ABC8XPvAibaEXe9iov3KWPg5dUxj1atZ4QoU,1
A2AA99C9XPvAibaEXe8pr9LKErUcFVLtFPChX+OV,0
9C0D236EXPvAibaEXe+tKlY40ATmdaT16AakNPwq,2
FCF73B27XPvAibaEXe81w9eVvyp+lxW6BC2pMPEA,1
F48E1818XPvAibaEXe9cPs/fVpB+n8mddEtkxwUa,1
4BFDFE83XPvAibaEXe+98B3vqZGkWBqus1ZTQMvj,3
FA1B46CDXPvAibaEXe+sa6H++BHvyho7a8y9y0C/,1
A7EE3FCDXPvAibaEXe9YXJ3+ew7OHM3xw9ruNssM,0
36C59801XPvAibaEXe9ESTQu9OOcIHvjhnHtGOAu,1
F705031BXPvAibaEXe9ESTQu9OOcIDrYdFbnYAVy,1
A2AAB390XPvAibaEXe8BxOZlGHrYNwuNJvxpRkul,2
ACF6497DXPvAibaEXe/wvgrdNVCyf4n0nWj/daN+,1
9199B61AXPvAibaEXe9d+rE/yvWoKOmYt9KLq4ZY,1
BBA521B8XPvAibaEXe/j7U1wtp2b2WR3bKAVoWfk,2
AA47DEB6XPvAibaEXe9npw4GElGYwUDzS3jhtPPI,1
DCA85B37XPvAibaEXe/QqI5At3DBgr04YmgTMWo/,1
BA859156XPvAibaEXe+cHxM5cHw4WkpeapAn73Y4,2
5B881D5FXPvAibaEXe8BxOZlGHrYN5yIXtjZt3PF,1
DC1CC15BXPvAibaEXe+Qnco6wu+o6NrsntQIBWot,0
D1CF0680XPvAibaEXe8y6/RMXZRwBRNEtSk1fgWN,2
CF35CF01XPvAibaEXe9TMBdu4IUyd9U/wq42YyA5,1
B3595230XPvAibaEXe8AMmr3Xq9FJx3YwFBtE8jB,1
64733246XPvAibaEXe8CNW5gpzV0gd9br0mz53s9,0
070648B8XPvAibaEXe//eUaw4J38K1LhhDp5NbpI,1
EA9D1437XPvAibaEXe+PAOVcd+LnOXg88hW+auPG,1
7AF2040EXPvAibaEXe+PAOVcd+LnOR5aeXvgUbVq,2
BA29F737XPvAibaEXe/eCkq6I30ZSqWydniBd+5u,1
EF4A5139XPvAibaEXe/eCkq6I30ZSkwh2vOdgUjJ,2
A448176CXPvAibaEXe/eCkq6I30ZSjMojns0bjKw,1
DE042902XPvAibaEXe9RBNO8knVPD9+l7TQCEgD1,2
F8372FE8XPvAibaEXe9dKITjhF3qTSQqHqHXbYuV,1
E72E67E9XPvAibaEXe/Q6C3BndaQUDhqRcxtkfhD,1
C34C8584XPvAibaEXe+cD2dfYrNOt54u1kVDwPzX,0
9D09A6FCXPvAibaEXe+cD2dfYrNOt3Tpjw0B9ZYa,0
48B23FB5XPvAibaEXe+RJ/Hp4D2y8ynZnIoJUTsT,1
6B364036XPvAibaEXe/XOPUzjjLegAIPZ7jPCoV9,1
8C1CD38BXPvAibaEXe8/V1eK05z044S2pOzZj+R0,1
BAF1C58AXPvAibaEXe/sDxpKTuGnIFC/dAI+1/M/,1
E69EA034XPvAibaEXe/sDxpKTuGnIMW6eoa3/VZ4,1
FC561CAFXPvAibaEXe97yKczitj7gpCrvLu2vA59,1
4A4946DDXPvAibaEXe+VDSoAYozpw1nGemR2oZt2,1
15D58130XPvAibaEXe+VDSoAYozpwzbO1ZfOuLVh,1
90CA4C39XPvAibaEXe9tSnfLfDeWam7SYEDY+UY0,1
37E97C19XPvAibaEXe++R9hzjt1s71Xccrv/DP+b,1
8DFE6193XPvAibaEXe8n6FFpptVzUtx5eJW5tpY6,1
EC73C060XPvAibaEXe/CiPILllTJf2pSaWuw87oR,1
5DD5F416XPvAibaEXe/nv6PZ4rt50kwnvSbCHl0f,3
36338FCBXPvAibaEXe/45+b0LBlJ7F/6Y7BUQGBY,1
C7FD4A7CXPvAibaEXe+k2gCw0RZzlUaEg26oRWYg,1
9A59ECBEXPvAibaEXe8Lp0YaxzdqUmywoo3dCxqM,1
2B771E5EXPvAibaEXe8SXrohzbXmSwYDapBNbQoZ,1
40052890XPvAibaEXe/X5ZhFzI36lFZgcFl/9nmE,1
1986DE1EXPvAibaEXe/X5ZhFzI36lM9eveZtkLkA,0
F8FD5EC4XPvAibaEXe+SrLE9JUD3pMbSmYbS+E2t,1
2EEEEED6XPvAibaEXe9pz/hgBFL5ILPMfLBTqerZ,2
39214D01XPvAibaEXe+zCbAzes7YitnRNWgiyH/F,1
958B36EFXPvAibaEXe/WuJYGMdaNyHm2Xz5sTgys,0
2706FC95XPvAibaEXe9KG2OR8ZVK3rHpLH3OxKa9,2
FDE05058XPvAibaEXe9KG2OR8ZVK3rWoUJttUIXQ,2
00DC581CXPvAibaEXe9KG2OR8ZVK3umWFpCcHAl6,2
46A99B04XPvAibaEXe+3zE134gecvyrsloNJNorF,1
9E7720D0XPvAibaEXe8NoNh54Mn6M/Vxi2/pE5KO,2
31076FD7XPvAibaEXe8pr9LKErUcFW1wn2BR8mpU,2
3EE86753XPvAibaEXe+tKlY40ATmdUOzEdqgsUxi,1
33C080E6XPvAibaEXe8u6ih8pRJJpBDxYyT4qHXR,1
3607336EXPvAibaEXe9cPs/fVpB+n/gOEItS3aTM,2
45955949XPvAibaEXe9/83vYrk4yZqaijlL6ZDkW,3
3ADE0AA4XPvAibaEXe9npw4GElGYweb+gAXdQS/j,2
B2F1F3CEXPvAibaEXe8a4mdANazFZH7X437gU+Fq,1
47032754XPvAibaEXe+SgbKufUiN7Iy/aLAjGyiI,0
CEC0B89BXPvAibaEXe8a4mdANazFZO0OM6/pN5Wb,0
F69A28A2XPvAibaEXe9iOtseai5jcooI5sP6CWOo,2
90E7A914XPvAibaEXe/QqI5At3DBgrADHTxqvPb6,1
E3A1C5C4XPvAibaEXe+02ryNj/uIX1p5sFHlu5iC,1
6EFEC89EXPvAibaEXe+02ryNj/uIX5QJGx5iGReW,2
5E3D6710XPvAibaEXe8LX4hhYKrFZtAiHDGatgxb,1
5F9787DCXPvAibaEXe+sa6H++BHvypal5NtEMx0I,1
D92EAF87XPvAibaEXe8+PBTAPRlCY25VB5See4G0,2
D21960F3XPvAibaEXe9ESTQu9OOcIP13B7WoEeJ/,1
44CA70D3XPvAibaEXe/wvgrdNVCyf8LXTc1+/opL,1
9D5A6B3AXPvAibaEXe+Z64Gg7q108DuQ7CLdC5/w,2
1C72F7A1XPvAibaEXe+BUGeEgVnB4HQrF3Fc09rm,2
A062E582XPvAibaEXe+YGniCiyMp0w3RlWh7NqXK,0
A27E19D0XPvAibaEXe8AMmr3Xq9FJ45GUBywxUMu,0
DC72A7BCXPvAibaEXe99J3nD1pBZIkYSOA+W9OcM,3
DA5560ADXPvAibaEXe/Q6C3BndaQUOtcgSAM5dMg,1
9A0CC77AXPvAibaEXe/eCkq6I30ZSoqj3KyLdXuQ,1
A99EF175XPvAibaEXe9kkdDkOt5iFnXzQZZM81t5,0
9B498412XPvAibaEXe/XOPUzjjLegJ07OJR+rTz/,1
48CD671EXPvAibaEXe+Qnco6wu+o6JAdyuwr1vS3,1
762DE645XPvAibaEXe+Qnco6wu+o6K8lGUCDrTF7,0
C71F9637XPvAibaEXe9PDEhlfOA/z//49k7K66lo,1
4690747EXPvAibaEXe9DjwUQ+Cta8QoYKmpDhtPH,3
67F97CE7XPvAibaEXe/CiPILllTJfyfNtrSb5F+3,1
3A2029BEXPvAibaEXe+Om5b1Z5BSkR6ltrfaYI98,1
E0EC4195XPvAibaEXe8Lp0YaxzdqUqcX+U22dVB8,1
9AF51612XPvAibaEXe9iov3KWPg5dZmSAbesjKsh,1
18F4F8F2XPvAibaEXe+tKlY40ATmdfGEqS2eK+kG,1
72EE8BD7XPvAibaEXe9NdAclo3+sV7oJhBuVqVwR,0
4D0C2B6AXPvAibaEXe8a4mdANazFZPNAcRA65g/i,0
CAC4286EXPvAibaEXe8a4mdANazFZCAmkjVkkNUv,1
D0C629C0XPvAibaEXe+fPSOag5leTeota8X7NDoH,3
A1296A82XPvAibaEXe+fPSOag5leTUH5Dafp+hav,2
7BEDC07CXPvAibaEXe9KWpGOh3zHl5qOD67ZCwQD,3
BF6EE92DXPvAibaEXe8LX4hhYKrFZsw2W+nYk2uK,3
B1F65DF7XPvAibaEXe+sa6H++BHvyh8ICeP+fs6b,1
D1C33C40XPvAibaEXe9xHju59ydahS2HvMczzT5k,1
4B44DB9CXPvAibaEXe+cHxM5cHw4WnfUr5zHt0ak,1
7ABE5F01XPvAibaEXe+A+6mRsShfH1jsux48gpzj,1
C217C756XPvAibaEXe9p78qxnH96y4HBwJfkd3md,0
B185FC25XPvAibaEXe8c/asunKa47N3ivbKhlRAW,3
1ED6A4F0XPvAibaEXe99J3nD1pBZIhGQiopf02P5,2
20B7F2AFXPvAibaEXe8c/asunKa47Nvc4FVQiXhD,0
693BF40CXPvAibaEXe+PAOVcd+LnOYY2k3crUSnI,3
30C1E23BXPvAibaEXe9Z0fDyfUkzH0a3xZHL/Zzo,1
6F909887XPvAibaEXe9kkdDkOt5iFndo8cGwFbW5,1
D3F155E8XPvAibaEXe+HeL85QGo03VAAId5CwzhR,1
AC99E801XPvAibaEXe+HeL85QGo03cWoA4lJPyvW,1
D0D3E479XPvAibaEXe9dKITjhF3qTbDIVCd0AUNE,1
19C13BF9XPvAibaEXe9dKITjhF3qTfDTJ4iekS7O,1
59AF69E9XPvAibaEXe+RJ/Hp4D2y88U/F1+2RPXl,0
1851EBA5XPvAibaEXe+RJ/Hp4D2y85FdSlCGi6hV,1
E8B62779XPvAibaEXe+RJ/Hp4D2y80sWiccrtoip,3
17E2923DXPvAibaEXe9kkdDkOt5iFjQGt9DxGJRj,2
936949CFXPvAibaEXe+cD2dfYrNOt4S9CaHmgCJo,1
336CCBD7XPvAibaEXe/XOPUzjjLegAUGrAUxLRl8,1
B02B5438XPvAibaEXe+Qnco6wu+o6Ir+uWqplAcr,0
D5CC8F4FXPvAibaEXe+F+2tZHEiFCbJ7m/A6LQ2N,2
46D03CDEXPvAibaEXe8/V1eK05z04+gunWx7kU4J,1
942D7FD3XPvAibaEXe/sDxpKTuGnIPx5hXbE8W0F,1
10D66DE9XPvAibaEXe/sDxpKTuGnIA9sAWIq7IQT,2
D7A6B816XPvAibaEXe9Veo8epKbTmIWw8bry+I3P,1
76FB7980XPvAibaEXe+VDSoAYozpw4jnAmuBTqHB,2
F0A647A5XPvAibaEXe+VDSoAYozpwxu4EUSrr8sK,1
4920F8CFXPvAibaEXe+VDSoAYozpw7ZMmYF5tbdW,0
858DCF80XPvAibaEXe9PDEhlfOA/z79rx8ZyWJXT,1
CBAE82C4XPvAibaEXe9RV3kg6cpLDA86Xo0Kq2J6,1
E3E749B3XPvAibaEXe++R9hzjt1s7yJmiN1bP1O4,1
779568E5XPvAibaEXe++R9hzjt1s79WrsGQ5d4Ek,3
5ED4AE87XPvAibaEXe/nv6PZ4rt50tPMlohzMVjy,2
0B29E970XPvAibaEXe/nv6PZ4rt50lj4oHYu75WK,1
CFA6BEC2XPvAibaEXe+Om5b1Z5BSkViGOUAFxaiU,1
E060B6ADXPvAibaEXe+Om5b1Z5BSkZCkGwzG0HTB,0
2773033DXPvAibaEXe/45+b0LBlJ7DcasbYNV/NV,3
00AD2952XPvAibaEXe/45+b0LBlJ7GBrgcGKBM3K,2
14E627F9XPvAibaEXe9WcTnuikKYKmNDdaYQsG5E,2
72BF2591XPvAibaEXe+k2gCw0RZzldePi1NnPhEq,0
D758809CXPvAibaEXe+k2gCw0RZzlczZZcWPoQbI,1
A9932036XPvAibaEXe8Lp0YaxzdqUttlVjF8HEwo,2
1A88098CXPvAibaEXe+SrLE9JUD3pNLfWFWeJPBn,1
CFDAFF50XPvAibaEXe/iIkJq57vD7/MG6F4QbB/o,0
CE8927D9XPvAibaEXe9pz/hgBFL5IJjPWt4THj3+,1
8E862717XPvAibaEXe9pz/hgBFL5IENk9OawYzMm,1
93916BE3XPvAibaEXe+zCbAzes7YikdsVsVk5F3F,0
50EA3360XPvAibaEXe+zCbAzes7Yilah8hotckTt,2
FB818680XPvAibaEXe9KG2OR8ZVK3v0cGhxhuQE8,1
7564EDF0XPvAibaEXe8pr9LKErUcFZRcECaQB+EG,2
393947CFXPvAibaEXe+tKlY40ATmdcydNFKt+0GA,1
C285FDCBXPvAibaEXe9+dT4FRTt+QyRDiOdCvmCB,0
3C82D41FXPvAibaEXe9+dT4FRTt+Q86M0DpFf9k5,0
31AA8D24XPvAibaEXe9cPs/fVpB+n9xK8CLpa0Qn,3
48AE85FFXPvAibaEXe9/83vYrk4yZsAzRDq+kcRG,1
9BC20AD6XPvAibaEXe9/83vYrk4yZtjUay1JVUrd,1
884D5B04XPvAibaEXe9npw4GElGYwTu6ctKDKyz4,1
655A2AB2XPvAibaEXe9YYF5FMCfolLFQGyCOSOO4,1
95D5E290XPvAibaEXe9YYF5FMCfolGAWKjQ6W2Dh,1
BFF3B7E5XPvAibaEXe9NdAclo3+sV5sM1Sgytds9,1
208ADD5FXPvAibaEXe9NdAclo3+sVwwHZkFbapYw,1
5B9ABA61XPvAibaEXe+SgbKufUiN7Hulf6cw3ZZ0,0
E2FE27BBXPvAibaEXe8zLanLNVS12bfu/E5uvPt0,1
46F0FD87XPvAibaEXe/QqI5At3DBgpMIosQWSuCC,0
63090733XPvAibaEXe+02ryNj/uIXxSv0ZzbtNj0,1
D201C3B7XPvAibaEXe+fPSOag5leTfxPMZ+PhCYn,2
D2B8F4A8XPvAibaEXe9KWpGOh3zHl12g4UC3Ar/I,2
362A0FDCXPvAibaEXe9KWpGOh3zHl+QkHSPwcvsY,1
11A1CA8BXPvAibaEXe8LX4hhYKrFZk15JcWgcw/j,0
D2BF715CXPvAibaEXe+Ld9vP5I9+1hG6euR9NXd5,1
5661EFDFXPvAibaEXe+98B3vqZGkWEGF/iJJf2HS,0
3954B0A4XPvAibaEXe+98B3vqZGkWJb4LLYPp6eK,1
FDD5CB21XPvAibaEXe9xHju59ydahaLQSKgotl3p,2
D1A9E5CBXPvAibaEXe+sa6H++BHvymOjIMAxAwk5,3
51701ECCXPvAibaEXe+8PTy9pH9lF949Sz9H3idc,2
956280E6XPvAibaEXe+8PTy9pH9lFzhQ4lZv+J0F,0
604B4AFBXPvAibaEXe9YXJ3+ew7OHA3vQqSxU/wt,3
94280F25XPvAibaEXe+cHxM5cHw4WohfI8Ubq4u0,2
83339A50XPvAibaEXe+cHxM5cHw4WlBPfQwlTDnj,3
74325201XPvAibaEXe8y6/RMXZRwBdjV4+4KROgH,2
B4464601XPvAibaEXe+p5WOBbWD0M8Pyz9dHwxCg,3
60C27690XPvAibaEXe9TMBdu4IUyd5wpmmATeJfU,2
EE3143BDXPvAibaEXe+YGniCiyMp06SIwhjZAmno,0
B8017932XPvAibaEXe/j7U1wtp2b2YsjtHV6DvB+,1
BB2DA076XPvAibaEXe9p78qxnH96y10H81etDmn9,1
5D284A3DXPvAibaEXe9p78qxnH96y+U6SLz2uzt8,2
457CBC70XPvAibaEXe9p78qxnH96y2Lk8+TI1soP,0
8A88A218XPvAibaEXe+zCbAzes7Ying9a24Y8lNu,1
48F5B603XPvAibaEXe+pZU+khqBqysRQvPC+IuSI,3
B8204A58XPvAibaEXe/d4nFnIhFaQtp/+y0BKQUB,3
C39EC9E7XPvAibaEXe/d4nFnIhFaQm1KX1sm6B+1,3
3D7B4DFBXPvAibaEXe//eUaw4J38K0EmakY/MxcV,0
FCCF477AXPvAibaEXe9RBNO8knVPD1lNCz+Xkb5b,0
93F7E523XPvAibaEXe+E+n9mGyneJ+aGlbvGGQIn,1
318CD558XPvAibaEXe/WIUWn3FBMGNDY2oxyGRbc,0
C58BE754XPvAibaEXe/sDxpKTuGnIJWlPZkVa2Pk,1
770DA2D2XPvAibaEXe9Veo8epKbTmCTD4kBqZPYq,0
D5D8C19CXPvAibaEXe9PDEhlfOA/z2bMG+43E3Zo,1
CEF988D1XPvAibaEXe9iVChpJY9DIXgCHWV7LYBk,1
2F8AB47AXPvAibaEXe+65Is9PO18GyQEsqYoEpwp,2
A5F31E3BXPvAibaEXe+65Is9PO18GwQlN/RHlw12,1
D5FA45FAXPvAibaEXe+Om5b1Z5BSka3wiqaJgWti,0
AB0EC6E1XPvAibaEXe/45+b0LBlJ7Pia4DzAXKm5,1
B851CDABXPvAibaEXe+SrLE9JUD3pL5XuU8LV/XD,3
696753E9XPvAibaEXe+zCbAzes7Yiq5b0VhNBA6a,1
D6459CE3XPvAibaEXe/WuJYGMdaNyLr5kdoCgbKK,1
2AB113DFXPvAibaEXe8NoNh54Mn6M0BVr4q4qukX,1
348E058FXPvAibaEXe9E+yOJSz6HoeJWZOZDodKv,1
791E0499XPvAibaEXe9cPs/fVpB+nz3Ug3eeATDP,1
5C8D7B17XPvAibaEXe/F8UIBT+N0T41UMitSN5Ce,2
E9AA9B55XPvAibaEXe8a4mdANazFZESxlFqogJtT,1
98CD88C1XPvAibaEXe+98B3vqZGkWJL9coZfZjOD,3
54FA6318XPvAibaEXe+sa6H++BHvytQq87Lkc1vd,0
B27AF8C2XPvAibaEXe+98B3vqZGkWOaXocF5vcht,1
A941376AXPvAibaEXe9YXJ3+ew7OHNnc0YOaDNol,1
69CE7A3EXPvAibaEXe9mjVtuyMJi9MNGsBgeCrXQ,1
891F156CXPvAibaEXe/wvgrdNVCyf5jLOkWpgXlY,1
C030D8AFXPvAibaEXe9d+rE/yvWoKCaTliGk+kYv,1
8D75693DXPvAibaEXe/j7U1wtp2b2dfAfhlet5wl,0
9E302D16XPvAibaEXe8AMmr3Xq9FJ67Yqt1Ub3Mo,3
9315462DXPvAibaEXe9p78qxnH96y4Nl5pn4/GJa,0
128BEA13XPvAibaEXe9kkdDkOt5iFomW++0EMyBm,1
F2CBBCC1XPvAibaEXe9RBNO8knVPDxH6/lxCwoE5,0
18222DA0XPvAibaEXe/nv6PZ4rt50vex6Vo4f43x,1
2CAE8597XPvAibaEXe8Lp0YaxzdqUmp6piqfGJXM,0
589FCDD9XPvAibaEXe9pz/hgBFL5ICR1uDldUIPB,0
91B47FB8XPvAibaEXe9KG2OR8ZVK3lNCHwkXgWfQ,1
BCE41857XPvAibaEXe8NoNh54Mn6M2YzTIO8bznk,1
77FBCDC3XPvAibaEXe/wM5TrBBCDMQ8wnHvW/pHr,2
58CD106CXPvAibaEXe8a4mdANazFZIdkqYW4/KKO,1
FF3345F2XPvAibaEXe8a4mdANazFZNo5QcB67koq,0
07BC2D08XPvAibaEXe80b1fr0fH/Jqhggu8L1RSW,1
8E31C0DDXPvAibaEXe8+PBTAPRlCY2bQCO98MU9C,1
97C69D15XPvAibaEXe8BxOZlGHrYNzqmSjT0ay9r,1
82A5D5FBXPvAibaEXe+p5WOBbWD0MyVL9NMgg+2U,1
CDDA9B24XPvAibaEXe8scZUjY2tXh313jG4ZsZX/,0
63DFD711XPvAibaEXe/j7U1wtp2b2QaSZZf1duYC,2
F6865182XPvAibaEXe99J3nD1pBZIi08LnX6B5/g,0
DFEDE877XPvAibaEXe8CNW5gpzV0gWn+ubBNBmIM,0
B2090832XPvAibaEXe8c/asunKa47PaRmcRDIPr9,1
B74FC049XPvAibaEXe/rtk4wDmxi9yScKKhi1WbU,0
A8791F84XPvAibaEXe9kkdDkOt5iFpeWnqoQKzN7,0
CD4F2DFFXPvAibaEXe8/V1eK05z04zirFKwSLo1e,0
2B5ED195XPvAibaEXe/sDxpKTuGnIOj/LuUu9U7H,2
A2767E26XPvAibaEXe9PDEhlfOA/z9KbptDP2BwL,1
0691AA94XPvAibaEXe++R9hzjt1s7wndXGR/a0YH,2
4BC011B2XPvAibaEXe9iVChpJY9DITS7AYFLgUjB,1
90B846E3XPvAibaEXe/U5lSbganJ8xnhUeC1jW6A,1
4E8645AEXPvAibaEXe/nv6PZ4rt50g9ymFReRwwg,2
2487D963XPvAibaEXe+Om5b1Z5BSkTvA8khox7Gz,2
6BAFAA65XPvAibaEXe+k2gCw0RZzlTTsVE6WSYY5,1
F0D2CEF0XPvAibaEXe8SXrohzbXmS8QYapbubv/J,1
FB33A519XPvAibaEXe/iIkJq57vD7592IOeBMM8e,0
103C74CCXPvAibaEXe9iov3KWPg5dV5l2NQ5tkq1,2
9EDEDAA8XPvAibaEXe9iov3KWPg5dSMj8mw4VJNi,2
5953AB21XPvAibaEXe+zCbAzes7YilyRDT2FFsyj,2
6D4D4B2AXPvAibaEXe/WuJYGMdaNyKAg4VxEhS7+,1
0AB6119CXPvAibaEXe8pr9LKErUcFSq0rQ1XLPBV,1
22CFE846XPvAibaEXe9+dT4FRTt+Q8vNtPH9VYp2,1
1F78B3EEXPvAibaEXe+RaLErOlzghQmOT0lMUdW7,0
6F3C68A4XPvAibaEXe+RaLErOlzghWrwH/dIyn0G,1
4BDF5DB5XPvAibaEXe9/83vYrk4yZrjb5yWIeO6R,1
F1F07D1DXPvAibaEXe9/83vYrk4yZhqvORuehviT,1
C0CCE21CXPvAibaEXe9YYF5FMCfolNfE1eZp+SZc,1
FC927255XPvAibaEXe9iOtseai5jcudBZ3L3DRRv,1
41DD3B86XPvAibaEXe9iOtseai5jcto6yYpohLib,0
211E77C4XPvAibaEXe8zLanLNVS12e4d+7rbcZ6A,2
75F3DDD5XPvAibaEXe/QqI5At3DBgmQOdG+Mhpb6,1
D5F92AABXPvAibaEXe9KWpGOh3zHl56PkSjK4q14,1
1106FA33XPvAibaEXe9YXJ3+ew7OHKsvWp1ooUPy,1
18A3DA17XPvAibaEXe8y6/RMXZRwBY6Trwp7NjPp,0
7AFD7535XPvAibaEXe8y6/RMXZRwBXIh5HEXe283,3
5F0F648DXPvAibaEXe8BxOZlGHrYN5I6k14yIgQo,2
EA48A70DXPvAibaEXe+A+6mRsShfH+65vTSkgYPY,1
A02A1D04XPvAibaEXe+4XPPXlKRz0LYwzmMOM+z2,1
486F2B95XPvAibaEXe9TMBdu4IUyd1OadVM1S5iH,0
6BF47AC8XPvAibaEXe+BUGeEgVnB4JyRonENPufx,3
ADAD1DFFXPvAibaEXe+YGniCiyMp078xVotQB4/i,0
363E260CXPvAibaEXe+pZU+khqBqyoEah5lprFD9,0
9B19B85CXPvAibaEXe//eUaw4J38K8sH7wpJqiSy,1
3121B643XPvAibaEXe+PAOVcd+LnOcKFNqfU7EB8,1
26B906D9XPvAibaEXe9Z0fDyfUkzH88rU57saV8U,2
CBDE3AA1XPvAibaEXe+cD2dfYrNOt8BYM6VFUzAr,1
FA7CB31DXPvAibaEXe/Q6C3BndaQUGiZ+OgRkshk,3
2CD53DDFXPvAibaEXe/XOPUzjjLegJmvjwWP+GEF,1
9D9CBFE8XPvAibaEXe+Qnco6wu+o6EQGa/vdb17G,1
ED06B377XPvAibaEXe8/V1eK05z042zgE47TRfrh,2
FB34A83AXPvAibaEXe+VDSoAYozpw4XcyLPI6UW+,1
FBEE9482XPvAibaEXe9PDEhlfOA/zzkuxCAjMXEB,1
87101AC7XPvAibaEXe9DjwUQ+Cta8bqWf3Fj4I2a,1
68475035XPvAibaEXe9DjwUQ+Cta8ZNmpw2ChsxC,0
8E021373XPvAibaEXe9iVChpJY9DIYFPYbTGo64d,2
ED5A0E45XPvAibaEXe/CiPILllTJf8s+lllUG7Kd,2
D649034BXPvAibaEXe+65Is9PO18G8sKtq1L3euI,2
BDEAF40AXPvAibaEXe+65Is9PO18G1+nN1npWsCW,0
AA8A2AD8XPvAibaEXe+Om5b1Z5BSkcjJE/p0spDY,1
94CAD570XPvAibaEXe+Om5b1Z5BSkYS0hHC5qhvE,1
E5F0FE43XPvAibaEXe+k2gCw0RZzlcdVr+7mxuOA,0
675F6E1AXPvAibaEXe8Lp0YaxzdqUqANf9LrAVMr,1
999A85F6XPvAibaEXe+SrLE9JUD3pKt4JI3o/RBG,1
E2FEC6B5XPvAibaEXe/WuJYGMdaNyDXaV6qKMR06,0
18216909XPvAibaEXe+3zE134gecv9Uj+DeMyo4t,1
57BEAA98XPvAibaEXe+3zE134gecv1kZBZsbQcF1,1
03ECE99EXPvAibaEXe8NoNh54Mn6M+2xXKb+BCMr,1
81D217CAXPvAibaEXe+tKlY40ATmdTqN9NM0YdSn,1
00BEC077XPvAibaEXe9+dT4FRTt+Q2alofVR9t4x,2
B494E60DXPvAibaEXe8u6ih8pRJJpBa7W5qEArg5,1
BCAEE957XPvAibaEXe8u6ih8pRJJpAGyfrQ+PAcq,3
1BE65A0AXPvAibaEXe81w9eVvyp+l06MHgAVOlQi,1
23100DC1XPvAibaEXe9E+yOJSz6HocxcN3KQ4h55,3
C545722AXPvAibaEXe9E+yOJSz6HocEJuG3fpsq5,1
1D76EEF6XPvAibaEXe9npw4GElGYwcJGA3bBxzvE,0
11F87175XPvAibaEXe9YYF5FMCfolFVNdfbyCkAV,2
1D3C3D71XPvAibaEXe/wM5TrBBCDMSL/iRYjSO35,1
EE84609CXPvAibaEXe+SgbKufUiN7G6cFGP9m7xj,0
848AB351XPvAibaEXe+SgbKufUiN7OKpFsodMp2m,3
5F1A8EA3XPvAibaEXe8zLanLNVS12WXCVbFB/oCA,2
51E15EA9XPvAibaEXe9KWpGOh3zHl89pJ3P8rzli,1
04F87408XPvAibaEXe80b1fr0fH/JuobsigdDkbt,1
2EDA9618XPvAibaEXe+sa6H++BHvypHbNgSWdUW+,1
0402B932XPvAibaEXe9xHju59ydahTjwi8JiBa4z,1
729C999CXPvAibaEXe+8PTy9pH9lFzieWq3WseGH,3
73D579EDXPvAibaEXe8+PBTAPRlCYwjj+Ubc+Gmg,1
1D269405XPvAibaEXe9YXJ3+ew7OHHS1ZTu/URhr,1
5ACB4A9CXPvAibaEXe9YXJ3+ew7OHIFrV23S1B+J,0
180E4E80XPvAibaEXe9mjVtuyMJi9GJtzpwv947h,3
F3105AE8XPvAibaEXe9ESTQu9OOcIPxFEq3uU1s6,0
B5268C04XPvAibaEXe/lyY7+7E9oi6B6zHjvYdTu,0
95A65EF3XPvAibaEXe+cHxM5cHw4WvaWyZ8xL0fl,1
3E7FF71CXPvAibaEXe/wvgrdNVCyf1XOAfFzxw7d,2
C706FB46XPvAibaEXe+A+6mRsShfH3c5hrX6pj/i,0
0C36B229XPvAibaEXe+p5WOBbWD0M1pNCSfmVrhv,1
7FF35BCAXPvAibaEXe9d+rE/yvWoKAdRGq/VvcQD,0
736A8597XPvAibaEXe9d+rE/yvWoKCHAH3zE1yEc,2
775B0760XPvAibaEXe8c/asunKa47DSKf4pHLmHt,1
932089EEXPvAibaEXe/Q6C3BndaQULTeezxTyf6z,0
CD31A617XPvAibaEXe+HeL85QGo03eLxcuXFza9X,0
E8629CEEXPvAibaEXe/sDxpKTuGnIMWG79iPojsL,1
B21D4975XPvAibaEXe9iVChpJY9DIWjVnNvws3dN,1
A015FA30XPvAibaEXe/CiPILllTJf1RT4RhocgCk,1
367369D0XPvAibaEXe/U5lSbganJ83h1MLdX6mWp,0
5A1EB3B7XPvAibaEXe9WcTnuikKYKuntAYeb6Idm,1
81B2935CXPvAibaEXe+k2gCw0RZzlRwyRf+5msb1,1
B2895E1BXPvAibaEXe+k2gCw0RZzlS5qI5KJx1wi,3
06EE19F0XPvAibaEXe/X5ZhFzI36lMJt224yvGay,1
F0033017XPvAibaEXe9pz/hgBFL5IPTc9ivhe27X,1
23FA8D27XPvAibaEXe/WuJYGMdaNyHBJcw4rcA4f,0
5C1A7772XPvAibaEXe+3zE134gecv2Qv5K/22COb,1
1F961589XPvAibaEXe81w9eVvyp+l0IvS5FUMIcZ,0
EC3AF43DXPvAibaEXe+RaLErOlzghaR4xpbM9w4S,1
A05C5E3CXPvAibaEXe/wM5TrBBCDMYe151bx04mg,0
BE734D22XPvAibaEXe+02ryNj/uIX4mr5hjGNw9+,1
4315AD72XPvAibaEXe8LX4hhYKrFZgoh4be4Sj/T,1
61368A41XPvAibaEXe+Ld9vP5I9+1gj3pXdEzkcc,1
DAF2D5BDXPvAibaEXe+98B3vqZGkWADaFTkMB99s,1
2304ED80XPvAibaEXe9xHju59ydahdPTH8gDVTaI,1
1FF0664EXPvAibaEXe+98B3vqZGkWBnOGlxrnCyr,2
15A7F5AEXPvAibaEXe9ESTQu9OOcIDfHcE/SqcXa,1
B4DC373FXPvAibaEXe+4XPPXlKRz0D9Bo2PfASbd,1
123666BAXPvAibaEXe+BUGeEgVnB4GI9UVqVMk25,1
9AF18D64XPvAibaEXe9fw8mX+aV2o/Ss6vdxjZMj,0
C3B47C00XPvAibaEXe/j7U1wtp2b2Ueyv41BSDns,2
B06A0338XPvAibaEXe99J3nD1pBZInyRtnTkueHW,1
90451875XPvAibaEXe+PAOVcd+LnOZLV0dMGaPsk,1
1D5880D3XPvAibaEXe+VDSoAYozpw1btlY1EpdMU,1
D31BC14AXPvAibaEXe/U5lSbganJ83cnCp9Z0gDq,1
37B0536EXPvAibaEXe/nv6PZ4rt50mQbe8ojSbq/,0
3BEA040AXPvAibaEXe/45+b0LBlJ7IY5Q9BD0gFA,1
C417282BXPvAibaEXe+SrLE9JUD3pJ8L3ybcUv+j,1
5224B759XPvAibaEXe9pz/hgBFL5IPMocUHn0Sq2,1
D7FB5497XPvAibaEXe8u6ih8pRJJpIerf7oxzNGQ,1
76847725XPvAibaEXe81w9eVvyp+l1ld/bFrsdM1,0
CF9218D7XPvAibaEXe/wM5TrBBCDMTQME4JTS7hQ,1
FB14B999XPvAibaEXe9iOtseai5jcsLjwFUKwwuo,0
D1472012XPvAibaEXe+Ld9vP5I9+1j0BnmEHLWtM,2
6561EE05XPvAibaEXe+8PTy9pH9lFzXA330/V/ZS,0
F69BC92EXPvAibaEXe/lyY7+7E9oi6Q3ARFPeVuI,1
4BE71BB1XPvAibaEXe8BxOZlGHrYN4LVOBY6YcNv,0
F85E4EA0XPvAibaEXe+A+6mRsShfHyrIwnH7mQUY,1
C4B38772XPvAibaEXe+Z64Gg7q108LicaFLhBWqn,3
B92C68EFXPvAibaEXe9TMBdu4IUyd8I09ht1uszg,0
60294B6FXPvAibaEXe9fw8mX+aV2o4nQCVPqj5h6,1
262FE23FXPvAibaEXe8AMmr3Xq9FJw523YUSmlZ1,0
37C25979XPvAibaEXe99J3nD1pBZIm2autJRlxRN,2
E6649D3EXPvAibaEXe/3Z2K7mhA0JaITYsRtmA3M,1
1C441061XPvAibaEXe/3Z2K7mhA0JWvZ1ODngPiY,3
9B62DB27XPvAibaEXe/Q6C3BndaQUCkYnkHcEMFE,0
7DE3D11FXPvAibaEXe+HeL85QGo03ZWf63j/o56e,1
887FD38AXPvAibaEXe+E+n9mGyneJ+o6HCo/+ZhX,3
2F01DC58XPvAibaEXe+Qnco6wu+o6AZCTIfmuFgq,1
93354054XPvAibaEXe+VDSoAYozpw7B4fXdeT5qL,2
2E051ED6XPvAibaEXe9PDEhlfOA/z8nHYt0v55Og,1
8E64794DXPvAibaEXe8n6FFpptVzUgm1Jr47OL0X,1
F385CAFAXPvAibaEXe9WcTnuikKYKid8QTsc6Jb0,1
E4A9AA12XPvAibaEXe8SXrohzbXmS2NDZXSdgjQ/,0
1C78A916XPvAibaEXe/X5ZhFzI36lLiyMk4xJVIU,1
B721CE15XPvAibaEXe/WuJYGMdaNyLnzWcA+ZeDw,2
5A7B47B0XPvAibaEXe8NoNh54Mn6M0WrJPPcpelm,2
7D01754AXPvAibaEXe9+dT4FRTt+Q1XrMd9iTCe8,1
ED5303AEXPvAibaEXe8u6ih8pRJJpGMqWC7KZIJR,3
A24618FBXPvAibaEXe9NdAclo3+sVw815C7AJNyk,0
95B39BF1XPvAibaEXe8zLanLNVS12UiZ9ihLAy4F,0
18D2231EXPvAibaEXe8LX4hhYKrFZihlc2c5X1wP,3
0349C6B8XPvAibaEXe80b1fr0fH/JkdDh3dWSII8,1
BC3E44BBXPvAibaEXe80b1fr0fH/JoOP0HgzhGEz,2
421891DDXPvAibaEXe8+PBTAPRlCY29kHqViVHZl,3
8FBA7352XPvAibaEXe+A+6mRsShfH2ZnaZAyp3oa,3
B031790FXPvAibaEXe+pZU+khqBqyv40KuOwrrFy,3
F5D2709CXPvAibaEXe+p5WOBbWD0Mymqf5YFK0Fj,1
8C2B119CXPvAibaEXe9d+rE/yvWoKP7F4Ob6tikl,1
590B5D07XPvAibaEXe/3Z2K7mhA0JUc9Lq3Z3rFI,1
F9BBA2D7XPvAibaEXe9RBNO8knVPDzVz7Wh1D/0T,0
994229F1XPvAibaEXe+VDSoAYozpw5NcJkFfDG3H,3
CB6A1EFAXPvAibaEXe9RV3kg6cpLDItFNsjF7O5j,1
9B1E9711XPvAibaEXe+65Is9PO18Gx6m3V7M05zK,1
D04C8F50XPvAibaEXe/45+b0LBlJ7BA1ZNATd8sv,2
9A534655XPvAibaEXe9pz/hgBFL5IMz3QIOfxnu8,1
182CAC5AXPvAibaEXe+3zE134gecv/8nitHCjMCE,3
C7A72C9CXPvAibaEXe/F8UIBT+N0T7KDgez+bYgy,3
E661255FXPvAibaEXe+02ryNj/uIX0Xyh0hIi9w5,2
CDD14E00XPvAibaEXe+fPSOag5leTQDb20O/gEze,1
662133B2XPvAibaEXe+8PTy9pH9lF41C4eubL/A9,1
71E445F8XPvAibaEXe9xHju59ydahYJzA1zPtJj8,1
DD2564EDXPvAibaEXe/lyY7+7E9oi7bBkct8sERB,0
79A8C079XPvAibaEXe/lyY7+7E9oi82rS57hxGU5,3
19C6EC80XPvAibaEXe8y6/RMXZRwBaVhbTGtkt2W,3
2B825CEBXPvAibaEXe+BUGeEgVnB4J2reWP3zJfy,2
20B61190XPvAibaEXe9fw8mX+aV2o/RjGigUxoyj,0
36F63D1DXPvAibaEXe8scZUjY2tXh6PZu3eTCqP0,1
EDAE4C9DXPvAibaEXe/3Z2K7mhA0JcsZJH7D3X9Z,3
18367BF6XPvAibaEXe9kkdDkOt5iFkKb1A7FoXv+,2
89E065A0XPvAibaEXe9dKITjhF3qTacZrxmVjU7A,0
5B997E53XPvAibaEXe+E+n9mGyneJ70Lhr+6U41d,3
1BE16A71XPvAibaEXe9dKITjhF3qTdlo3fzhT1cI,1
E94EFE6BXPvAibaEXe/WIUWn3FBMGIYAl2ml3RZe,2
361566C7XPvAibaEXe+F+2tZHEiFCYf+UtCDqWaP,0
52379FAFXPvAibaEXe9tSnfLfDeWakiVJEP2dgRX,1
B6304A30XPvAibaEXe9DjwUQ+Cta8YOSguMyzbiB,2
3BF1D313XPvAibaEXe++R9hzjt1s7wg5K5BGjZVo,1
1295172EXPvAibaEXe++R9hzjt1s7x+HloPGnGiU,1
9413101AXPvAibaEXe/CiPILllTJfxFao8wRCU5b,0
8C001BEBXPvAibaEXe/U5lSbganJ8zTvMD7rtjY7,1
5DD179CDXPvAibaEXe/U5lSbganJ86PvypOj8kS/,1
8FD87E16XPvAibaEXe/U5lSbganJ82ggYkqKprwN,0
A87B8B04XPvAibaEXe+Om5b1Z5BSkTtveU283b2V,1
821A7F5BXPvAibaEXe/45+b0LBlJ7KzOMErkQOCe,1
8982939EXPvAibaEXe/45+b0LBlJ7JhIHLRftmAr,2
2B14A7FDXPvAibaEXe9WcTnuikKYKkkapOSDRceM,1
BC5894C2XPvAibaEXe8SXrohzbXmS6MiA252DHR5,1
6DB0B474XPvAibaEXe/iIkJq57vD71DpHyb61wZM,2
0D3A3A1DXPvAibaEXe9iov3KWPg5dRessaMo8GPP,1
D87C4275XPvAibaEXe9iov3KWPg5dbSErq4/2nbL,2
B6F70952XPvAibaEXe+tKlY40ATmdZ2JxkzGDzU7,2
F230F47EXPvAibaEXe9+dT4FRTt+Q4CZl3gw+B7e,0
F3916317XPvAibaEXe8u6ih8pRJJpHSNevcRqqih,1
B2F29FDEXPvAibaEXe8u6ih8pRJJpCOZ3ctQRnCk,1
62B0EC0EXPvAibaEXe9npw4GElGYwWGhw9tYHYvT,1
577C2F7AXPvAibaEXe+02ryNj/uIX7kQnyK7nQCD,3
047911D8XPvAibaEXe+fPSOag5leTYMAZx0GJa1L,2
4EB13659XPvAibaEXe+8PTy9pH9lFzDUll1/kRNK,1
0D83FC5DXPvAibaEXe+98B3vqZGkWFPHah8cr36K,1
E570CB6EXPvAibaEXe9xHju59ydahX32Lk+3Z55t,2
EE47251EXPvAibaEXe9mjVtuyMJi9C2jgkRqG68j,1
4C1CA7DCXPvAibaEXe8BxOZlGHrYNxtiDZ0bQZSk,2
CC66FB5EXPvAibaEXe/wvgrdNVCyf4qaNhqyOjdc,1
A630DCE4XPvAibaEXe+p5WOBbWD0M1V/Bj08ggD1,1
71824917XPvAibaEXe+BUGeEgVnB4BfFKOEq/I0S,1
952C44D0XPvAibaEXe+BUGeEgVnB4MoxuXfF+wu5,0
81B193F6XPvAibaEXe9fw8mX+aV2o1EPcHr7BtS3,3
F8EA134FXPvAibaEXe8AMmr3Xq9FJ/IAi5XrTgdv,1
D17C7EEBXPvAibaEXe8c/asunKa47JL/mH8i+PZc,1
BC83A2DAXPvAibaEXe99J3nD1pBZIpxFeMgY7p44,0
EA2A92C2XPvAibaEXe99J3nD1pBZIshWCsT6VhsJ,2
AEA83EAAXPvAibaEXe//eUaw4J38K1EP04bSuzmt,1
78052DF1XPvAibaEXe+PAOVcd+LnORMv/Ja3F6V0,1
C7D00475XPvAibaEXe/eCkq6I30ZSh3CJkQcI7hx,0
E53AD591XPvAibaEXe/rtk4wDmxi99cYw1fNCK8+,1
3BF5FDDCXPvAibaEXe9dKITjhF3qTVm6H0rizjd2,1
944F1673XPvAibaEXe+RJ/Hp4D2y82WAc4xxpIsw,1
3E31C31AXPvAibaEXe+E+n9mGyneJ0V6JHJoJSe+,1
F0331FB3XPvAibaEXe+E+n9mGyneJ0MHxGhsw/QY,2
372B8B67XPvAibaEXe9Veo8epKbTmDULBuPb9MJv,3
5F9B23A8XPvAibaEXe8n6FFpptVzUod6doeajeHJ,1
24A299F8XPvAibaEXe+Om5b1Z5BSkUd2CLkX6FOP,0
56AE46D1XPvAibaEXe8SXrohzbXmS9RGeClF/eqm,0
9EAA5F56XPvAibaEXe+SrLE9JUD3pPctORU1ahJ9,1
8CF6DCFCXPvAibaEXe+SrLE9JUD3pE/bATPqgzDb,2
FACE1BABXPvAibaEXe9iov3KWPg5dSCewXb/QYMf,1
9F84E138XPvAibaEXe/WuJYGMdaNyDHDnAMvI0FB,3
E2E35AC8XPvAibaEXe9KG2OR8ZVK3mHbcCsUpCHR,2
AFFEE9F7XPvAibaEXe8pr9LKErUcFescq2AY7ZpW,1
E80EA3E2XPvAibaEXe9+dT4FRTt+Q3DiZIatl0d9,0
97F147AEXPvAibaEXe8u6ih8pRJJpISXbTVPztKI,1
0AF3C97DXPvAibaEXe+pZU+khqBqyoH6pG4Xu7DE,1
67847C60XPvAibaEXe+RaLErOlzgha2y+g6xYjV0,1
E8D6561CXPvAibaEXe9E+yOJSz6HoQKpuHPG9Ly9,2
C7207E5DXPvAibaEXe9E+yOJSz6HoX6Mqdbyua6x,3
372B5A76XPvAibaEXe9E+yOJSz6HoUdj5Y30HSpk,1
D47AB6ECXPvAibaEXe9/83vYrk4yZm+cxTvs8eml,0
3EA38C20XPvAibaEXe/wM5TrBBCDMRSxGEkC9sQw,3
475B6160XPvAibaEXe/F8UIBT+N0T7ynllTWSz+k,0
3E12C857XPvAibaEXe/F8UIBT+N0T1fij5IWKR2Z,2
D71709ADXPvAibaEXe9NdAclo3+sV7/dStJ9kNR5,3
234C7014XPvAibaEXe9NdAclo3+sV0htCLmkWoZg,1
CD91E2ECXPvAibaEXe8zLanLNVS12XqPkhZX5cpE,1
04DDFC34XPvAibaEXe8zLanLNVS12W6u8w3Iex7Z,1
9B23F85CXPvAibaEXe/QqI5At3DBgidRMGrBbipk,1
B8FEB0CFXPvAibaEXe+fPSOag5leTel1O9JI9dVf,1
C9CD6314XPvAibaEXe8LX4hhYKrFZr9FZE839SqA,2
25C79868XPvAibaEXe+8PTy9pH9lF7SNXWZSrVNP,1
EBFBD418XPvAibaEXe9mjVtuyMJi9I9Mbsg0ho+N,2
7B509660XPvAibaEXe9ESTQu9OOcIKTlzgYla0hl,1
FE8D1C95XPvAibaEXe8y6/RMXZRwBfdXwWmvISq7,1
24F2FF88XPvAibaEXe8y6/RMXZRwBbu134vL4bXs,1
538D82A9XPvAibaEXe/wvgrdNVCyf4Zu3yuLbGom,1
11A28944XPvAibaEXe9TMBdu4IUydy7BCfWeBmGL,1
35DE6455XPvAibaEXe8CNW5gpzV0gUWzVjSjTy4E,1
AECDA517XPvAibaEXe9Z0fDyfUkzH0z69+UCjYo/,3
AA4DBC0FXPvAibaEXe9Z0fDyfUkzHws5B39CPjmP,1
DE475334XPvAibaEXe+HeL85QGo03cbzPkTthuaD,0
2BCDCB8CXPvAibaEXe9dKITjhF3qTX8u1xEbQLTC,1
DDB473F3XPvAibaEXe9kkdDkOt5iFiHBZxhqnmGM,2
5CB93546XPvAibaEXe/WIUWn3FBMGHXp60N+T4As,1
E53935A4XPvAibaEXe+F+2tZHEiFCQVqV53cbV00,0
5B26DD9EXPvAibaEXe9Veo8epKbTmNWUpmVWd13C,1
BE61DBBDXPvAibaEXe9Veo8epKbTmPW7DOzruhtn,1
7A79D442XPvAibaEXe9iVChpJY9DISVYai9kin5J,3
2F5A8FBAXPvAibaEXe9RV3kg6cpLDB5OjYHTmhOk,2
3E41E8BCXPvAibaEXe/CiPILllTJf9aISrJ9Fhfw,1
EF7E282AXPvAibaEXe+SrLE9JUD3pFxKzNv+IPcg,1
90B4C053XPvAibaEXe/iIkJq57vD74VQ3BU9fHva,3
2827D079XPvAibaEXe+zCbAzes7YilbHK0cAkz5A,1
B5E277F2XPvAibaEXe9KG2OR8ZVK3qpRq27Fino0,3
D6FB2161XPvAibaEXe8NoNh54Mn6M9V+6Pt1xCYu,1
6A539AF6XPvAibaEXe8NoNh54Mn6M4te3lYnWlT0,1
8B548A8BXPvAibaEXe8NoNh54Mn6M3g9jm2gcZy0,1
2EE120A8XPvAibaEXe+tKlY40ATmdSk7aps/Iq2R,3
32E654BDXPvAibaEXe9/83vYrk4yZtDJzlVCCa85,3
561A9A52XPvAibaEXe9npw4GElGYwXGtOavfNNk2,3
A5C018F2XPvAibaEXe+sa6H++BHvypths4ZnPOS8,1
33DA2805XPvAibaEXe8+PBTAPRlCYxPBTc4huhPn,0
A780781DXPvAibaEXe8+PBTAPRlCY94YM4cVb6Sr,2
463CC26DXPvAibaEXe9mjVtuyMJi9ENAftsTQaSW,1
E44DAC35XPvAibaEXe9mjVtuyMJi9KozuO1zVyPq,1
D213ED0DXPvAibaEXe9ESTQu9OOcIEH3IzPs1iiR,3
983F78B5XPvAibaEXe/lyY7+7E9oixr3VdzJeHvc,0
302BA03CXPvAibaEXe8y6/RMXZRwBc5bwgf0V50u,0
DA872026XPvAibaEXe/wvgrdNVCyf2uA0Nmul7oQ,2
8C017745XPvAibaEXe+p5WOBbWD0M7ZNRkESEJkQ,0
4F4BDF26XPvAibaEXe+YGniCiyMp05dWnxf0EJd2,2
D4413547XPvAibaEXe9p78qxnH96y/6uQfjNPo0s,1
A823BC0FXPvAibaEXe8c/asunKa47LOnZ7N70p8c,0
4EA99948XPvAibaEXe99J3nD1pBZIpRQK6T+rlMP,1
5F2DDC3DXPvAibaEXe//eUaw4J38KxNt4wUyFI+t,2
081B601DXPvAibaEXe9RBNO8knVPD9AgF+6CJerg,2
F9E0FADCXPvAibaEXe/sDxpKTuGnIFrIL+atz1A4,1
47A83C3EXPvAibaEXe9tSnfLfDeWaksSchaTGZwU,1
65EA47BDXPvAibaEXe9tSnfLfDeWauDWnz2LEDq1,1
71CD57B8XPvAibaEXe9iVChpJY9DIYcocdRP2FvY,0
A529DF1EXPvAibaEXe9DjwUQ+Cta8aXQNNp/NWZV,0
53CDD1FFXPvAibaEXe/U5lSbganJ8/muZcRpBU9A,1
E6818185XPvAibaEXe/45+b0LBlJ7K5lpp714IDQ,1
2B70ECDBXPvAibaEXe8Lp0YaxzdqUvDfNExAcWy7,1
7E5B4B7DXPvAibaEXe/X5ZhFzI36lNpO7aEm0NPX,1
AE8621F2XPvAibaEXe/X5ZhFzI36lCdOGrjU94aV,1
97497775XPvAibaEXe+3zE134gecv97NNSEhvdED,1
FCD2B0D0XPvAibaEXe8NoNh54Mn6MzAJyZ6PAT0v,1
663059EDXPvAibaEXe81w9eVvyp+lwee1dbVEnHw,1
8791F89DXPvAibaEXe+RaLErOlzghS2UbdroJGeR,0
12E7DAA6XPvAibaEXe9E+yOJSz6Hoebd/zbXaF86,2
5D86C09AXPvAibaEXe9cPs/fVpB+n4ycHpsECUQI,0
B1316403XPvAibaEXe9/83vYrk4yZojqJCz43d9S,0
85573622XPvAibaEXe/F8UIBT+N0T6mWVF6dx9aU,1
527C966AXPvAibaEXe/QqI5At3DBgllfI4aLLozN,1
F7DC2238XPvAibaEXe/QqI5At3DBghtv10E+lIc3,1
AA01F09AXPvAibaEXe+Ld9vP5I9+1l8/sxmUH5Wz,0
197B6866XPvAibaEXe+sa6H++BHvynRTxOV8x2Y3,2
4E5819C0XPvAibaEXe9mjVtuyMJi9I3eyDdR9U3a,1
AF88C485XPvAibaEXe+A+6mRsShfHwA3vDP6Xzx0,1
9565948DXPvAibaEXe+4XPPXlKRz0F/32mG8IgsJ,1
A80D76EDXPvAibaEXe+4XPPXlKRz0CqIc6dfd33P,1
650AF03AXPvAibaEXe+Z64Gg7q108OQDu8HrJWih,2
8361BD03XPvAibaEXe+Z64Gg7q108HqexDs9ObXl,3
D642F234XPvAibaEXe9d+rE/yvWoKGexAC3nq8Mt,0
B0170AACXPvAibaEXe9TMBdu4IUyd43pUEcpgIf5,1
158BDF19XPvAibaEXe8scZUjY2tXh6jnrItb7Hs8,1
3271AC4AXPvAibaEXe/j7U1wtp2b2TqP53pszNwW,3
B24BA69AXPvAibaEXe8AMmr3Xq9FJ2hfxHa3mkFU,2
F1F5CE31XPvAibaEXe9KG2OR8ZVK3g4fVrts9Ecv,1
C5F2150DXPvAibaEXe+tg0ae8qw/gtk+nFTaazYq,2
22B7891BXPvAibaEXe9ajZoptpw4tY9OHdhwO7Pg,2
3FF22D23XPvAibaEXe+Wjq/eoSKNhczbNnVuluTK,0
7F32B28DXPvAibaEXe+Wjq/eoSKNhVK0XmSyAcBw,0
F22643C6XPvAibaEXe+Wjq/eoSKNhZeG3NaL+n5t,0
E2A694FBXPvAibaEXe8b4sJvH2gx3LbzAT2ZA5PU,1
6C25ECE4XPvAibaEXe8b4sJvH2gx3GFPW0DmhVfd,1
C98089F5XPvAibaEXe/btl79MArZLGI79GtRPJ29,0
407E4C2BXPvAibaEXe+UuZ4QW1XoS/W6ppKyU1Sg,2
0EB7EE23XPvAibaEXe8b4sJvH2gx3PgXL4miHOZf,1
1E3B0973XPvAibaEXe8dEe4TA8wgHxwHmaQUgsiZ,1
AE587761XPvAibaEXe+UuZ4QW1XoS3GKlXQv2/MN,1
95F94B89XPvAibaEXe+UuZ4QW1XoS5OCloMSJfVs,1
B1B4EE2BXPvAibaEXe/tRbq0ZEBEr0KJ4VtjD7Eu,1
0821621DXPvAibaEXe/btl79MArZLF7Vr4ovU5Xz,1
C9225DC0XPvAibaEXe+sRe0ac318A5QEIfvPPToT,3
697EDC98XPvAibaEXe8dEe4TA8wgH56QOkqr6AGx,0
6A019AD0XPvAibaEXe8T1DiYsmlfsUfueeZhOx0R,2
A314BFA8XPvAibaEXe8T1DiYsmlfsUbnv077jJ9h,1
2FC59B4AXPvAibaEXe8T1DiYsmlfsSgx5trdtf4N,2
F5D9B77FXPvAibaEXe8YaJ+XvjGNa+7UjbToL8tz,1
CC238CB9XPvAibaEXe8T1DiYsmlfselqpvqPIt2K,1
4ECEC418XPvAibaEXe+uQMKXqrwYdnU2dRP+tfzu,0
FD440240XPvAibaEXe+sRe0ac318A/rz6jPzal2c,2
75D1DCEBXPvAibaEXe+uQMKXqrwYdsv7mcESXnKH,1
85C8607CXPvAibaEXe8YaJ+XvjGNa1BuewnFqcxs,2
67E746A7XPvAibaEXe8YaJ+XvjGNa4AHHTab7pGP,1
E5E4FE41XPvAibaEXe+uQMKXqrwYdirU0LUrWWkQ,0
B6410337XPvAibaEXe+uQMKXqrwYdpt1gQY8Ohk6,1
6125B6CBXPvAibaEXe+TQJLvJOj4BYK4fMfmJRKR,0
E46FB38BXPvAibaEXe+TQJLvJOj4BZznxTAbUmST,2
AC1C8EEAXPvAibaEXe9j81k8MH0oJxuwRM2LEA+T,0
D78141E5XPvAibaEXe9j81k8MH0oJ4zch8KMTSfQ,2
42F11BA5XPvAibaEXe9j81k8MH0oJ8M4DsG4QDDv,2
FDA9DEA1XPvAibaEXe+TQJLvJOj4Bbq7Gu36vTA9,2
204D6AB9XPvAibaEXe9V1gtTDRnQFwJTG99TdLXu,0
0A275EF0XPvAibaEXe9j81k8MH0oJ07F7M1SwTm7,3
1D30F704XPvAibaEXe/dMvqGUzyBHLUMfnjgcEUd,1
1E832732XPvAibaEXe8HxoLOw72ZIL030v5YFYqH,0
4D68F109XPvAibaEXe8HxoLOw72ZIKsEn9jthDUY,0
AFFA55FFXPvAibaEXe9V1gtTDRnQF6mkVgcyjUy9,0
B367C60FXPvAibaEXe/dMvqGUzyBHM5KLF2N5qsk,1
EEF1F920XPvAibaEXe8HxoLOw72ZIEORICZvHd9u,1
1F7AA6AFXPvAibaEXe/dMvqGUzyBHHrG3wsXFplE,0
25D76E90XPvAibaEXe8HxoLOw72ZIE81PpKJNDP6,1
BFA1F360XPvAibaEXe/dMvqGUzyBHGhn338AHn2q,1
5207F3BBXPvAibaEXe9QJDM9nE85iAv4XJzC1oYs,2
1083ACF2XPvAibaEXe9QJDM9nE85iJVThCVUBV9Y,3
60D7B6F9XPvAibaEXe9QJDM9nE85iE1U8QnIFIAy,2
B827CB6AXPvAibaEXe/dMvqGUzyBHPKOktWi9GQz,2
A6CA7254XPvAibaEXe9afbyrOJH5CGAiTpO4GPtP,1
4272DD7BXPvAibaEXe9afbyrOJH5CA7xPZrhGhkE,1
26DC49F5XPvAibaEXe9afbyrOJH5CFlMrepSjvSv,1
660D512BXPvAibaEXe+sRe0ac318A7SvjWgGG7tS,2
131ECE74XPvAibaEXe8v1/72rbobbQHBZRJ22MB1,2
4A7E56E3XPvAibaEXe8v1/72rbobbYkWi49YWGw3,1
F638C8D6XPvAibaEXe8v1/72rbobbfn9oqqIBWfa,1
2D8479A3XPvAibaEXe8v1/72rbobbdOHOOZiIlda,1
1A5D5F18XPvAibaEXe9iBRrLJjO8dQILBANrs/Mw,1
C98584ACXPvAibaEXe8x8S8Fn/vYptJQN12+0LUI,1
EDEFA091XPvAibaEXe/VTtmkh7JuOjrC0zlUF0P7,1
D00E4BBEXPvAibaEXe/GP74oAJxkeL+4k2T6b+zA,2
39115EE5XPvAibaEXe/5SY0P9d9+eOdlmFFtHNpT,1
1C3AD212XPvAibaEXe/5SY0P9d9+eBBhx2Cw35F1,1
D0E9FFC8XPvAibaEXe/9XMaU/9dsP+5xafFkD3sZ,1
8D077F26XPvAibaEXe/9XMaU/9dsPw9rujlD3/zi,3
D036AF14XPvAibaEXe/9XMaU/9dsP7W4nlRjh3OM,0
A92C7D7EXPvAibaEXe/9XMaU/9dsP3ZMX8Z2sU3/,0
B6B6C879XPvAibaEXe/9XMaU/9dsP0YXCCeOvvFr,1
A02AA556XPvAibaEXe9V1gtTDRnQF0gPFVjNl7re,1
C61628C0XPvAibaEXe8WdGcsQTF3yDxTfC1zIue0,1
ED218BC0XPvAibaEXe80CLygfiFTYBh7rOFupLnS,3
D18B24FAXPvAibaEXe80CLygfiFTYJS78BGflfGo,0
9D14729AXPvAibaEXe8WdGcsQTF3yLZ3B0b1W9X0,2
1D8411ABXPvAibaEXe80CLygfiFTYGXD+dIICDlA,2
414CD0CDXPvAibaEXe8WdGcsQTF3yIf1jfCxonbD,0
44A0CC40XPvAibaEXe+xw+0gOjOR0N++o8KbRpYq,1
7F4471C9XPvAibaEXe+xw+0gOjOR0I3+TenBaTT4,1
BDED1BB4XPvAibaEXe/twRH8x8eygxZIxnZvl+Py,2
3B527F18XPvAibaEXe8WdGcsQTF3yDY1AULs3U1x,2
7075BE69XPvAibaEXe8WdGcsQTF3yHQhmzrDl1Yc,1
231393B0XPvAibaEXe+xw+0gOjOR0PK5J6OAawo7,1
3B369BE8XPvAibaEXe/9n4RXguPAYMnCmbENlty2,2
162B997EXPvAibaEXe8dZIB3odxynvLl7gPAdm0t,1
0A8C9A4BXPvAibaEXe/9n4RXguPAYPQDYpD5T/PA,2
04B8CFCFXPvAibaEXe/baiw3K4HkF2jQGbVW7zgO,1
29C09889XPvAibaEXe8dZIB3odxynhtkSv0G/qxR,2
A3432242XPvAibaEXe8dZIB3odxynvRsIZuhEiHG,0
BEF962A2XPvAibaEXe/baiw3K4HkF+t6hSvKbPBr,1
5744B505XPvAibaEXe/9n4RXguPAYLy1ULuVcNNN,1
737A4598XPvAibaEXe/twRH8x8eyg9NP+gV3QShj,0
885D43C3XPvAibaEXe/9n4RXguPAYPCdAJhH+UNK,1
37CE7EACXPvAibaEXe/twRH8x8eygyut+9l3hXDU,1
A02C92D9XPvAibaEXe/9n4RXguPAYASjIqcBPLH1,3
1DDFEC8DXPvAibaEXe9MSDlNDFbYdrDAitYufILG,3
F8A375A3XPvAibaEXe8c53vaOKMxC9xXYQrtfUH2,0
459ADBDFXPvAibaEXe9MSDlNDFbYdqjhBRShbHKJ,1
0D2B48D3XPvAibaEXe8c53vaOKMxCzqf3f9CtSj+,0
047B5CA3XPvAibaEXe8c53vaOKMxC239GQMYdXlR,0
371F5AE9XPvAibaEXe8c53vaOKMxC9TpnxULmvfr,1
B33E7B54XPvAibaEXe8c53vaOKMxC0URHI2A3waU,0
1BC8D47BXPvAibaEXe/twRH8x8eyg8YVoHU/MefP,1
5A10E2B2XPvAibaEXe9Qk6hDUWKQXY8MwWryrhWu,1
7012FFE8XPvAibaEXe9Qk6hDUWKQXYWExMCOA+uA,1
88272E39XPvAibaEXe+xxRCacZP96rQIEEZfvWfU,2
BE33F672XPvAibaEXe+xxRCacZP96g/fHDPvdJuw,1
36FA8BB0XPvAibaEXe/Nok7qdNjJRkvxvZ3RvFLA,2
56BDE338XPvAibaEXe/dSnTMEtLaY7dYPGoqxBPE,2
B9B6228FXPvAibaEXe/dSnTMEtLaY89ri1B3AlpX,1
EF1E5800XPvAibaEXe/dSnTMEtLaY0RM0j3DMRBQ,2
7735E10EXPvAibaEXe/Nok7qdNjJRpZEeIZPx83m,1
D1EFC46BXPvAibaEXe/Nok7qdNjJRvDw5If2CSLB,2
CAD39D12XPvAibaEXe/Nok7qdNjJRpivHrc+Odg2,2
D6B46D15XPvAibaEXe/Nok7qdNjJRgSNpIR21GKe,1
16272517XPvAibaEXe/twRH8x8eyg2tiyMsTM1XC,1
E63386E8XPvAibaEXe9oenRjqNmEX5FdMtwOoglJ,1
A08BEE86XPvAibaEXe86krjHGvaiWwfzWh/KHx/e,2
6175A313XPvAibaEXe86krjHGvaiWwI8pzNJ+7Zl,3
CA2ACA08XPvAibaEXe86krjHGvaiWw+19X3b0YzT,1
8EF98EE3XPvAibaEXe86krjHGvaiW0Odpz049bJA,2
856DA928XPvAibaEXe9cYfl6D6BtPIX0tfSptrp+,1
8D5D416CXPvAibaEXe9mCnb3+Zz/PbPDgGJedFIu,1
8213E9BBXPvAibaEXe9mCnb3+Zz/PamkyjsPw+6H,0
E9F66C68XPvAibaEXe9oenRjqNmEXxvlUitwELxr,1
3D38A0F6XPvAibaEXe9oenRjqNmEX73VlChhVH0l,2
5D89D12AXPvAibaEXe9oenRjqNmEX77/Bxata+1b,2
EEB7E57CXPvAibaEXe9mCnb3+Zz/PR/yLHcxRw1n,2
6AA036E5XPvAibaEXe/cg9419ghLE+9lS4zRwfha,0
87AB1BF1XPvAibaEXe86krjHGvaiWxMmjETCt6JV,1
8A5E548AXPvAibaEXe9cYfl6D6BtPDivHAFqINq2,0
E6391B3FXPvAibaEXe9cYfl6D6BtPMp6ys8G8+9H,2
DBF2BD1EXPvAibaEXe97q47CdxnNZIrla2EqCa3q,2
596EFDD7XPvAibaEXe8VziDgYa0u7jSjm4qoysFg,1
B48CE3ACXPvAibaEXe8VziDgYa0u7mVU9Rhxwqza,1
704E1F0AXPvAibaEXe/KGOYNCaEaWR+44ZAicZX/,1
11E643C4XPvAibaEXe/KGOYNCaEaWWGXfi6Ug1W9,2
1955BAC8XPvAibaEXe+TZKE2gC8nUqI9gZRFYvKw,1
006B0A45XPvAibaEXe+TZKE2gC8nUj96gTN+8Bxy,1
6CECC7A2XPvAibaEXe+TZKE2gC8nUnFvuvzaVDvS,1
B961A346XPvAibaEXe/GFbVLDV6SZKR/OkOk9tjQ,1
83C28D63XPvAibaEXe/GFbVLDV6SZHSpHddxdRyT,2
45282590XPvAibaEXe/Uev7j/8EzmYpQdCs4WEXg,2
603206BCXPvAibaEXe8hLNatuVCg+ZGCSKnLlFhY,1
9174D65EXPvAibaEXe+9WAygB66RlPSoHBUVFGVA,0
6F4E2403XPvAibaEXe8hLNatuVCg+d70/9+5XPCj,1
43313273XPvAibaEXe/kJUgsv26Ua6XE/uJUNXEp,0
F24AAC52XPvAibaEXe/nRR7q+hWy3BFkcWNQMe85,1
D5CB6E0EXPvAibaEXe/kJUgsv26Ua4fviWhP8ico,1
B178A5FDXPvAibaEXe/Uev7j/8Ezmdfo/2MLaUaF,1
02F183F0XPvAibaEXe/kJUgsv26Ua01LZ73bPyUY,1
A3A76D84XPvAibaEXe/MCL0qpDhx04mqmUihNi18,2
F77FFD21XPvAibaEXe/MCL0qpDhx0/t0638f5baa,1
4620E4CAXPvAibaEXe8hLNatuVCg+Zrbvz03i5qb,1
6AB2635CXPvAibaEXe9LZwdMb86KA9EUK6LgFjQ+,1
BA5293AFXPvAibaEXe/kJUgsv26Ua7Le4wMbZQOH,1
1BF56B5CXPvAibaEXe9LZwdMb86KA3puNsLNPHJ0,2
C1A9D292XPvAibaEXe9ZsjBGMHTvpoTq8sZpSnbe,0
B9133B88XPvAibaEXe9LZwdMb86KA+pK5/ysf4dv,1
D58840DCXPvAibaEXe9ZsjBGMHTvphkgWrjhffHl,2
151BC71AXPvAibaEXe9ZsjBGMHTvptxKpTRCdcJN,1
D4208C04XPvAibaEXe9ZsjBGMHTvpkLT+tMImdlV,2
987A45F8XPvAibaEXe/k62DFAfrQTjTWj8l5+7cT,1
3E06F5F2XPvAibaEXe/k62DFAfrQThk+ROX2XvGF,3
17284407XPvAibaEXe+tg0ae8qw/gu8mbQ9Gdz1t,0
FADAFB89XPvAibaEXe88tz7NL7l/gvG6t/E6GXcF,1
61AB9DBFXPvAibaEXe88tz7NL7l/gh/OscLIyWA4,1
3C7C12EFXPvAibaEXe/k62DFAfrQTjVXd+9viWQJ,1
44F8D5D7XPvAibaEXe88tz7NL7l/gtFUOkxXz2Vn,1
70B8FDE7XPvAibaEXe9ej2kTw4OUmhw0ZpSU5+jL,2
5A127BADXPvAibaEXe/Twrxaq444c/MCqgcJrbjn,0
4D7A8548XPvAibaEXe/aPLdUCtOgCqBD88izVvAa,1
5F66CC15XPvAibaEXe/aPLdUCtOgCmaknvOevy6n,0
6AEAE920XPvAibaEXe9HXpb1PepyFTHW7MzBxj5y,3
0BAF3540XPvAibaEXe9HXpb1PepyFQeHHIpoFKlX,2
A33E3042XPvAibaEXe/Twrxaq444c0u0yKQAXiiA,1
65FDEF74XPvAibaEXe+tg0ae8qw/gghq0yx/iAFL,2
6F40757CXPvAibaEXe8p5yvHQtPESw43tizx4HoX,1
BBE9FFD5XPvAibaEXe+NJiMjcH3vhPYek0NOrqPc,3
D9565354XPvAibaEXe8p5yvHQtPESzTmX0vQwzvn,1
FB0D25F3XPvAibaEXe9o3csoNuwUvEcLOFJXO+QD,2
37DA2C9FXPvAibaEXe/btl79MArZLIpwumHVZXLc,0
BB354CC3XPvAibaEXe+NJiMjcH3vhCmhySOrWCce,1
7A5494EFXPvAibaEXe8p5yvHQtPES2pjT+mnFBiP,1
48E98811XPvAibaEXe8AEUw13Ud6KncXG0ZOvguq,1
311F4676XPvAibaEXe/NExuU8f5CH0Jfhfl4Q27J,1
EEF167BCXPvAibaEXe+9WAygB66RlNNbfhonzp+v,1
2B420AFFXPvAibaEXe/rp0ev/rDe09IWbirGddUi,2
73C3BE20XPvAibaEXe/rp0ev/rDe02svV60+Acoz,0
C893DAA7XPvAibaEXe/rp0ev/rDe0284uT9fThgA,0
1B677C08XPvAibaEXe8TrN3vUI8MaMEFHxEbNhTa,1
CC35A4FCXPvAibaEXe+9WAygB66RlLweaLJEt9iK,1
A2AF4496XPvAibaEXe+NJiMjcH3vhKXi3lwL0xLi,1
55CBE4B2XPvAibaEXe+NJiMjcH3vhPWspGkNjgbI,2
9376DE75XPvAibaEXe/nRR7q+hWy3HVGrVsAi4F7,1
FA321630XPvAibaEXe8TrN3vUI8MaCMWQ0dmEL6l,2
60631F91XPvAibaEXe8AEUw13Ud6KqJhwDFrKJub,1
A2CD283BXPvAibaEXe8AEUw13Ud6Kl2/Ifi0mKvF,2
06F4B388XPvAibaEXe8AEUw13Ud6Kn7PJ7EwNXGt,2
C988F8D6XPvAibaEXe8AEUw13Ud6Ki6zuOGdFDh7,1
D8075964XPvAibaEXe8TrN3vUI8MaKIsr8wmfl7M,1
498EE480XPvAibaEXe8TrN3vUI8MaHHVw1RfTSHE,3
F7DAFFD1XPvAibaEXe+NJiMjcH3vhAsIxgSA5jtN,2
8290D854XPvAibaEXe8TrN3vUI8MaCLxvR1Y78Xt,1
B429BDF4XPvAibaEXe/nRR7q+hWy3ADzRTkGoeeE,1
563E9289XPvAibaEXe/a3PM8AP2NgwXCb21OBlQe,2
C78C24CDXPvAibaEXe8TrN3vUI8MaJoU4lYh39YH,3
A04A5CCEXPvAibaEXe+9WAygB66RlF4HE3xKTe4q,1
256CAF61XPvAibaEXe8e8TJXhGRqkEsxlP7P0zFV,3
D859AB46XPvAibaEXe/a3PM8AP2NgzCjTVS86e9w,1
E3D2A6C9XPvAibaEXe8e8TJXhGRqkMYYxRFbDlpT,1
01254D12XPvAibaEXe8yzZ/8QUtgdgO7k755LUHF,2
39FA00CEXPvAibaEXe8yzZ/8QUtgduNs/W9jl/4O,1
49E481D0XPvAibaEXe+9lRniSKKSh21VPY4X7Riy,0
7ADD3374XPvAibaEXe+9WAygB66RlEICjy0jtya5,2
97167D07XPvAibaEXe+9lRniSKKSh0+G+L2eG1v/,1
7A32C41BXPvAibaEXe+TioGOAQy/3zzpTUjKGplc,1
6DAD38A8XPvAibaEXe+TioGOAQy/3zPKEw7D20VX,1
5BF576BEXPvAibaEXe8yzZ/8QUtgdqBpEkgDL/sE,1
324FB62EXPvAibaEXe+TioGOAQy/3x9q3D2s1RzS,0
DEB9BFF3XPvAibaEXe+TioGOAQy/310n4YoaF5iI,1
36EBF187XPvAibaEXe8aMmuWiMhL4kaW5GJ4NoC0,0
587117ECXPvAibaEXe+TioGOAQy/3xs11Ox39j0M,2
9F52B45BXPvAibaEXe+TioGOAQy/33ViofLliR79,1
5DF7CDB2XPvAibaEXe8aMmuWiMhL4qlD/pUFKN36,2
354309A2XPvAibaEXe8aMmuWiMhL4vWN6UGHCU4I,1
6BB1D799XPvAibaEXe8aMmuWiMhL4jueQKEn+PS2,1
B3749B88XPvAibaEXe/VTtmkh7JuOuby0kWV9To2,2
97FCE6F5XPvAibaEXe9V1gtTDRnQF3lm8GkhzCAa,0
0336A8FDXPvAibaEXe97q47CdxnNZKAUu5+2jDyf,2
2A206F37XPvAibaEXe8e/5ryJ9YpuSLV/el+HbgI,1
A110AF72XPvAibaEXe+iXJpjy6UOML/4VBh8bWgC,1
710CC115XPvAibaEXe8IlpBhypyXxrLTKDjsCNnZ,1
7E7FC55FXPvAibaEXe9U/K5zYZONT8yhxXQNvJ6O,2
56D11A32XPvAibaEXe/NExuU8f5CH3gp+fdd8qXv,1
F84A41F0XPvAibaEXe8ptkRJyotmH3EGOlwb84an,1
E19EB4C6XPvAibaEXe/NRwqjPAC0MPJvB4sJXQSE,1
92262318XPvAibaEXe+9lRniSKKSh+83KZVVG9TN,1
FA31ECC1XPvAibaEXe+9lRniSKKSh81rMASDh/WN,0
755602EDXPvAibaEXe9sDqR+NysAHsVRmv4S9cRB,1
32CCFFA3XPvAibaEXe+PmhPN+9CWc7kr/u7fET/Y,0
22F83BACXPvAibaEXe887JOjhk2RV/JFbdXIUSy0,1
C2ED6C14XPvAibaEXe/tRbq0ZEBEr/8hzad0hDwj,1
22530129XPvAibaEXe8T1DiYsmlfsdcZ2u7Jh669,1
1BE2F908XPvAibaEXe8YaJ+XvjGNa/nRprTdNvTa,0
CA074ED7XPvAibaEXe8LHfATqQ4bHtb4bLVbgsxS,1
71A74519XPvAibaEXe9afbyrOJH5CJKyLoWKNB+S,1
815DC6D5XPvAibaEXe9iBRrLJjO8dUXgzuC1uGLg,1
D8A433FEXPvAibaEXe/9XMaU/9dsP4HOIzNsbFZq,1
51ABA153XPvAibaEXe80CLygfiFTYC0BypVMJWgH,1
C4F596B7XPvAibaEXe9Qk6hDUWKQXZP98Rz5k643,0
682945CCXPvAibaEXe9mCnb3+Zz/PUn3pDGbLSzu,1
E6272409XPvAibaEXe86krjHGvaiW37tyiJ1YN+9,1
4C776828XPvAibaEXe/KGOYNCaEaWSy3TGHOsNtZ,1
36828B71XPvAibaEXe/GFbVLDV6SZNdvvgJpO0Mz,1
032009DBXPvAibaEXe8hLNatuVCg+bidSLDlKFer,2
3C1AC214XPvAibaEXe/kJUgsv26Ua9Wx7QQ3WPtB,2
3C1C96A3XPvAibaEXe/k62DFAfrQTg4AUr4xsSDd,1
967E6903XPvAibaEXe/k62DFAfrQTl9GrveUQB7X,1
1A337CBCXPvAibaEXe9HXpb1PepyFTbcxMBcuB5Y,1
6F120F59XPvAibaEXe/Twrxaq444c54z81uS601e,1
8B3D8B26XPvAibaEXe9o3csoNuwUvFp9HKjTdJZi,1
3E3E10CBXPvAibaEXe/VTtmkh7JuOsTWNwfZU88X,3
432F941DXPvAibaEXe/VTtmkh7JuOv3H/gtqL4cw,2
7104B8EFXPvAibaEXe9whL/t4cdMZSClckde1FQ9,2
20898D54XPvAibaEXe9V1gtTDRnQF+sW2Hlc0Ngw,1
53F24D56XPvAibaEXe9V1gtTDRnQF0W4EkFRmiTX,1
E0F1156DXPvAibaEXe97q47CdxnNZFWNRv69aCsk,1
71BC010DXPvAibaEXe+tg0ae8qw/gtY2BN7e6Qx5,1
C2A4C64FXPvAibaEXe/nRR7q+hWy3OGsz3jlcNjw,1
3C303D57XPvAibaEXe/nRR7q+hWy3Opqpurh7Okn,2
B03D2622XPvAibaEXe/nRR7q+hWy3B7LsqApcm/p,2
E7952A34XPvAibaEXe+iXJpjy6UOMJSrnm986PLF,1
0615CD35XPvAibaEXe8e/5ryJ9YpueaFgtGttatE,0
EE8AAA61XPvAibaEXe+iXJpjy6UOMCQyv6gM3wi9,1
0E78BDE9XPvAibaEXe9U/K5zYZONT1sJ1bWJmpI3,1
395D74D2XPvAibaEXe9ETemEVgJcUe5I5YlQTNgV,1
0C1F8D02XPvAibaEXe8ptkRJyotmH4dH0a/L9r2z,1
CBEEBF97XPvAibaEXe+iXJpjy6UOMMnkQOMP+y3Q,1
1F7AFD75XPvAibaEXe/m6K07u0dn90TLF1pBsG6z,1
F2EAA359XPvAibaEXe9o/lUQXb5f/wV4mvQVjSu3,1
517F0E78XPvAibaEXe/ETkXgDMKQ8UD1PP6Mi8BH,1
A8BD5949XPvAibaEXe8VdV75E6kcrsuWF8AM2frY,0
86118223XPvAibaEXe8zBeLfIMmoBG0JCFEfZPsm,2
F14676F2XPvAibaEXe/Ko3VBeq65/zGUzTY2VaO5,3
F80E317BXPvAibaEXe8zBeLfIMmoBK+LGS9nQVRX,1
8DA684D2XPvAibaEXe8zBeLfIMmoBKdZoQPMioeR,2
9AAAA89FXPvAibaEXe8VdV75E6kcrpHzpUeOJmwD,1
1151008EXPvAibaEXe/iDuY0411CJrT6oqbjaqEK,1
DBB3FD1FXPvAibaEXe9sDqR+NysAHnQU8WnbFHUr,1
C89C7FF0XPvAibaEXe+xRE5267JUoNbnrUW0OLcQ,0
C4CDF081XPvAibaEXe+xRE5267JUoChL3sR3eJEX,1
81BE22AAXPvAibaEXe/KMtCr6bHauvKa00E+I+gN,0
5514F962XPvAibaEXe887JOjhk2RV+5OSunqs8PS,1
B7D05919XPvAibaEXe887JOjhk2RV+0WaRF2OXZd,1
B1F308AEXPvAibaEXe8b4sJvH2gx3DS0KVPcZiZ/,1
301EDF77XPvAibaEXe+UuZ4QW1XoS56TAWeBj6HO,2
8DFC58A2XPvAibaEXe/tRbq0ZEBEr3iF2syR+mKu,2
CB03C79CXPvAibaEXe8T1DiYsmlfsdAto+lWCMTt,1
DEECDA8CXPvAibaEXe+uQMKXqrwYdqBjQXtCpkQg,1
2A4A74CBXPvAibaEXe+TQJLvJOj4Ba8qrKoJg0ub,1
B0A3F90EXPvAibaEXe/dMvqGUzyBHCi23Txy1u4n,0
0CAE9BFDXPvAibaEXe8LHfATqQ4bHq2r0FA28U0O,1
872C2CCCXPvAibaEXe9hSzSdeSAT0sYBeBBZTXFV,1
2D28BCD7XPvAibaEXe9QJDM9nE85iI3DOet6BMWl,1
5478BE78XPvAibaEXe9afbyrOJH5CIk691Y5ZINI,2
4EDD5B5CXPvAibaEXe9iBRrLJjO8dcNMX+7JRk7V,1
855EBAB6XPvAibaEXe/GP74oAJxkeFK3GK4jlLCA,2
ACAC3501XPvAibaEXe/9XMaU/9dsP2V7OUutWEGf,2
4A223D49XPvAibaEXe+xxRCacZP96myvp3MKYFxv,3
DC0553EBXPvAibaEXe/dSnTMEtLaYzJNN6OiB99V,2
271E1C78XPvAibaEXe9mCnb3+Zz/PczZ4KkugInl,1
2FD982F5XPvAibaEXe9mCnb3+Zz/Pe3XsCZL6/KF,1
5E521194XPvAibaEXe/KGOYNCaEaWWIoIjYM+3Ir,1
8C053506XPvAibaEXe8VziDgYa0u7kXETb28eD9J,1
7F6C98BEXPvAibaEXe/GFbVLDV6SZPFa9+HD0pSw,1
2320F58AXPvAibaEXe/GFbVLDV6SZLVYCPBsF3xL,0
C8F788F8XPvAibaEXe9hSzSdeSAT0pT8Qe3Tkx/w,2
C3C96EC6XPvAibaEXe/kJUgsv26Ua3AxeitbvmZB,0
435BFB91XPvAibaEXe/MCL0qpDhx0/xaKlqVJk9G,1
C8C31BA1XPvAibaEXe/MCL0qpDhx01OdVJufXzvF,2
78498C95XPvAibaEXe8hLNatuVCg+U6jgvGVlQ/k,1
CBB6144BXPvAibaEXe9LZwdMb86KA8a4TiZpwgMb,1
CB53EA26XPvAibaEXe9ZsjBGMHTvpmz4F0tQQH4U,1
E44D1E6CXPvAibaEXe/k62DFAfrQTsS8tHO2IoFl,2
337855C4XPvAibaEXe/aPLdUCtOgChaC3lFbDhas,2
25D5AEC1XPvAibaEXe/k62DFAfrQTuhyEMCJFErp,0
FD98FF70XPvAibaEXe88tz7NL7l/gpmosb/DWOS+,1
9D84C8C2XPvAibaEXe88tz7NL7l/grgcMVpEWguV,1
CA80DC97XPvAibaEXe/aPLdUCtOgChE7/iu2Frmu,1
7F2E16DBXPvAibaEXe9HXpb1PepyFU8AnWqkYX8g,1
3694E5E6XPvAibaEXe9HXpb1PepyFV6dAscob+FU,2
078E6C4EXPvAibaEXe+iXJpjy6UOMKV9AJg2HsFJ,1
21262576XPvAibaEXe8p5yvHQtPES0B7eV1Twgs0,1
C35B7D58XPvAibaEXe8p5yvHQtPES5RibWhntIV9,1
587CA928XPvAibaEXe+NJiMjcH3vhDSbGe/qJhZ2,1
977BA0F9XPvAibaEXe8TrN3vUI8MaLAk0LNGoRGZ,1
26C10AA7XPvAibaEXe8TrN3vUI8MaOIcRHHeaint,1
554BEAD4XPvAibaEXe9hSzSdeSAT0nKSX8+l/eSA,1
652648CBXPvAibaEXe/a3PM8AP2Ng8tHdXd20Co5,1
F677C43CXPvAibaEXe8e8TJXhGRqkB8QzI8wOQCd,2
C3F2AF81XPvAibaEXe8e8TJXhGRqkF2KUXuYoaqG,1
8C6FE81AXPvAibaEXe8e8TJXhGRqkEcBx/5az8pl,1
6F81A5D5XPvAibaEXe8yzZ/8QUtgdsWPb4CTNI4B,2
38A7026DXPvAibaEXe9hSzSdeSAT0oxt8vTYvGic,0
5996539DXPvAibaEXe9ej2kTw4OUmo2KwEE5slsH,1
67D044F2XPvAibaEXe97q47CdxnNZACAWtvSi+eR,2
4CF4D526XPvAibaEXe97q47CdxnNZGqx1X96feAw,1
1EA1BEE1XPvAibaEXe+iXJpjy6UOMJgg3q9gFJNY,1
13BC378CXPvAibaEXe9PHS03bFe3hOp+r3EZYwqv,0
DAC094B3XPvAibaEXe+kaKwPBw23VuCO3Xk7FDs1,1
994B9FE1XPvAibaEXe+kaKwPBw23Vvc+7fuQ/q9o,1
0C77106BXPvAibaEXe/NRwqjPAC0MErrzzQBtnng,1
49952B5CXPvAibaEXe9ajZoptpw4tesLXoK2FsY1,1
839A1A0CXPvAibaEXe+uQMKXqrwYdgr0jNDc3VDK,1
396D7784XPvAibaEXe+TQJLvJOj4BcG6LAOxINL3,1
C7FB8BCEXPvAibaEXe9iBRrLJjO8dTdpnBoM+zoi,1
6C74DCBCXPvAibaEXe/5SY0P9d9+ePOjz5kpYB9j,1
3BA2638AXPvAibaEXe80CLygfiFTYIF9lGijqsfM,2
B6496AD5XPvAibaEXe/9n4RXguPAYJnEBVwvE4Wm,2
1EEADA1AXPvAibaEXe9cYfl6D6BtPJTQN3JoUf4L,0
778A7D5FXPvAibaEXe9mCnb3+Zz/PR/H3cfleQ8t,2
725D70C8XPvAibaEXe9cYfl6D6BtPEEyeyUg0zQQ,1
730AFA4AXPvAibaEXe/Uev7j/8Ezmf3kk8pgAZBP,0
B123F3C9XPvAibaEXe/rp0ev/rDe03hflmVII1Tt,2
5F1876D2XPvAibaEXe9hSzSdeSAT0ryA1Nk7p+DJ,1
2D42C943XPvAibaEXe/NExuU8f5CHyJQuUVKAd5q,2
38D3371AXPvAibaEXe8zt9d6Yn9pDEc8FV9GJCTR,1
FB6B57A5XPvAibaEXe/S5mChdnrLm6/+PXXKgRhJ,1
D2607DA4XPvAibaEXe+Xxbs4kvH/k3apAf4rYUUN,2
AD96E6F3XPvAibaEXe8zt9d6Yn9pDCA5Ya16AfU/,0
88B70FC5XPvAibaEXe/S5mChdnrLm0/gjddWphOA,1
0DF486EEXPvAibaEXe8zt9d6Yn9pDLCVxga0m3iT,0
79402081XPvAibaEXe/S5mChdnrLm7k8XUjNyRr/,1
D368FCEEXPvAibaEXe+Xxbs4kvH/k0yInR6LoZNO,1
28C6D42AXPvAibaEXe/S5mChdnrLmzLOZjAdbd+w,2
23EB5F7FXPvAibaEXe9ej2kTw4OUmgmhgDhxaVMx,1
4EF2E72FXPvAibaEXe/btl79MArZLAUsBjsEYip0,1
7FCDDD97XPvAibaEXe/btl79MArZLHZ91Yi5oI81,0
BF3B1745XPvAibaEXe9whL/t4cdMZUa+NDp0/6Wm,0
F83B670CXPvAibaEXe/VTtmkh7JuOu4OH5LEfQE8,1
C5A8251BXPvAibaEXe9whL/t4cdMZdkv8Y98YyOc,1
48A04A83XPvAibaEXe/btl79MArZLFL2n5EIoIeK,1
7FBD0513XPvAibaEXe+ltCXpm838vaXT1ZHB2inA,3
C41169F1XPvAibaEXe9V1gtTDRnQF9kTkEvGMi6j,0
E9D6C723XPvAibaEXe9V1gtTDRnQF3no6iq1vTp8,1
1CBA6022XPvAibaEXe8zt9d6Yn9pDODQ9/+zeGd+,1
2E94A288XPvAibaEXe9V1gtTDRnQF5UgykIcVYUO,1
668A7C0EXPvAibaEXe/twRH8x8eygzacDsTzn1yF,3
4356F370XPvAibaEXe97q47CdxnNZIq8I4lUO3ic,1
0A8562CBXPvAibaEXe+tg0ae8qw/gj/c8Ef51TLi,1
562EAF54XPvAibaEXe+tg0ae8qw/gpvIjQ2ax2XP,1
1A91CFB7XPvAibaEXe8aMmuWiMhL4vKjMTeloAlt,1
2A7EF77DXPvAibaEXe/nRR7q+hWy3NoZTBjSr5/Z,1
F648791BXPvAibaEXe+tg0ae8qw/gkKq0zjCQSnC,1
AA2E8E15XPvAibaEXe+iXJpjy6UOMJuKbMz8V7jb,0
1C304906XPvAibaEXe9hSzSdeSAT0mSwgfXy9PeD,2
5D496A92XPvAibaEXe8e/5ryJ9YpublYeFlN8Tq2,1
3855EE8BXPvAibaEXe+ltCXpm838vada+3errwGn,1
C370E070XPvAibaEXe8e/5ryJ9Ypubqv5t6wIv15,1
39CFA80DXPvAibaEXe+tg0ae8qw/giuc2CTRAuM8,1
19B4EB0FXPvAibaEXe+pDN88/1DR4JOjz3aukUSu,1
EF902C02XPvAibaEXe9x0CaUg4pZozXRa04bbO7k,3
F96815B9XPvAibaEXe9U/K5zYZONT+OhfU5RocjN,1
CC8ED1C2XPvAibaEXe9x0CaUg4pZo9/HVzJrxtyW,1
DB5FE1BCXPvAibaEXe+pDN88/1DR4PKidTMibtkC,3
CB052F9FXPvAibaEXe/H1VZJBzJAwl6qZyOKGipp,2
3BA2001AXPvAibaEXe8z1Io4iT8HJMGETGEwyWJt,1
D7DF9F37XPvAibaEXe9tdh69VvZt11DfSs5C1fSb,3
8D4A719AXPvAibaEXe+ltCXpm838vbQExhXSrFMN,1
9AB5288CXPvAibaEXe8ptkRJyotmHyOE/oRGlE3h,1
14D74888XPvAibaEXe/JKySBFnJ8IuazFpPWuSJV,1
AB9BD45CXPvAibaEXe/JKySBFnJ8IhGx+HV+WPqn,1
79DEB945XPvAibaEXe/JKySBFnJ8Ik5uAlh/3EsK,0
65774F58XPvAibaEXe8e/5ryJ9YpuX/hEkT6zPR/,0
DB0AC055XPvAibaEXe9PHS03bFe3hMQ34CzHv618,1
CD3C6960XPvAibaEXe9PHS03bFe3hJ+te3HH6t7r,2
87F065A6XPvAibaEXe+kaKwPBw23Vo+HCx0JbRD/,1
8080E79DXPvAibaEXe/m6K07u0dn93gyyobNKwwO,1
D5E4F1BEXPvAibaEXe+kaKwPBw23VpAGyHMum1zT,1
629C3839XPvAibaEXe+ltCXpm838vZrRMDX6sAPg,1
AF155A6FXPvAibaEXe/m6K07u0dn93At9KZvjsJs,3
555718BAXPvAibaEXe+kaKwPBw23VvNuBIzlekwW,1
F16C2981XPvAibaEXe/69hWWh+JD2RYQ9Sz2v0vv,3
3D2643B9XPvAibaEXe/NRwqjPAC0MGsMXVlpe/gY,2
6BB67E26XPvAibaEXe/1obfbwrsd5+KaZ8cYU5CS,1
BD9DF10DXPvAibaEXe/69hWWh+JD2R3C/1vg+FzD,1
DC49F60CXPvAibaEXe/ETkXgDMKQ8aY2L2ObTmIE,1
33D5DEBDXPvAibaEXe+iXJpjy6UOMANys+inFA/G,1
D6D157E8XPvAibaEXe88UewilValgL0yb29Hy2of,1
869ABE5AXPvAibaEXe/ETkXgDMKQ8fKK4ufgBOtT,1
5FA96F86XPvAibaEXe88UewilValgEEPA292vKuK,1
0BAF44E0XPvAibaEXe917PYvJ9Jl7VHX1jRhqJF3,1
08FD27ADXPvAibaEXe917PYvJ9Jl7QAVZU4PwZly,1
F0DA4E5BXPvAibaEXe88UewilValgCEO6Q/IE/fA,3
A555843FXPvAibaEXe88UewilValgCdn3PFv7Eck,3
EFCCF3D6XPvAibaEXe88UewilValgDpiGumL8Enb,1
D6A91BB3XPvAibaEXe88UewilValgNB25t04T45/,2
D40CDE12XPvAibaEXe/ETkXgDMKQ8czhXBd4cEQT,3
AC3991D9XPvAibaEXe8VdV75E6kcrit6coXKtYD5,1
8C53D0BDXPvAibaEXe8zBeLfIMmoBPnGRTUU76bE,1
0A45A87BXPvAibaEXe8zBeLfIMmoBD2l8CFV9VL9,2
3F7C96EEXPvAibaEXe9ajZoptpw4tXc9zkloSelJ,1
2CFCDF1EXPvAibaEXe/Ko3VBeq65//lXR4gHnIeg,2
6D968F69XPvAibaEXe/Ko3VBeq65/zndFEyy3pth,1
F7B0248AXPvAibaEXe/iDuY0411CJkGQXDu5r6Sv,1
275A4E2AXPvAibaEXe/iDuY0411CJlnz8HbavnWp,1
ABF559A8XPvAibaEXe9sDqR+NysAHoJydALW9646,1
79D32D22XPvAibaEXe9sDqR+NysAHv+CTGpGTN9z,1
7A5F2891XPvAibaEXe/y2t7DVG8TDSoxpx5o1/8K,0
035AEF81XPvAibaEXe/y2t7DVG8TDXVGQmvbKE12,2
8694C38AXPvAibaEXe+xRE5267JUoMoFokB0cvtR,2
BA7995F1XPvAibaEXe/y2t7DVG8TDWwBL0zNeRnF,1
C623F786XPvAibaEXe+ai34rvuG7eJM/sCTB5dlj,1
C29BA38CXPvAibaEXe8oOckqmsrcbVkxwsiKMa6/,2
305AFBE1XPvAibaEXe8oOckqmsrcbR6OmJ5a75Al,1
56E899F0XPvAibaEXe8oOckqmsrcbUAMczjLj7W6,1
FE134612XPvAibaEXe+PmhPN+9CWc7zR4fbMyJRH,1
B7FE1C7EXPvAibaEXe/KMtCr6bHauh1ucbZwVKUE,1
823B6101XPvAibaEXe/KMtCr6bHaugHJjFrxnFp3,1
8A450EACXPvAibaEXe+PmhPN+9CWcwa4GT6uC7Fx,0
C04EBE21XPvAibaEXe+Wjq/eoSKNhdgCBHK25oB1,0
DA5D8D30XPvAibaEXe887JOjhk2RV6yvMF2PLi4N,2
FAFF75E9XPvAibaEXe+PmhPN+9CWc84hybaXGofC,1
933B903CXPvAibaEXe+Wjq/eoSKNhVqg5VfeqaPH,1
F1E5E055XPvAibaEXe+Wjq/eoSKNhdg9exGKekXz,0
58F109CBXPvAibaEXe+Wjq/eoSKNhbHsVF7h0LJh,1
1DA64E34XPvAibaEXe8b4sJvH2gx3D/jz+uMSHg3,2
A3355797XPvAibaEXe+UuZ4QW1XoS4q88cMAo4Cs,2
A77E224EXPvAibaEXe+UuZ4QW1XoS1chJcsxDmhF,1
05E7D19EXPvAibaEXe8dEe4TA8wgH/vIXJ8D2J3d,1
579C9282XPvAibaEXe8T1DiYsmlfsZ4rtPqBNBkc,0
4A267BB4XPvAibaEXe8YaJ+XvjGNa12csclhJnYz,0
1AB19C83XPvAibaEXe+uQMKXqrwYdoq4N0DvceRZ,1
1E36108AXPvAibaEXe8zt9d6Yn9pDLD0niVqJCz8,1
57A9F0AEXPvAibaEXe8T1DiYsmlfsSBkagc8gdBG,1
5EFC6D3CXPvAibaEXe+TQJLvJOj4BW6T+T6AMVPf,2
D368677CXPvAibaEXe+pDN88/1DR4Fvc8euLv+LV,1
0A69D24BXPvAibaEXe9j81k8MH0oJxqAQ+z1dx73,1
692758D6XPvAibaEXe+pDN88/1DR4FhgbLqyi+BX,3
FA789B8DXPvAibaEXe8LHfATqQ4bHgNhbbGytuv3,1
05BE3C4FXPvAibaEXe9j81k8MH0oJwyKQAP8FKms,0
CCB61741XPvAibaEXe8HxoLOw72ZILB/1NqMSKqS,2
173BD95CXPvAibaEXe8LHfATqQ4bHhVEVKzVUe+r,1
E1793C3EXPvAibaEXe8HxoLOw72ZINQyuySqA8hO,1
1668B1AEXPvAibaEXe8LHfATqQ4bHvpZYxNsj+iv,1
BF2C8C16XPvAibaEXe/dMvqGUzyBHMDeq76jOT0A,1
158AD701XPvAibaEXe9afbyrOJH5CBOTQmYnFjFX,2
EC316FF0XPvAibaEXe9QJDM9nE85iKT1pf3phr8M,0
F1AE6A7DXPvAibaEXe+pDN88/1DR4GQG2cn+o/MP,1
7BCD987FXPvAibaEXe9afbyrOJH5CBVNizWcvKMe,1
2B0CA1B8XPvAibaEXe9afbyrOJH5CPpnSE4AQlhN,2
FBF78CCFXPvAibaEXe/GP74oAJxkeDWQPDHBnP8R,2
1E4A5AC6XPvAibaEXe9iBRrLJjO8dZDYHhYIuFfM,1
AD9E064BXPvAibaEXe/GP74oAJxkeAi0ENPwa1up,1
C6662E8FXPvAibaEXe/5SY0P9d9+ePHIqV5mYmE7,2
0AB2AC8EXPvAibaEXe/9XMaU/9dsP7xXXR4Qke5Q,0
9DF18B69XPvAibaEXe80CLygfiFTYHHljkL4Y9Lt,0
812FEF5DXPvAibaEXe8WdGcsQTF3yAkfM+A4rrJk,1
9884C11CXPvAibaEXe8WdGcsQTF3yMswo+0Ve8NQ,1
F71855D2XPvAibaEXe/baiw3K4HkF6wI5F6w6e/1,1
AABCA0E0XPvAibaEXe+xw+0gOjOR0BD2ghb/Cj1M,2
2A8A1E92XPvAibaEXe9x0CaUg4pZoxy78IQ6wez6,3
CF73DD3CXPvAibaEXe/9n4RXguPAYNhPkL6cwTol,1
FB9FCB31XPvAibaEXe9U/K5zYZONT/ejExcqpsve,0
A675C95CXPvAibaEXe8dZIB3odxynjCdWLhxMdlo,1
6988D28AXPvAibaEXe9MSDlNDFbYdo3rYOhSopw2,3
D712BFCEXPvAibaEXe9MSDlNDFbYdstcpztF17Qf,2
D93973F0XPvAibaEXe9MSDlNDFbYdv+00TzAQCSX,1
3B35AABBXPvAibaEXe9Qk6hDUWKQXa1f1s5GACsT,1
9D1D0D5CXPvAibaEXe9Qk6hDUWKQXS/sN5/7YvvK,1
A5CBFD30XPvAibaEXe+xxRCacZP96nDee0c9rTgN,2
43FC3281XPvAibaEXe+xxRCacZP96u5n77x8ggVW,1
36FE6837XPvAibaEXe+xxRCacZP96h0zDJZCKy8e,1
6D2E8231XPvAibaEXe/dSnTMEtLaY2jQPSMnpr39,1
6120D0ADXPvAibaEXe/dSnTMEtLaY6EPZOThw3D6,1
53C28097XPvAibaEXe/Nok7qdNjJRpvSBASXhbvj,1
A1CC32BDXPvAibaEXe/Nok7qdNjJRpfulMGprmx0,3
47885262XPvAibaEXe/cg9419ghLE29xtKR6mNzO,1
29297150XPvAibaEXe86krjHGvaiWzz9rU2gYi/y,1
9DDFFF12XPvAibaEXe9mCnb3+Zz/PeN3qzJL6pM1,0
6E5F651EXPvAibaEXe+9lRniSKKSh38UocJy0doH,1
FE8B49CEXPvAibaEXe/cg9419ghLE/LpBYcTHjDV,1
2A600D08XPvAibaEXe/cg9419ghLE1CAOgzUwmgz,0
EEC34F7CXPvAibaEXe86krjHGvaiW/vdqnql4K3E,0
96195CF9XPvAibaEXe9cYfl6D6BtPFPtgzuBfGWm,1
A468B48BXPvAibaEXe/cg9419ghLExA8xNMFSTp6,2
430EA049XPvAibaEXe+9WAygB66RlKxXCZEJYJ0/,0
2B562458XPvAibaEXe/KGOYNCaEaWSas+3hCAqLs,2
BAC94C58XPvAibaEXe8VziDgYa0u7qImuijCjI9Z,1
6854FCD8XPvAibaEXe8VziDgYa0u7mTJdEiYeXKm,1
635B9F1CXPvAibaEXe9x0CaUg4pZoxMVvEAX3gFK,1
E281ADE9XPvAibaEXe+TZKE2gC8nUq28NQidM3FB,2
5D6C330DXPvAibaEXe+TZKE2gC8nUmrwpmA+pQ4c,1
91230E90XPvAibaEXe/Uev7j/8EzmTMB980kV6qB,2
6863E512XPvAibaEXe8hLNatuVCg+UIHvbMJncfZ,1
138D6156XPvAibaEXe8hLNatuVCg+ejXgw+1QblH,1
C76EDCF3XPvAibaEXe/kJUgsv26Ua0p0JHtUAsAS,0
0E8718D1XPvAibaEXe/Uev7j/8Ezmbm1+c2ioDM+,1
FF061276XPvAibaEXe+9lRniSKKSh22eA1ofKxvk,1
72360A9BXPvAibaEXe/MCL0qpDhx02jhOyfNsnRm,1
DCDE2415XPvAibaEXe9ZsjBGMHTvpvyF5PEXEf+o,1
B31F2EFDXPvAibaEXe9LZwdMb86KA7q1VJwOTOUa,2
5B24B7E9XPvAibaEXe88tz7NL7l/gkzJpMXlLHVu,1
6D822171XPvAibaEXe88tz7NL7l/glfUKXnZ+w7c,2
C5D327CCXPvAibaEXe/k62DFAfrQToLklifmYtYd,2
8F3185FEXPvAibaEXe/aPLdUCtOgCsBe2SXe0WDb,1
5319E926XPvAibaEXe/aPLdUCtOgCsYuTRe19Bvm,1
C4C5C3E4XPvAibaEXe/aPLdUCtOgClLL6Fk3loNV,0
52EB6D4CXPvAibaEXe9U/K5zYZONTyWmoV+cJgnr,1
85DFE3D3XPvAibaEXe/Twrxaq444c79eEBE4Xz7H,1
FC1373DCXPvAibaEXe/Twrxaq444c5fF/e2ZzuG9,3
5A4D5F66XPvAibaEXe9o3csoNuwUvNmLsOKLLSM4,1
339A3FEFXPvAibaEXe9o3csoNuwUvNaLcKo+Rrh/,1
1A908D81XPvAibaEXe9o3csoNuwUvM9MBPuQBYEb,1
B262234AXPvAibaEXe/rp0ev/rDe07xUb32i3Uwn,1
5922FCABXPvAibaEXe8AEUw13Ud6KnHmyBmlVUoY,2
9C5ABA2CXPvAibaEXe/a3PM8AP2Ng7HsJMHP/6bp,2
9125778AXPvAibaEXe/a3PM8AP2Ng2VfTBe8ynkO,1
C746AD35XPvAibaEXe/S5mChdnrLm2q3zEsvbew7,3
C066A730XPvAibaEXe8e8TJXhGRqkFQClYt2+09M,1
B63D0F42XPvAibaEXe8yzZ/8QUtgdncOwVBpJrXf,0
01339FADXPvAibaEXe/a3PM8AP2Ng0uXDZOGMC2W,1
64278425XPvAibaEXe+TioGOAQy/3/vnhJxVVW03,1
AA0AABA9XPvAibaEXe8yzZ/8QUtgdnSqSmYpvWWN,2
8DAE5511XPvAibaEXe+TioGOAQy/3xzzqxMY0gs8,0
9A40471FXPvAibaEXe9U/K5zYZONT/7/ulRYKDkS,1
0BD8CFC9XPvAibaEXe9ej2kTw4OUmmVqFnbW6yIH,1
4C3F97F3XPvAibaEXe/VTtmkh7JuOmyvQ3eamH4/,1
DA9AEA01XPvAibaEXe/nRR7q+hWy3N66SVCIyHcP,2
A24B2C27XPvAibaEXe/1obfbwrsd56035i2mhdxT,0
C12CDC71XPvAibaEXe9o/lUQXb5f/06iCznRQ42T,0
74D36A66XPvAibaEXe/Ko3VBeq65/+nkazv8LvJZ,2
06A0EB54XPvAibaEXe/Ko3VBeq65/7o9+P9o0/JJ,1
5809EDABXPvAibaEXe/iDuY0411CJlTRP5+oneq9,1
D581AAA6XPvAibaEXe/KMtCr6bHauktc5mYHxOWK,0
D8170F2DXPvAibaEXe887JOjhk2RV94SG7zqAYGW,1
9F52B271XPvAibaEXe8YaJ+XvjGNa8xGZtVnN36J,1
118F3451XPvAibaEXe+xw+0gOjOR0LX1Iih/kDxx,1
C652408CXPvAibaEXe/baiw3K4HkF5HM+yiC7grI,2
DA3DF53DXPvAibaEXe+xxRCacZP96tkiOBxYLD7W,1
CE9A0F8BXPvAibaEXe8VziDgYa0u7tPrSA0cpZ1K,2
FB4F1A27XPvAibaEXe/Uev7j/8EzmTAj1CkMP9PS,1
C6158D21XPvAibaEXe/GFbVLDV6SZJQTjNzZsKg1,2
F6208A2CXPvAibaEXe/kJUgsv26Uaz79STBqAZnz,2
374C2F02XPvAibaEXe+pDN88/1DR4BRDEcLb86g4,2
77044BDAXPvAibaEXe8yzZ/8QUtgdtE4Bj3df2bu,1
FDE6070DXPvAibaEXe8zt9d6Yn9pDDazARoQk6ZP,1
8724B09CXPvAibaEXe/nRR7q+hWy3LGGAca76MRg,1
F93A7468XPvAibaEXe+iXJpjy6UOMB0KVfH2qHUk,1
A65738B9XPvAibaEXe9U/K5zYZONT7oYmwa/1iSH,1
82A17B12XPvAibaEXe8z1Io4iT8HJDOTLLnsB1Kj,1
4785283EXPvAibaEXe8ptkRJyotmH0AxIrbY3Kvy,1
72A29258XPvAibaEXe/JKySBFnJ8Ig3pOae8c450,0
ECBEEED6XPvAibaEXe/NRwqjPAC0MBIgkQqu8fWa,3
98857340XPvAibaEXe+pDN88/1DR4IgAxOQlHkuX,3
AF0718FBXPvAibaEXe+ai34rvuG7eAJPAByVWhNo,2
90D44D7BXPvAibaEXe+TQJLvJOj4BW/GNDycKOl8,0
00ACD5A5XPvAibaEXe+pDN88/1DR4LBrQbT3YaE1,3
1436571AXPvAibaEXe8HxoLOw72ZIHe6w38Td9cn,1
6E64155CXPvAibaEXe/GP74oAJxkeIRq/31oa9ak,1
FE367B70XPvAibaEXe/baiw3K4HkF29v5WC6Y3t+,2
4ECEFD2CXPvAibaEXe/cg9419ghLEztY2raOFFcb,2
C6FBD7C8XPvAibaEXe/KGOYNCaEaWevv6tAqytMz,1
2D99E412XPvAibaEXe8VziDgYa0u7pmPv7ThgrVQ,1
19FE69E6XPvAibaEXe8IlpBhypyXxnoaAYkrfDkq,1
E5D2D1A6XPvAibaEXe+TZKE2gC8nUm/FasP9PET4,1
6BF56AEFXPvAibaEXe+TZKE2gC8nUmnzzI5D7Rh3,2
63D68225XPvAibaEXe/MCL0qpDhx02+W2h7GHD9R,2
502BECD2XPvAibaEXe9ZsjBGMHTvpmGx6Rhlkn8S,1
DBC11C69XPvAibaEXe9LZwdMb86KA6Wl57kbLAGS,0
928A2D28XPvAibaEXe9ZsjBGMHTvppFWZjZB4bzm,0
6FD8569EXPvAibaEXe/aPLdUCtOgCts0jFB38TSA,1
81EE8EF2XPvAibaEXe9o3csoNuwUvFCXzXJKbMVz,3
EF6D3E34XPvAibaEXe9o3csoNuwUvO7brxBe1EBb,2
EEEB1256XPvAibaEXe/rp0ev/rDe0wn/OfwMuhL0,1
262628CCXPvAibaEXe97q47CdxnNZIi4AOvaSLHr,2
4B945B9BXPvAibaEXe8dEe4TA8wgH0EI0hl/TVwM,0
B3340294XPvAibaEXe9ZsjBGMHTvpg2yYeSPyWxL,1
63B4D770XPvAibaEXe8aMmuWiMhL4jMRcKmNNQ38,2
6A0E3807XPvAibaEXe/H1VZJBzJAwtB2TbvuX3AM,2
B317054CXPvAibaEXe9U/K5zYZONTxRPhI21glyL,2
E5B910BDXPvAibaEXe/H1VZJBzJAwkG5vgo/54/z,3
2513B9B7XPvAibaEXe/H1VZJBzJAwifmbhyzDhpm,0
E37B4918XPvAibaEXe+Xxbs4kvH/k2XogJgC9cra,0
A8030220XPvAibaEXe8zt9d6Yn9pDDeihExXJPIT,2
46C2D16EXPvAibaEXe/H1VZJBzJAwpOtKHNjTR3t,1
BBD2B285XPvAibaEXe9tdh69VvZt15WPDmCtI9r8,0
2E04DBD2XPvAibaEXe9tdh69VvZt1ySnCfGdLRM0,1
F4B8103BXPvAibaEXe8z1Io4iT8HJCohN5KW9D8+,1
E3F3FD6DXPvAibaEXe8z1Io4iT8HJIqsyxTD1vIz,2
258DB970XPvAibaEXe8IlpBhypyXxgajQBgTDZfm,1
C487ABC7XPvAibaEXe9tdh69VvZt12fRzaFDX/GE,1
1EB542C5XPvAibaEXe8z1Io4iT8HJAzpqshrGVmf,2
04C9CC0EXPvAibaEXe/S5mChdnrLm80qIvJ4ryp4,1
9B0DB436XPvAibaEXe8x8S8Fn/vYpv0rBsv/Mv7l,0
9BDC190BXPvAibaEXe8ptkRJyotmH1/DXcsBbqtm,1
EBF3351EXPvAibaEXe/m6K07u0dn9xcpEQ2OKuVX,2
E0B02E8EXPvAibaEXe8FWWF7xHXRAAavJy7+pwwV,1
3D52676AXPvAibaEXe8IlpBhypyXxuXyRbOadj9h,0
3CB648A6XPvAibaEXe/JKySBFnJ8Ig3aWxpy6hV1,1
3C63ABFEXPvAibaEXe/JKySBFnJ8Ih+HOeWf0RU7,0
832D5B8CXPvAibaEXe+Xxbs4kvH/k/CWwFVACUgl,2
BA12C8CAXPvAibaEXe/JKySBFnJ8Ilo2VBMQbXTT,2
0C6086A0XPvAibaEXe/S5mChdnrLm950BH4/Mi+d,1
AAB36911XPvAibaEXe9ETemEVgJcURSE4QiYowQq,0
5F6E9AB4XPvAibaEXe9ETemEVgJcUQHVNxMsMzHX,0
42D0A860XPvAibaEXe9ETemEVgJcUaCQYWr2vUTm,1
DAA05B2CXPvAibaEXe/JKySBFnJ8IgkxHvBufbd3,1
7ACF155CXPvAibaEXe/m6K07u0dn96OeUHTRay32,1
8DB5C6EAXPvAibaEXe8WA4OgPtanSMEjuq/KlO99,1
9329D5C8XPvAibaEXe/m6K07u0dn9/J53STFNxye,1
427EA068XPvAibaEXe9ETemEVgJcUZNPhd5I9GTp,2
B1A037A2XPvAibaEXe8WA4OgPtanSFnF24e9gnpX,0
4B3F84A7XPvAibaEXe9PHS03bFe3hLVudgsWZCZi,2
7732A425XPvAibaEXe/69hWWh+JD2XObiYIyKNK8,3
A94EF1EDXPvAibaEXe/69hWWh+JD2djEXUqujFHh,0
15A03C0DXPvAibaEXe/69hWWh+JD2UVz3ufk0Hxi,1
48E38805XPvAibaEXe/69hWWh+JD2bin651xAydP,1
C60C029EXPvAibaEXe9PHS03bFe3hB0U1CBijmXk,0
AAAF4E6FXPvAibaEXe/69hWWh+JD2fl5qFtmwTJX,1
DB450774XPvAibaEXe9PHS03bFe3hD0Qa+NoDGgz,3
D4EEB9A9XPvAibaEXe+kaKwPBw23Vn5JRuOoXSVE,1
6318371CXPvAibaEXe+kaKwPBw23VpFNi+IVGdqi,1
2C6871F9XPvAibaEXe+kaKwPBw23VjKH5MU0eBUS,1
DDF19F0EXPvAibaEXe/m6K07u0dn96+TfOaK2Y3s,3
28A90BB1XPvAibaEXe/1obfbwrsd54YNWSleaWUM,1
4F821A3EXPvAibaEXe/1obfbwrsd5xCL6i4aePGe,2
D7CA94CBXPvAibaEXe/1obfbwrsd5+Nef5NC1QiZ,1
BF8F2C3DXPvAibaEXe/1obfbwrsd5+BlQSMLBT4B,1
3EA765DCXPvAibaEXe9o/lUQXb5f/7q7qNtQ6Mps,1
FB8D2A9AXPvAibaEXe/NRwqjPAC0MEeA8v/SJZdH,0
EB9E6EECXPvAibaEXe+Xxbs4kvH/k+NR1M9IN9qL,0
93409BE3XPvAibaEXe+9WAygB66RlKSPE0wkrqa3,1
F13C83A4XPvAibaEXe9o/lUQXb5f/z3txLobU3Az,2
6B1A526FXPvAibaEXe9o/lUQXb5f/xt498AhtMPj,0
9BE47B34XPvAibaEXe9o/lUQXb5f/6AFrO+cRdQd,2
8B75E939XPvAibaEXe9o/lUQXb5f/9EzN7Db7CwN,1
96608FFBXPvAibaEXe8FWWF7xHXRAJY7V1Nm8Yg2,3
25B1BFD3XPvAibaEXe/NRwqjPAC0MJtMPSJVARBI,2
3AB392AFXPvAibaEXe/NRwqjPAC0MKjf0QSiSLjM,1
BC13918EXPvAibaEXe/ETkXgDMKQ8ansrxEaXLxi,1
817F3800XPvAibaEXe917PYvJ9Jl7eb63uaMNLRc,1
F5109BCEXPvAibaEXe88UewilValgHnNTg1fqZE2,1
1FC84966XPvAibaEXe917PYvJ9Jl7VDZwQFe1Zl4,1
E4B876CDXPvAibaEXe917PYvJ9Jl7S6K6QlrRDs9,3
D9BD3AFBXPvAibaEXe8IlpBhypyXxiZmZT/7okOU,0
9ECA4294XPvAibaEXe/ETkXgDMKQ8QjcxS09beRk,1
13F96CB9XPvAibaEXe917PYvJ9Jl7XQzUIJM8/Gf,2
6B233653XPvAibaEXe9ajZoptpw4td2khAGLKuwi,1
6F2995F1XPvAibaEXe88UewilValgL4Zqtgm5Ap0,1
EF415786XPvAibaEXe88UewilValgBPG08P+YNGs,2
3E98A64CXPvAibaEXe8WA4OgPtanSIqf9Q1O8Yin,1
2CA5878CXPvAibaEXe917PYvJ9Jl7Qom5OVGL12W,1
2842B3D8XPvAibaEXe8VdV75E6kcrtW4E4BntvYI,0
F241EE3FXPvAibaEXe8VdV75E6kcriil11BUJAqX,1
E7748004XPvAibaEXe/btl79MArZLOOaYoVFdLPX,2
DFA86CF0XPvAibaEXe8x8S8Fn/vYpjpIjiETCp+X,2
481DE724XPvAibaEXe9ajZoptpw4tYL+xpB0N+Kw,1
B961FA7FXPvAibaEXe8FWWF7xHXRAD9tn9AVbX5C,2
A475A43CXPvAibaEXe9ajZoptpw4tdAUVze0De+y,3
34127AA0XPvAibaEXe8zBeLfIMmoBGloPnMiEpAC,2
C17539FCXPvAibaEXe8zBeLfIMmoBKS0tTkQyAgB,3
BB5855E7XPvAibaEXe9ajZoptpw4tT2lUq2wSryl,2
C9FC6C3FXPvAibaEXe8zBeLfIMmoBNu79kGcYn5S,2
46B31FBDXPvAibaEXe/Ko3VBeq65/1wxcRApQNK4,1
A2DB45E4XPvAibaEXe8x8S8Fn/vYplH74RImKw6s,2
E97308BEXPvAibaEXe/Ko3VBeq65/0VB+cx8DiJ2,0
38319AE7XPvAibaEXe9ajZoptpw4tZCDFSYBMFfO,1
7715ED85XPvAibaEXe9ajZoptpw4tWJ/hc0H/zbm,1
92FABDADXPvAibaEXe8VdV75E6kcrlmKtRsYo7nH,1
B93A72B5XPvAibaEXe/iDuY0411CJihPlsuLHP+C,1
26B1EF2FXPvAibaEXe/iDuY0411CJqYYxhscohkR,1
70487DCAXPvAibaEXe9sDqR+NysAHn8fxcoiFVas,3
81258FA6XPvAibaEXe/iDuY0411CJn9swgDPebnS,1
80201DF4XPvAibaEXe9sDqR+NysAHuopBbLG2m03,2
DF9ED468XPvAibaEXe9sDqR+NysAHhSh4gH8DMHI,1
820FED0DXPvAibaEXe9sDqR+NysAHoOSAsTiQd+6,2
99A2BC56XPvAibaEXe/y2t7DVG8TDX7B5bnIFAlV,1
8906C137XPvAibaEXe/y2t7DVG8TDd6ZBeerRxNb,1
A64E415AXPvAibaEXe+xRE5267JUoPBmJrZU32CX,1
905AF1F4XPvAibaEXe/y2t7DVG8TDftJbpXRARhS,2
3B1B73AEXPvAibaEXe/y2t7DVG8TDass+/GF6+ZL,1
C0C9C20EXPvAibaEXe/y2t7DVG8TDRg2y/nF6frs,3
5EB6E15CXPvAibaEXe+xRE5267JUoFgNCx1So+H1,1
5E739EEBXPvAibaEXe+xRE5267JUoG3b4BmKhLyq,1
EC9847A0XPvAibaEXe+xRE5267JUoFjPpkePPDCJ,1
DB725175XPvAibaEXe+xRE5267JUoCvcRz9g/55W,0
35D25A89XPvAibaEXe9whL/t4cdMZdfJ9+A81yy6,2
81233B90XPvAibaEXe+xRE5267JUoLfdgZWsdAhr,0
06D3D633XPvAibaEXe+ai34rvuG7eBcAMYeGeXqe,1
66301283XPvAibaEXe+ai34rvuG7eIOICA1pEiAI,1
CA4BA72CXPvAibaEXe+ai34rvuG7eKKTfxrCI2Qf,0
B25A330EXPvAibaEXe+ai34rvuG7eGoE3HkwTUEP,1
50A2E077XPvAibaEXe9ej2kTw4OUmiUdIEhAtHG5,0
F635B066XPvAibaEXe9whL/t4cdMZarf+smrnY0M,2
5F51D74DXPvAibaEXe8oOckqmsrcbbs7DuEiiIRC,2
5B7BA676XPvAibaEXe/VTtmkh7JuOi+CBDCf2oyM,0
6B917B37XPvAibaEXe/KMtCr6bHaurGMaIHnPyOQ,1
FAEB3C22XPvAibaEXe9whL/t4cdMZRtbzH2grKwD,1
9C49B6DCXPvAibaEXe+PmhPN+9CWc9y/2V+Vqo9E,0
F6CEDDA6XPvAibaEXe/KMtCr6bHausbMTam92AGc,2
8275AFF1XPvAibaEXe887JOjhk2RV2OdGNV6Tir2,1
F4A848F0XPvAibaEXe887JOjhk2RV9+kh6VnYtYt,2
46A9E223XPvAibaEXe/btl79MArZLMHcwprgH6DR,1
6B474708XPvAibaEXe+PmhPN+9CWc9mgj2fmO33R,2
13C2DB66XPvAibaEXe+sRe0ac318A2jOM+c/ujRZ,2
EB5CFA8AXPvAibaEXe/iqucx09gCDHY9wZy8++47,0
9CE4F051XPvAibaEXe+Bn/Kbq8h84DwNhItH3scO,0
6B9C7C87XPvAibaEXe8hixWw/kWsbH9S0/bJgqxT,0
C04EFEE4XPvAibaEXe8drPFSmj8q7weeHHo9MqGT,0
533506E9XPvAibaEXe/RTfMBxsNERcF54W2wAZyB,1
A8BBF049XPvAibaEXe90z1QOLCQ2gmQBiRaUxAB4,0
607684B1XPvAibaEXe+VfAA12Tmd+02WCtZl8NOt,0
B0C7AB81XPvAibaEXe+Bn/Kbq8h84PR7K1SVKA8p,1
579C7F8BXPvAibaEXe8OSOsXgIr1IbT6XwwQy/th,0
FF8A419FXPvAibaEXe8uDPDBBTbYrMZOW6f+ONC4,1
7871BDF9XPvAibaEXe/PrIR+BvN04Tnyrqixv6G6,0
2034CFBBXPvAibaEXe/NPUyacSAr+BLrHsVHfA9k,0
E25DE12BXPvAibaEXe9lUBdG2blqkvl/b/nkUvmT,0
A4B7C299XPvAibaEXe8Vzfjn3dDTT8ZvxapMqkTk,0
7DBF537DXPvAibaEXe8NM1/5chXJmkzIU6225gPv,0
DFE68902XPvAibaEXe8hixWw/kWsbCVcid7tN9It,0
464BB955XPvAibaEXe8drPFSmj8q7y890WliBMen,1
9BAB2C1AXPvAibaEXe9d4LQb7PSjpqfgxJIE10wj,0
EC52FE2AXPvAibaEXe/UqphXuwxfvJn0dEMmXHKl,0
4F37BC84XPvAibaEXe9d4LQb7PSjpsF+nkmCQZnF,0
CFD67329XPvAibaEXe/iqucx09gCDNx3g1/Kr0Z6,0
0088B819XPvAibaEXe+pRrseqS9RoYVQbm9WQphs,0
DD84E50CXPvAibaEXe8NM1/5chXJmqk3jmC5t0Fn,0
8E21A662XPvAibaEXe/iqucx09gCDFpLas1sxZRK,1
4C5558ACXPvAibaEXe9urngX21O5XV6BAtnm2j34,0
04993E46XPvAibaEXe/c+AA7R58MU9q6TAEVnxuT,0
D8285E03XPvAibaEXe8NM1/5chXJmnvVs/ff8UsF,0
CB43D033XPvAibaEXe/q/d6S7LoUwzBJQEyK9w6Z,0
33A6C6ADXPvAibaEXe/c+AA7R58MU0ba0pxogVwu,1
4C198FB7XPvAibaEXe+Bn/Kbq8h84Nh4Gk40SFXB,0
0DE370C5XPvAibaEXe93zTruI/+aDEPB+SkJADIe,0
94D09D4BXPvAibaEXe+VfAA12Tmd+9przJY/E7nY,1
05E17E2BXPvAibaEXe/RTfMBxsNERftZF2fTACpt,0
80E84091XPvAibaEXe8NM1/5chXJml1eQF65VZ4R,0
BD671B38XPvAibaEXe/LvKmPOy7w5/y4iP4ff15b,0
BA9E5A70XPvAibaEXe/GIu0V6tRrk9yFa0vlcB+o,1
A505D017XPvAibaEXe/GIu0V6tRrk8Hj+MWEbX3W,0
E54C90A5XPvAibaEXe+1xn1m12iBvtBuBV+Sm//y,0
3A6A920DXPvAibaEXe/pu9fEdzG2ay0K718vt9kt,0
AF601E37XPvAibaEXe8hixWw/kWsbBGyoGZdo74J,0
DB957320XPvAibaEXe+69U8I0R94ERC3P5bqYLe8,0
D2F3822FXPvAibaEXe/UqphXuwxfvCZjxWw96Hi9,0
1382F827XPvAibaEXe/c+AA7R58MUzM2Cg/fmw84,0
8879DB89XPvAibaEXe/Tx838KM/cyiY3oF/TPn5I,1
3EBFEDFFXPvAibaEXe+pRrseqS9RoXak2ox1UWYZ,0
C0C221D0XPvAibaEXe/c+AA7R58MU6nY3C/u3rka,0
06F130EDXPvAibaEXe96mG7+vayRPjKbnr1Br6bi,0
8DD0A948XPvAibaEXe/UqphXuwxfvDAmKckeqaK4,0
03918911XPvAibaEXe8uDPDBBTbYrBR+erGSTT5q,0
61652A74XPvAibaEXe+1xn1m12iBvh2IL/vZ6mnQ,0
87E6499AXPvAibaEXe++7urnOIV05ITT2vHEfA6S,0
6EC57E8DXPvAibaEXe/q/d6S7LoUw//adMKmNVCj,0
28782E66XPvAibaEXe9urngX21O5XTw+ZF1tUpQT,0
F421401CXPvAibaEXe/YaY6MZEJIi9anJcYYvcJ7,0
EB765DEEXPvAibaEXe++7urnOIV05GqtXQcAVMan,0
5DF59DD6XPvAibaEXe90z1QOLCQ2gjfSgfVQ/C2A,1
F9F98534XPvAibaEXe8+Fg7a0Y1jCf8TCzSWselO,0
7F21D7CBXPvAibaEXe/YaY6MZEJIi92GLOnymj9G,0
4A2628C7XPvAibaEXe9urngX21O5XaWExeziRFls,0
7D1E0EBBXPvAibaEXe8OSOsXgIr1Ifjh1Jzxruo4,1
13F96036XPvAibaEXe9d4LQb7PSjpuCzPtvH/htA,1
546766A5XPvAibaEXe+TeG6SYeFDjEei2F6tAugM,0
6E6C2013XPvAibaEXe88ZV91oZ7/phFnfCMcZIXA,0
7B504100XPvAibaEXe/3r71QULrjpzFwgPRTddxt,0
BC591447XPvAibaEXe9jQXzUZ/B6BfV6XDpCrRXQ,0
B688B7ABXPvAibaEXe9TsFVy3uGUgZaATzSyO/Ux,0
71EEEAFFXPvAibaEXe/75frwBkQTnWEbTjqMibaU,1
2A67FC28XPvAibaEXe8Z5hiNBvM0RQ+3kAQPph7F,1
66A02ECDXPvAibaEXe8fDZWQ6Sz6wnDUmjPhi5ub,0
5D6BB8E4XPvAibaEXe/HZd2ATF04tGTmtlsvkXMW,0
CA938FE8XPvAibaEXe8SWoXWekDacJ52cO1Ieg4d,0
C21EC537XPvAibaEXe//oOov2hCsiYpEF7byrFnU,0
54F70EB4XPvAibaEXe/pj/zSBjVU9H0I9Q8LuhmG,0
3B71369EXPvAibaEXe/VnvhYBb4TNC7ERpdqf3W4,0
5396C3C0XPvAibaEXe9T8X64vL5Kd7Ra2fetm0mB,0
39F5C1B3XPvAibaEXe+jRlsyXvmhz14SDotdKerS,1
E1D71D8BXPvAibaEXe8Z5hiNBvM0Rc196Wwi5j89,0
906E81A4XPvAibaEXe/B5ptYzPZ33leKI4+T4F25,0
B5B424D8XPvAibaEXe/pj/zSBjVU9DCaJOfaPTQI,1
1AB36F5DXPvAibaEXe8JDP83oALuEauA9GleSaYp,0
41989DABXPvAibaEXe9iepFIQz9mxXDZlwCXHR7I,2
4784C672XPvAibaEXe9Tdz4CswjA16eg3cXIH7xa,0
A28D2C72XPvAibaEXe/A9ztpERERkJdR3AXBXOZz,0
C1886430XPvAibaEXe+63TJw283N+49eZlwsqP2y,0
67D7D4C1XPvAibaEXe/1Yakz2BGJTZEs6GQ/zp3H,1
43641E61XPvAibaEXe+oshwCJ2TOLyREAcHRMtGv,0
CB0A4300XPvAibaEXe8qxKHWIxudAD9fMhJAEj0f,0
2ECBA125XPvAibaEXe/3r71QULrjpwU104+eMJna,0
5A0230B3XPvAibaEXe/B5ptYzPZ33qaUSuPR3tlU,0
0E1B821FXPvAibaEXe8SRnjkoZQJQl3sz3581FoJ,1
F61CE184XPvAibaEXe/GVRoDkKDPXgvDEVgcr6v0,1
4647FAD4XPvAibaEXe+/+q/J1of16Gnbnnths+LI,0
CCB095B0XPvAibaEXe8Pc6kxKoLNaa6eF/lKAGGW,0
03816B23XPvAibaEXe/1Yakz2BGJTcBso5ZBcYrz,0
1A53C555XPvAibaEXe8iOnzuCL8V+LujZHvUu4lJ,0
6FFB64F3XPvAibaEXe+O8Ynm4+UKCt8Sf6IhFlk9,0
5FF73F9DXPvAibaEXe80jwV8UBfNhxiQYzMrRAUf,1
0F92557CXPvAibaEXe9176253k6Mv7DsmZGZMkgF,0
56A02559XPvAibaEXe9C4sLv8jLDI6uI7KOaVZT+,0
9B90A041XPvAibaEXe+O8Ynm4+UKCjj4hk6yMx6W,0
F3A95D3EXPvAibaEXe/YUZi7fAhqUH9E0vOaqznd,0
B5453DB8XPvAibaEXe+jRlsyXvmhz3fdu48G7zN3,0
B3CCFD33XPvAibaEXe9T8X64vL5Kd285lRVD0t68,0
95ACAB74XPvAibaEXe8SRnjkoZQJQgk6twKM8k5U,0
4901830AXPvAibaEXe9T8X64vL5Kd0OakcuA4KOJ,1
DA23E09CXPvAibaEXe/3SQynmW7euvt77am8XmV2,0
0356BA29XPvAibaEXe/i44g6992J04DlKo1DQNSP,0
7A6599ABXPvAibaEXe8iOnzuCL8V+PjT1K+oDuKz,0
66AC0DB0XPvAibaEXe+jRlsyXvmhz0UMJf6WzG75,0
66EB0E4FXPvAibaEXe+Dzz08DYrYWVxgTGzK1uC2,0
046DFC1EXPvAibaEXe8d5+4VMyfVsJ8BKuqNRrBF,1
D701D9F9XPvAibaEXe+4ETeamtJzhGohhdGDkXGG,0
8FCFE45BXPvAibaEXe80jwV8UBfNh1ybAXX1sy30,0
043B0CDAXPvAibaEXe8d5+4VMyfVsO7O83z9K9IN,1
BFAC243DXPvAibaEXe8SRnjkoZQJQn+u4iQF3qZN,0
C9F9EA2FXPvAibaEXe8d5+4VMyfVsLsiQpML1DUM,0
A310C6DCXPvAibaEXe/IQnjJr55yYUYWCopS2Dq/,1
C8062C0DXPvAibaEXe+Gf10rrPWIyr4sLBxKXudI,1
4B95EEDFXPvAibaEXe9SFfs6TdZlWfy3rUOFoRqt,0
8934FB8DXPvAibaEXe8NShKJ2y7VAgoUnB3rzeR5,0
A487802CXPvAibaEXe9PaZSVcf3BghSRruqZgqqy,0
B6695081XPvAibaEXe88ZV91oZ7/ppT3fareFkof,1
C44B4005XPvAibaEXe8xTifDUBtw5UeKntXC6idP,0
A15ECD7BXPvAibaEXe+Dzz08DYrYWevCepZfGE5n,0
191FE729XPvAibaEXe8d5+4VMyfVsO+g/Xp/uhNU,0
AFE64CD9XPvAibaEXe/86xKtTPDGfMYIUT5PZmch,0
F87E2E9CXPvAibaEXe9OPLPOPVklDNOedsCbmbbX,1
ACBE447EXPvAibaEXe+ywvHYTnIXuF4+4AQLHfQU,0
9776479FXPvAibaEXe/VnvhYBb4TNM5Hh0XsKwYo,1
933A6450XPvAibaEXe8JDP83oALuETBHivu8sRom,1
CDCCA80FXPvAibaEXe9T8X64vL5Kd/cfAX5QHF+h,1
E4887E52XPvAibaEXe/Cb60Jy+AEma6DFQCDnh5J,0
1E4A3B51XPvAibaEXe+g4B5cywZjwXWXFbkh9N/e,0
F546660AXPvAibaEXe8xcSmc61U16Kjc+usnct+1,0
133CDE62XPvAibaEXe9cUsS4F6r57TDBONjTRSZn,0
73192E30XPvAibaEXe8JDP83oALuEVkZLmNr6TwZ,0
379C0BF8XPvAibaEXe/pj/zSBjVU9OPAQV660lHU,0
28308267XPvAibaEXe+1exR/9VxBIwqeKilef56y,0
4F79E707XPvAibaEXe/RBAYWwu4rYNIkSP61IeIY,1
99092200XPvAibaEXe9OPLPOPVklDFoc2adYJo3E,1
BFCBFAAEXPvAibaEXe+YbqS6wWaMivUkl/ywIT8S,0
BCA48412XPvAibaEXe/A9ztpERERkECRtIhNIURG,0
B67D46A9XPvAibaEXe9SFfs6TdZlWe0G8BPPpbrx,0
49318D12XPvAibaEXe8blaTjeDit3xlAQOJghcps,0
C4B4869CXPvAibaEXe+Gf10rrPWIypZaFGwPt0Tl,0
F09BF74EXPvAibaEXe+boSxJoV2lkABL0foWIXoK,1
AE3AFF71XPvAibaEXe+boSxJoV2lkOgHbv83iTMq,0
FFE53E27XPvAibaEXe+boSxJoV2lkIPm7Byt5HdS,0
78DB66BDXPvAibaEXe+boSxJoV2lkG226Lazqx47,0
7C9F0AE3XPvAibaEXe+boSxJoV2lkKRU+wZuskzO,0
53181549XPvAibaEXe8JhJ4J3nSSl4rhWK7agy5e,1
BF49E59CXPvAibaEXe8JhJ4J3nSSl1M62Ra/ltX0,0
F16F0FEBXPvAibaEXe8JhJ4J3nSSl6eFaumAKm+I,0
AA8330F4XPvAibaEXe9Vh8FJ4R+4oUzJfCJ3uIKq,0
82949D55XPvAibaEXe9Vh8FJ4R+4oUJxUHWW7Vzs,0
9E4BAD66XPvAibaEXe9Vh8FJ4R+4oRzlAJQCZHF9,0
417ED4EBXPvAibaEXe9Vh8FJ4R+4oT/eEsBQo2wy,1
54962B1AXPvAibaEXe8REVTdmhazkfmprj+KaHz3,0
3A4E4DBEXPvAibaEXe8REVTdmhazkSwCMnisLPgq,0
AB3797A3XPvAibaEXe8REVTdmhazka+XxkFwKa6E,1
7C9CD828XPvAibaEXe8REVTdmhazkb8qvR1W2D1z,1
13C6A6DDXPvAibaEXe+M91Hzrx3qMNwrhWKG+RJt,1
E60244AAXPvAibaEXe+M91Hzrx3qML8AItSkhCI8,1
1E196836XPvAibaEXe+M91Hzrx3qMIUj3LZpEROi,1
D980CC25XPvAibaEXe+M91Hzrx3qMFWf7LsaUJs7,1
DAAA4CCBXPvAibaEXe+boSxJoV2lkBv6tVx0spbM,0
014C54F7XPvAibaEXe8JhJ4J3nSSlz1TA0ntP3g/,0
C3E14DFEXPvAibaEXe9zkQY6ucuvgBXRUJz3rjp3,0
609487DEXPvAibaEXe8WxPcntbnyslKPy1KQsyvi,0
66D8EA8FXPvAibaEXe8WxPcntbnyslQMvMD9JfJL,0
0961B3C3XPvAibaEXe/U36FI9OTo3ZILGRc5nd+M,1
44FCF760XPvAibaEXe9zkQY6ucuvgKLoYw39K0/6,0
B4C7F4CDXPvAibaEXe9zkQY6ucuvgDd3AAM30vji,1
1DE3BB6EXPvAibaEXe/W1ZBpbjj8QdCymwa+3ZVI,0
8107C15DXPvAibaEXe/W1ZBpbjj8QUeviTscoYLJ,0
C92C47A6XPvAibaEXe/W1ZBpbjj8QfWobzuFG9C9,1
E8AA6831XPvAibaEXe92/FvKjToSoTO9yClebju/,0
69C5430DXPvAibaEXe92/FvKjToSoR/N9CBVYvYr,0
9BAE63D9XPvAibaEXe92/FvKjToSoZmbvfkNtgyW,0
3E06F1BFXPvAibaEXe92/FvKjToSoQiUj6nE1xSf,0
C4046CB9XPvAibaEXe8WxPcntbnysiP8BSpBZU8q,1
18ED3834XPvAibaEXe/U36FI9OTo3U4u06+qrNcz,0
CD7FE553XPvAibaEXe/U36FI9OTo3XR/spu2mF+l,1
579BEE17XPvAibaEXe/U36FI9OTo3e/kYEeMplpL,0
568F3364XPvAibaEXe/U36FI9OTo3bpG3LWUMcW8,1
7CD6C7E2XPvAibaEXe8mAGU8TlDzsswIFIIM7rl7,0
1259DF68XPvAibaEXe8mAGU8TlDzstvMWpi6TAQo,1
AEDD1C1EXPvAibaEXe8mAGU8TlDzsjh/UGYG9v58,1
354B14EDXPvAibaEXe8mAGU8TlDzsjnBOMPtjQet,0
70C738B7XPvAibaEXe9mpn5IvDinR21c4kruTpmV,0
711F4981XPvAibaEXe/U36FI9OTo3eI3M+0wPgRX,0
DB608393XPvAibaEXe/U36FI9OTo3dwWHmULYI+0,0
57DB3796XPvAibaEXe9mpn5IvDinR8oUZ+wB6qbN,0
10B04496XPvAibaEXe9mpn5IvDinRzeHLF+uxMuO,0
6F385873XPvAibaEXe9mpn5IvDinR9SzLfWNV6p7,0
F808280EXPvAibaEXe9yiXPLSHgqUd9Gmu91E2J0,0
D78F3F57XPvAibaEXe9yiXPLSHgqUXG1Z+Jl+zMh,0
35DA5D56XPvAibaEXe+KaiYHkmXYCVvzoPq76fHf,0
88A57CADXPvAibaEXe+KaiYHkmXYCSDqDYH8NLdW,0
5F1F56E9XPvAibaEXe+jQfayvnobXtLWDN+GGZxQ,1
DA74BDD8XPvAibaEXe/kSDDr/jkTQzDpJ0yrwOvc,1
D09EB7D5XPvAibaEXe/kSDDr/jkTQ/Q6vU8NtRUd,0
913E6251XPvAibaEXe/kSDDr/jkTQ4hQPDYeoD9F,1
DCC4C259XPvAibaEXe/kSDDr/jkTQ0PoU631JFW8,0
724A230FXPvAibaEXe/kSDDr/jkTQ1LdXGrbN4mM,0
4DDCC570XPvAibaEXe+jQfayvnobXsVgYc9Mm2p9,1
AA3FAC1AXPvAibaEXe+jQfayvnobXlf/+ufNcade,0
7BB878A1XPvAibaEXe+jQfayvnobXplnB+Dv6V7E,0
7E45D210XPvAibaEXe+jQfayvnobXrfuQgDj3ICI,1
56587D9CXPvAibaEXe++B0JyCbXA1D+9N1erNAGS,0
88452E23XPvAibaEXe/Hd2nFsMs4VOwNwn7XovOm,0
2B84933DXPvAibaEXe8C3lblh2dNnhmATfGe0l+C,1
1672B406XPvAibaEXe8C3lblh2dNngamFrWPE5f9,0
DA3D9587XPvAibaEXe8C3lblh2dNnpEM7MnDExYF,0
F63C5BE8XPvAibaEXe+dErJK2QKC6Q22b0hJUVKB,1
04CD33EBXPvAibaEXe++B0JyCbXA1LAC7v3DyD0t,1
30ED4219XPvAibaEXe9yiXPLSHgqUbc7kxjU1QiU,0
DF9A1317XPvAibaEXe9yiXPLSHgqUUpBuV8lxwbU,1
018B537BXPvAibaEXe+JOtnwEvC97qLE0CEjcJMZ,0
61DCC8D7XPvAibaEXe+JOtnwEvC97pp4zl+NL6g3,0
6B353202XPvAibaEXe+JOtnwEvC97iqv56uyQhTY,0
01759300XPvAibaEXe/kSDDr/jkTQ8zO4LPi0cuK,0
169E288BXPvAibaEXe9yiXPLSHgqUe2zSu0wRdaD,0
D9A0741BXPvAibaEXe9yiXPLSHgqUZRmon/z1DQm,1
37B10C06XPvAibaEXe+l62icawnoYijfbNMGkQ1b,0
BF736238XPvAibaEXe+KaiYHkmXYCbzr1mG14ddo,1
C3714556XPvAibaEXe+l62icawnoYswrmeT6bxGq,0
311E1AE6XPvAibaEXe9FHRfjQvHQkbcdh5YbwKoS,0
94C40B80XPvAibaEXe9FHRfjQvHQkT4dzzR5MVUQ,0
A63D360FXPvAibaEXe9FHRfjQvHQkXRSmm2aR+6r,2
5672827FXPvAibaEXe+Pxorfe/k8CTNWYzLAFB0w,0
ED92FEECXPvAibaEXe8ndFTCadX+eB21n+qh0yUJ,1
59ED48CDXPvAibaEXe+vuDGG5hNDvy/z7OREiAUS,1
D6D3F154XPvAibaEXe+vuDGG5hNDvxUVKKEgeY6a,1
553D3D4BXPvAibaEXe8xN1Ehxu1cb9qhnIpu7ZtA,0
F3A51EB1XPvAibaEXe8xN1Ehxu1cby2c9MxD3Re6,0
AFF96EB0XPvAibaEXe8xN1Ehxu1cb3Kl650k0VuH,1
F6A701BCXPvAibaEXe8xN1Ehxu1cb7IB+nCHVeV4,1
465DFEFFXPvAibaEXe9mu9ZmuYOdktD3Ur32HVFr,0
6568212AXPvAibaEXe9mu9ZmuYOdkswG59+sWj5N,1
383D2EABXPvAibaEXe9mu9ZmuYOdkmMGEa8Ll4MV,1
5FF24B6CXPvAibaEXe83RuGSO94CqzR8j7woegsK,0
9F3F2973XPvAibaEXe9J+wD+ah8CNFgXvqqcuspy,0
CBDE287BXPvAibaEXe8xN1Ehxu1cb46fWfoT+ewn,0
49B3A551XPvAibaEXe9J+wD+ah8CNNwU6E23k4yE,1
D25827F6XPvAibaEXe+0nHjb2tGOxze2tw+AIdfJ,0
A800F35CXPvAibaEXe83RuGSO94Cq7QHMxbpPgiR,0
48693EF2XPvAibaEXe+qA4yV5f0Y/pzGHOPMaXiJ,1
C9791462XPvAibaEXe/GgxgRg2iezua0xC2iIGCA,1
0C79AF2FXPvAibaEXe/GgxgRg2iezlmvwIBf3n1i,0
D066436BXPvAibaEXe+0nHjb2tGOxwMuMqO7IpTt,0
ED4FA2F4XPvAibaEXe8rZ8NuCiCoOU5J7hgCCNys,1
20862F68XPvAibaEXe9mu9ZmuYOdkp+gRYmYZtzh,0
BFC2F255XPvAibaEXe9mu9ZmuYOdkn7/EglCYflt,1
5C86D4E1XPvAibaEXe83RuGSO94Cq8virCbQSkX9,0
06CAB726XPvAibaEXe8zi/ZLIzSiuLmD7Jnj+Ekw,0
B123F1A6XPvAibaEXe8zi/ZLIzSiuAbuiNVTCr2/,1
525C8A2AXPvAibaEXe/UmsX+Yo/cnzgxdMaGy14w,1
9B9BAAACXPvAibaEXe/UmsX+Yo/cnz7EcY1OeK21,2
9DFF16A3XPvAibaEXe/UmsX+Yo/cn7vhHMbguOsQ,0
7A2E0EDBXPvAibaEXe/UmsX+Yo/cn8c6Cpw6bq3t,0
15463ACBXPvAibaEXe/UmsX+Yo/cn1N4h27qOeMK,1
49B4FA27XPvAibaEXe8wj1bWOnrKYV+7G8+beCE7,1
85792BADXPvAibaEXe8wj1bWOnrKYcdeBVNOszQG,0
0E1A7BB3XPvAibaEXe8rZ8NuCiCoOd1q2gA6VxWj,0
4B6900B0XPvAibaEXe83RuGSO94Cq2GZZD1wq+oy,0
E7998416XPvAibaEXe8rZ8NuCiCoOQTSB09aPoSa,0
75CE544DXPvAibaEXe+PYhTHWVfmAq+TQBziiRMZ,1
92CA5CD2XPvAibaEXe+PYhTHWVfmAiLQeBANkmsc,0
D9E3B4EDXPvAibaEXe9lVlYxgSyBv66sedsCY2EX,0
53CD7140XPvAibaEXe9dgf/EzU6ZBYS3CZf6FUxx,0
862ED280XPvAibaEXe9dgf/EzU6ZBVtpTEy01yu6,0
8BE4F4C8XPvAibaEXe98bEweMyJa5shDiOI0iOQL,2
60F1AA72XPvAibaEXe98bEweMyJa5m54twG4wcNy,0
0D8E347EXPvAibaEXe/6gqqbvLbYMxirR50rND05,1
F0656A7AXPvAibaEXe/6gqqbvLbYM40ZtTLrkgFa,0
46A72702XPvAibaEXe+LaXEhdAaoNMyRnKWzoZLm,0
7D5072D6XPvAibaEXe+LaXEhdAaoNCxzL6SSSvJz,1
105C8BE9XPvAibaEXe8cyAoRoKB5PQq6xa0HSt/F,0
4B2718D9XPvAibaEXe8cyAoRoKB5PfES3ONxovb+,1
76E64AD7XPvAibaEXe8cyAoRoKB5PRioWIHNF5Xx,0
A403A2B6XPvAibaEXe8cyAoRoKB5PV4vYIdhQu1s,0
971B3BA1XPvAibaEXe+PYhTHWVfmAqHoaYywwvjq,0
AF71BCAEXPvAibaEXe/bcCn8ANC28BOxrbirznm1,0
8BD59EAEXPvAibaEXe/bcCn8ANC28PYRKmUZg4md,1
303DCD32XPvAibaEXe+WyjAMa+c6gplNQ3GsX31J,1
F1260990XPvAibaEXe+WyjAMa+c6gpPtQO9RF9iC,0
0B572ED1XPvAibaEXe+WyjAMa+c6giNzvWUiY0bY,1
92B1D034XPvAibaEXe+WyjAMa+c6gpOtK8lalmA9,0
9BB2173BXPvAibaEXe+WyjAMa+c6gtPofcvceDgY,0
E7D078A4XPvAibaEXe+WyjAMa+c6gpWCBUIIlRr7,0
5333A1ABXPvAibaEXe9dgf/EzU6ZBRbjI62p5+N9,0
6AF29538XPvAibaEXe/lq24VwKc+LC3e/iCpEin8,1
B679EB50XPvAibaEXe+b6DqXDWl+uxKiVONh0pr3,0
0BFEEE4BXPvAibaEXe+b6DqXDWl+u18pf4FKPL0W,1
D4804491XPvAibaEXe/9LBBkdbcCWD75rxL6ZmuY,0
414D4C0CXPvAibaEXe9ZBnO1fewQMfD6U3Fw2QVx,1
00256CA6XPvAibaEXe9ZBnO1fewQMfc0mu/9tLFg,0
1FF0692EXPvAibaEXe+8xcWrHsA1Km1WGnFoswWy,0
EC37764CXPvAibaEXe+8xcWrHsA1KtIMxHPERy8w,0
313480E4XPvAibaEXe8BcBqSm3bVhkR4alnJ+Wkr,0
8D83C8EBXPvAibaEXe/CLThnKnYPftp7DDS1wHtc,1
DADE9054XPvAibaEXe+3IeSFe/CqDEj3xUk5CqN3,1
64EFE5E5XPvAibaEXe+3IeSFe/CqDBF/1Yzqq/Om,1
6188622DXPvAibaEXe+3IeSFe/CqDDa2JQWaBS3j,0
814CBB93XPvAibaEXe+3IeSFe/CqDEOSeHkU3kcM,1
DB03A0C7XPvAibaEXe/lq24VwKc+LC7Wl3zmO1iW,0
AD31B71AXPvAibaEXe/lq24VwKc+LCMUJ8xNhTei,0
4C51140AXPvAibaEXe+ba4DZYrt+PPkkbMPFyV6e,1
F07997ADXPvAibaEXe+ba4DZYrt+PLuUQfxkDw3t,0
C1DB1120XPvAibaEXe+ba4DZYrt+PDnRlMl9fRKp,1
4B71804DXPvAibaEXe+ba4DZYrt+PMUIInp+bwUk,1
B37CA01EXPvAibaEXe+wnAHzeNC8Yn9raNPQF8JC,1
CB456CC9XPvAibaEXe+wnAHzeNC8YsPJQpKFuYFJ,1
C1C0C4AEXPvAibaEXe+wnAHzeNC8Yg3KwYNkWTzJ,1
5FD90A13XPvAibaEXe+ba4DZYrt+PH4NCeLOnwhA,0
A36D09CCXPvAibaEXe81fV8vPRwD6CJt7YlYSrkA,0
28A49A8BXPvAibaEXe81fV8vPRwD6Lnl35EWVuyL,0
8D2B99D9XPvAibaEXe81fV8vPRwD6DZ50b+bojAD,1
7AABA828XPvAibaEXe81fV8vPRwD6DL+DJpIGfz0,0
04CDB750XPvAibaEXe81fV8vPRwD6JYmHnM75CHO,0
272F2A74XPvAibaEXe+ba4DZYrt+PKPplgRlYVJo,0
C7CFA88CXPvAibaEXe+GGliW+AfAjJH1fIxpbq5M,1
DAF17921XPvAibaEXe/ESOA28kZtDsLToj5QZohy,0
08782EBCXPvAibaEXe9zVZKaStZ09MV9x0bcbU8i,0
39F053A4XPvAibaEXe9zVZKaStZ09Mr38O1aLuN9,0
D9D9A5FCXPvAibaEXe/KP8Z+xE/sY9E1u8kxGshj,0
7E14FCE2XPvAibaEXe9O6/F07jTuv/syDQU8xrvy,1
E185C0F6XPvAibaEXe9O6/F07jTuv07xJL7DkUkw,0
5AEDE7D0XPvAibaEXe9O6/F07jTuv3kW0evqB5/z,0
B0E6C48EXPvAibaEXe9O6/F07jTuv2iubEfEzeow,1
794AF669XPvAibaEXe/7VNok06ub0KSN0xZ1STyn,0
C0876D1FXPvAibaEXe+g+689Av0WQ2LNsIBPcXwW,0
3EBE6597XPvAibaEXe+g+689Av0WQ6QNNXH26G5j,0
35CFC31BXPvAibaEXe+iIJOpfrvDw19cYffrUhx5,1
07041016XPvAibaEXe+iIJOpfrvDw0cyN3jgSrMf,1
615CD044XPvAibaEXe+iIJOpfrvDw2MDa3Xhq30w,0
F0A39268XPvAibaEXe+iIJOpfrvDw+wwVAHpHkrV,1
32320C2CXPvAibaEXe9yRt5bXcOfsoAwfBPsvoS8,0
7206970DXPvAibaEXe9yRt5bXcOfssCuK/ccjZpP,0
EC7FDAFAXPvAibaEXe9yRt5bXcOfsijDufwvpJgd,0
0001EB57XPvAibaEXe/twT+sf632fUXnsgPGeB4G,0
468CAE9CXPvAibaEXe/twT+sf632fdkP6ftA8QP3,1
8B1987BCXPvAibaEXe/twT+sf632faSMkP/nbJtw,0
B739B774XPvAibaEXe8JhJ4J3nSSl9hKIc5/mItt,0
02D11BA0XPvAibaEXe/twT+sf632fV68MOhuBLMU,0
53C76C78XPvAibaEXe++P1Ki321T8dLKmOd542vM,1
851A2F6EXPvAibaEXe++P1Ki321T8V+ZvvTEOTWt,1
09C5F90EXPvAibaEXe++P1Ki321T8WzWUflk+Nbj,0
9131269CXPvAibaEXe++P1Ki321T8QwiqZBNKu1/,1
85920946XPvAibaEXe/6es9ZTmhAJWULVfgdHLzy,0
A9194BC8XPvAibaEXe/6es9ZTmhAJWH1GOHxiRfg,0
AFAD2A51XPvAibaEXe/6es9ZTmhAJcgOBagnlwbW,0
E4A2CA5FXPvAibaEXe/EbCJQv4uheBFQbvWbrhdc,0
DFD30B21XPvAibaEXe/X5qOvA9deFa5OjIz1SoyN,0
F2ECE03CXPvAibaEXe/X5qOvA9deFS0DFHPqxipl,1
13655380XPvAibaEXe/X5qOvA9deFSqB+D+B3Wl4,0
BE573A0FXPvAibaEXe/X5qOvA9deFWiLIcL3XnRq,0
406CA736XPvAibaEXe/EbCJQv4uheJSkPxWpbZwW,1
09792F8AXPvAibaEXe/EbCJQv4uheBJq+S2/WJDS,0
72799547XPvAibaEXe/EbCJQv4uheCs1N4MmdI1Q,0
63AB05E2XPvAibaEXe9/w7qCPr4fx5T4ywW+XAPz,1
FFDC81D5XPvAibaEXe9/w7qCPr4fx1roEzeCxcg8,0
312DE7FEXPvAibaEXe9/w7qCPr4fx7wnJbpMwzOR,0
5ECA05E4XPvAibaEXe/MMx1dMBtPndI+Jb7jkgeU,1
D67D27A4XPvAibaEXe815EPCWwbvwe1487FaOvMA,0
BAFC9C7EXPvAibaEXe815EPCWwbvwQXJi2oa+4HX,1
361908CBXPvAibaEXe+IVHw2W4UqallYRA4x04U0,1
EBFB9448XPvAibaEXe+IVHw2W4UqajGc1g2HShpV,1
5A758833XPvAibaEXe8UkZVD+5XbrMlwmHooi//x,1
D75F7AF3XPvAibaEXe8UkZVD+5XbrAXdMpZ3BbG7,0
A1B6FE81XPvAibaEXe8UkZVD+5XbrHHu+9+n8Cn4,1
55BB54C4XPvAibaEXe+P3P+fEFRIWNdqLeyJcbPn,0
019568E7XPvAibaEXe+P3P+fEFRIWDXExiPZGRaa,0
02FAB066XPvAibaEXe+P3P+fEFRIWPj6XPfklz7k,0
ED396D3BXPvAibaEXe8Hc2wHUxgky4CO+jMdQoBQ,0
5FE3899EXPvAibaEXe9UjnPPEYi4Uf/W04om0ZQP,1
2EB6D9A5XPvAibaEXe9UjnPPEYi4UY/rJc+1ew4U,1
B3E4CF3BXPvAibaEXe9UjnPPEYi4UcTDPFKAsEFM,0
26A675E0XPvAibaEXe9UjnPPEYi4UR3P7cSVrblX,0
EC15F644XPvAibaEXe+Ee/bNoyDJskC9WJ6nr3Ae,0
F55BBDC5XPvAibaEXe9V50Ts4UAUsCMOge7bqzt+,0
626B0A04XPvAibaEXe85v8rw3dwROgy8Z/pogxmI,0
4B5AB4F7XPvAibaEXe+55g1kTuqhA/I35jGrD9te,1
8304096EXPvAibaEXe85v8rw3dwROjSGU5ciEzKm,0
85E62673XPvAibaEXe+55g1kTuqhAxvdhsciV5yT,0
EC30E576XPvAibaEXe94sKKoWENjB21QlLue7gzi,1
594E6FC5XPvAibaEXe94sKKoWENjB3Gtr1KiiVIx,0
EB000B1DXPvAibaEXe94sKKoWENjB9jVXJTJTgf/,1
236B3FF8XPvAibaEXe94sKKoWENjB58QoAc2XFJc,1
16711091XPvAibaEXe9Hf/fJ8gF3WonhdqtnpIjx,0
B0338FFFXPvAibaEXe9Hf/fJ8gF3WpsnHHa5hiU/,0
D356129EXPvAibaEXe9Hf/fJ8gF3WidXisaksKVX,0
3C505858XPvAibaEXe8bHoSDwbr9UpHE0dqQVri8,0
501CDF4DXPvAibaEXe/Jc8h2JxO5QZ/KdQlZKg6s,1
21E8E7DFXPvAibaEXe/Jc8h2JxO5QZmf6Y0zWw7B,1
F282E487XPvAibaEXe95BgJyC1XgNYraK+zbGNJZ,0
83F67FBFXPvAibaEXe95BgJyC1XgNcM67ghVT2ss,0
79765D54XPvAibaEXe8bHoSDwbr9UjcNQwX9/a8s,0
DB1873DFXPvAibaEXe8bHoSDwbr9UoDKldsBOWvv,0
646FE6DDXPvAibaEXe8bHoSDwbr9UniXiTYLouxw,1
9CB4BE25XPvAibaEXe95BgJyC1XgNXXkNOrClFn/,1
2711D4E1XPvAibaEXe95BgJyC1XgNWyNcIVivwe6,0
28745714XPvAibaEXe/el9TRAKM7gfOI2Nkj3YTT,0
30B43EAFXPvAibaEXe+aquNtcMIbvwMLH3gD3H8y,0
DA75E8F3XPvAibaEXe8f56j3W7C5xs5+J8XcB5oK,1
8A32A2ECXPvAibaEXe+aquNtcMIbvy3LCllonwh5,0
ACE13B33XPvAibaEXe+aquNtcMIbv7qfgO8jdNLN,0
1D37D345XPvAibaEXe9Zp44TyFcBSAN7u3B08mRX,0
A241B997XPvAibaEXe/mDljlbns7jXY14SxuNGfI,0
38DAFA34XPvAibaEXe9t3AmSkf7FuaFg1NEYAf7f,1
D38BF3F8XPvAibaEXe/k5cHhyiupXKjeht69EbkC,0
DDEF94BBXPvAibaEXe/k5cHhyiupXDbA73jrlDgt,0
23A201EAXPvAibaEXe+QrwS/gm46TaMBrb4xyvLe,0
B633C31DXPvAibaEXe9kTkrXS1NJ3v/8PclQ0brl,1
618ACD12XPvAibaEXe9kTkrXS1NJ3slIrvJy3jhV,0
4C7280B9XPvAibaEXe/N50hRf+Du8VQmAQ6R065m,1
1B4703D0XPvAibaEXe/N50hRf+Du8cb5iuALfqM2,1
865D73E2XPvAibaEXe/N50hRf+Du8dPbajFFA8tO,0
7D62B87EXPvAibaEXe8YD29zP3MXD5VNeo4qOJje,0
A5AB73E4XPvAibaEXe8YD29zP3MXD7YtT9PjzOVY,0
DBAED2F9XPvAibaEXe/Fi8ZYRfhF8TaWmGB5/r1a,0
952ACBDAXPvAibaEXe9kTkrXS1NJ3q3+pQFFwULi,0
B19CCC5AXPvAibaEXe/k5cHhyiupXFItha8MpEch,1
9136966EXPvAibaEXe/k5cHhyiupXENqS7dV5EXS,1
BEE984BEXPvAibaEXe8CYkXkPteanPbB2QJle+4H,0
2323F593XPvAibaEXe8CYkXkPteanD3HZfbRMvuh,0
3A1CC902XPvAibaEXe8CYkXkPteanEszavV7KmWX,1
3672838EXPvAibaEXe+23cTkF8qTDytadlIBqcY0,0
480B4400XPvAibaEXe+23cTkF8qTD/XNlqn3ORya,0
1EE3D2C7XPvAibaEXe8yk/xNTBUkzvfJ9t/N1OCs,0
935D1AC7XPvAibaEXe94sdmGYWWl8NWfMuivPji8,0
7ED37754XPvAibaEXe/+5dmtHXoxmj/0FHjPeT68,0
78A4BCD2XPvAibaEXe/+5dmtHXoxmpSuEW57nevC,0
DCC7D29BXPvAibaEXe/+5dmtHXoxmt4KSG5NJ7Z2,2
E5790E57XPvAibaEXe+pyJpvsB6nZJtM9boesbxC,0
F272C6E2XPvAibaEXe/N50hRf+Du8Wfgo7CelReA,0
35B74880XPvAibaEXe/k5cHhyiupXLoRd5WQsbFM,1
D7BA5D0BXPvAibaEXe+QrwS/gm46TctSGa50GzxN,0
FEF5CD5AXPvAibaEXe+QrwS/gm46TcFPFqmLPWVr,1
5A7C57EBXPvAibaEXe+SbxsvF9MWxMHCgpnHnWm9,0
700E1725XPvAibaEXe+SbxsvF9MWxKMQLP/zEM+u,1
918BCF59XPvAibaEXe+SbxsvF9MWxCWbotWDoaaJ,0
406B9C41XPvAibaEXe/Fi8ZYRfhF8QbXczx8U/3K,1
4D7F2B80XPvAibaEXe/VQHzzHDYACU+w9mI5Vpdz,0
1A6378D9XPvAibaEXe/VQHzzHDYACQdec9361I/1,0
D9E0E084XPvAibaEXe/Fi8ZYRfhF8Z9D/PGrrawC,1
1EDE5AE1XPvAibaEXe+WdrMfsV/1fQZwiaLJMnIu,0
E0E9C15DXPvAibaEXe9drMWeKYE4jLayFAiZCDgY,0
8A03E471XPvAibaEXe9drMWeKYE4jEX0sTSaswVe,0
44634117XPvAibaEXe+WdrMfsV/1fSPAGTu3hQ5U,1
73EB5CB8XPvAibaEXe+EAlU+wSWpDfwVGuRwBjhG,0
548333C6XPvAibaEXe+EAlU+wSWpDUDAmH7aFO2R,0
1A2BD4BAXPvAibaEXe9kTkrXS1NJ3lS8WWqebCRI,0
6DBDBBFBXPvAibaEXe+EAlU+wSWpDVBud1dyw30u,1
DA9E55D4XPvAibaEXe+pX9RZhc1jhp5t1y4bGFQa,1
0D980091XPvAibaEXe9u8ftW5AKWESCMlv3A+Gqi,1
1ABEF26EXPvAibaEXe+6mZaWgr2AGSXexs5K/PQ7,1
B1C3DCF8XPvAibaEXe+6mZaWgr2AGa/bJZ7nhq03,1
723A74AEXPvAibaEXe+6mZaWgr2AGas55XCA0P1t,1
9F9D897DXPvAibaEXe/Yg42D1b4hlMDcQrchINTr,1
DEAB4F4EXPvAibaEXe/Yg42D1b4hlMKY2TQc7/nt,0
A581984BXPvAibaEXe/Yg42D1b4hlEz86DYP3NJp,0
BD8317F6XPvAibaEXe9nP2x7vQNdVVcQVKXVmxw6,0
932543F0XPvAibaEXe+Ssm9D7QPetJ3FzTb5UiU+,0
3D7C70B7XPvAibaEXe+Ssm9D7QPetGlOXguVdZom,0
08624366XPvAibaEXe80F7xvyMuvyPVvrG7GXaRO,0
FA2519F9XPvAibaEXe+b/3AZFelvL3MgKL4JD4J/,1
FAD799E1XPvAibaEXe+b/3AZFelvLybVE1RUfHmc,1
F297A276XPvAibaEXe8PcTqQe5AuPyCUJkNd86xr,1
3B3054EBXPvAibaEXe8PcTqQe5AuP3ZnQKoq7X9d,1
C6967B5FXPvAibaEXe8PcTqQe5AuP6sLQKEWVl1t,0
DC5E7914XPvAibaEXe8PcTqQe5AuP2PTeWxy83ug,1
7BEAB732XPvAibaEXe8PcTqQe5AuP71Dl9jFqFw2,1
F5897735XPvAibaEXe/HavVGti21aC6UYB4icGqG,0
447A450FXPvAibaEXe+DUF+563kBvcBUq24gjVNl,1
90FDD134XPvAibaEXe9m0F2yptF5U1VkDmr+OxMJ,1
47210751XPvAibaEXe9m0F2yptF5U7CGnoYdlINR,0
63F6F2D8XPvAibaEXe+DUF+563kBvcJHaBqURzdU,1
EBD19724XPvAibaEXe+e2tIVVtPhOcaV6NUoBkqc,0
9C8A98BFXPvAibaEXe+e2tIVVtPhOd/01/kUcm3X,0
2B31483BXPvAibaEXe+e2tIVVtPhOb3qo1SYWFWM,0
A66C24D3XPvAibaEXe+e2tIVVtPhOcP/3NsePMyE,0
4242FA6AXPvAibaEXe8f56j3W7C5xtXXRI+8BJQy,1
C1363A8CXPvAibaEXe8f56j3W7C5xo+zXx+stCz0,0
8207B626XPvAibaEXe/57ZZLpsI5pf+0jA4NZ9Ay,0
EF3FEDEFXPvAibaEXe/57ZZLpsI5pRuXtM45WaKF,0
F50F9E29XPvAibaEXe/PfwiDaLddEtDWK1YGQjHw,1
EB82138BXPvAibaEXe/PfwiDaLddElR/HUbs+e7O,1
15265D5AXPvAibaEXe9MnecufC0W/gKo6J+oNWGX,0
F406C807XPvAibaEXe8bVXYGG8kdZcFZHur1VEtL,0
CDA4E282XPvAibaEXe8bVXYGG8kdZVsrroRMNogn,0
40F613D8XPvAibaEXe8bVXYGG8kdZSrU8e0y+hru,2
09136C26XPvAibaEXe8Wb350a8ibngGn7z1HgeSI,1
418187C9XPvAibaEXe8Wb350a8ibnhbWI4z++VY2,0
738946F2XPvAibaEXe8Wb350a8ibnm5kQzFjIM2p,1
7E3853DCXPvAibaEXe+boSxJoV2lkJhHPBWRkRqK,0
09238D06XPvAibaEXe+M91Hzrx3qMP7qlUOm2nUh,1
6975E297XPvAibaEXe9usUd9iNN9jCbmHLFVMRag,0
D2A50A16XPvAibaEXe+0nHjb2tGOx1CVAAzml2KG,0
D8B465BDXPvAibaEXe8wj1bWOnrKYRtz/y+nJUde,0
67CF304EXPvAibaEXe8rZ8NuCiCoOeBPZMKpSl6p,1
3FD1462DXPvAibaEXe98bEweMyJa5iFjCfgvAPXn,0
16E15ECFXPvAibaEXe/lq24VwKc+LH2JaVx+wPJx,0
5D0BB90EXPvAibaEXe9Hf/fJ8gF3WnvGtEXGWyWG,0
7C75D925XPvAibaEXe9Zp44TyFcBSARHrqyLyabd,0
1682958DXPvAibaEXe+SbxsvF9MWxENJYf102hE/,1
B1B996D1XPvAibaEXe/VQHzzHDYACRfsgbqiwflU,1
36615708XPvAibaEXe/VQHzzHDYACXd7sCOtFSzk,1
ECE912B4XPvAibaEXe/Yg42D1b4hlIdlAX3kjGQA,0
75AD7B4AXPvAibaEXe8xMCTZ03/BewoGrWSt0ZXM,1
AB431338XPvAibaEXe8xMCTZ03/BexWzDCyWVsT3,1
6920B9AAXPvAibaEXe83EtiN4MI2ns6NZhlUAIhE,1
62654F5DXPvAibaEXe9jjgNhrmbJFPIZXXeZlnxy,1
AB1F6AA8XPvAibaEXe83EtiN4MI2nszto21zu7z9,2
2FB67786XPvAibaEXe+lwq621ApaceLppHx2sj6r,1
CF209E4FXPvAibaEXe+/EkvXK98KbbLh+JMUgKhh,1
B4303CD0XPvAibaEXe+nZBq3b0XEhVoLjxUZrYZX,0
25AF24E3XPvAibaEXe+/EkvXK98KbWSdx1OCHSTZ,3
711FA2AFXPvAibaEXe9upvU5DvuC9kwCJjs/GO5v,1
0FC485B7XPvAibaEXe+lwq621ApacWNSIxSrdxsm,1
EA3AD08BXPvAibaEXe+TFgEDwYNnvUPQ6K65N1LS,1
B9080B55XPvAibaEXe+suUpvSAu/o8TqJY01Eqyx,1
93A9CF9CXPvAibaEXe8CKeIX0ksEeBrXPslhxsvc,1
D63A2D2CXPvAibaEXe+TFgEDwYNnvSfHjHOrvTCF,2
96967470XPvAibaEXe9upvU5DvuC9vY0bll+Ov+G,0
E4B6DF8FXPvAibaEXe8CKeIX0ksEeOVNfnmEXxAN,2
B07B894BXPvAibaEXe8s1xx8DWM0quj3PKFHHyHD,1
7537F548XPvAibaEXe9upvU5DvuC9p8OJugMk9rC,0
CAB6D6ADXPvAibaEXe+1j/AqdkpM27NZKKMnxryy,1
08BCA73BXPvAibaEXe8VekUw4ELehgGhnY+JjnAc,2
FA58D615XPvAibaEXe8VekUw4ELehntjFptS9z5b,1
CB86CEE4XPvAibaEXe83EtiN4MI2njAKlLHQPQif,2
2C674C46XPvAibaEXe8Y+/3uR2PkTOGNxs8OFvnz,2
C57E7F21XPvAibaEXe8VekUw4ELehuWMmX7vpi8O,2
A6066FB1XPvAibaEXe8ydgsBCmjqAwCLOP/9AoDk,2
03B1BF87XPvAibaEXe83EtiN4MI2ns5qclkPljKC,1
2441A7C2XPvAibaEXe8VekUw4ELehn5inKXOCKf2,2
52F1243BXPvAibaEXe8Y+/3uR2PkTDwL/5Oa1YtB,2
FE47542BXPvAibaEXe/zHDidEgqCTsUbPsTLcOnH,1
35F93FFDXPvAibaEXe8VekUw4ELehgT/A68316w4,2
F5D3066AXPvAibaEXe+Z7KfNHYLttKYcmiFpwREK,2
5BFE5DD9XPvAibaEXe+Z7KfNHYLttPhgQo2rqYeJ,1
7888971AXPvAibaEXe9FiaSoce50DAKq2mQWEKvH,3
EB088421XPvAibaEXe9aucNQ7/14aMv4g9KsRfJR,1
920C35D4XPvAibaEXe9/su+qLcYDMuUFi2r5AeYR,0
514FD131XPvAibaEXe9FiaSoce50DO+lfAzINHDY,1
271545D2XPvAibaEXe9/su+qLcYDMqX5LRATm4Zu,1
85100785XPvAibaEXe9FiaSoce50DO/IaKolpO0O,1
578A7225XPvAibaEXe8hvnm4ihleLUtcWtYNAOFi,2
0BA51321XPvAibaEXe8hvnm4ihleLRo3iaAhdOa6,1
ADD48CD4XPvAibaEXe9JdUmjPcaT8i3gfZUAKb+o,1
5032DD33XPvAibaEXe9X5bpEKoa0mil88XvSiR4r,1
39D76A4EXPvAibaEXe8Cym7B6GX+Tt/q64ZsOx/+,3
5A122A3DXPvAibaEXe8/3iNqySORby1yTn00kxsc,3
B35C4D81XPvAibaEXe+4hxKfaQWuhMpsX+yPsJqX,2
02C4644FXPvAibaEXe+wmtNhlfgIwhu0VSXU3tYN,1
ED6EF6C8XPvAibaEXe/Hpk/kOf6+1RerfM4Z/+YU,1
02FA9B28XPvAibaEXe9hPQQhQOOPyX9iSjJX1yiu,3
AF853A54XPvAibaEXe/Hpk/kOf6+1bfUE6pi24gj,2
47140B5BXPvAibaEXe+cD1fKElqxL341hodw+e7I,1
09562713XPvAibaEXe/Hpk/kOf6+1RgvIg+ZGaje,2
0CF59B91XPvAibaEXe8k9aD0YXzUPjR72F7dYDZ1,1
3F6744F0XPvAibaEXe8Y+/3uR2PkTISBbFDhrriN,2
86B0B88FXPvAibaEXe9jjgNhrmbJFIthGYmG4ggs,2
33D94003XPvAibaEXe8k9aD0YXzUPnTdz6N2af6Z,3
C580DBB4XPvAibaEXe+/EkvXK98KbcY+Rl3c2lzC,1
6E94081BXPvAibaEXe8jolcsAIssTORw5zmGqU8F,2
6F3C0D69XPvAibaEXe+Y5CB/5gt3MG008Osd7bBm,1
97A2DEBCXPvAibaEXe8jolcsAIssTNIXF9rwk50P,2
A72611A9XPvAibaEXe/6muSCAeQUC3OT5jnayIMj,2
B07AA9C3XPvAibaEXe+NmgQbVGcjJxAr0cne+s9Z,1
1DA45CE2XPvAibaEXe8jolcsAIssTCatCgflVvBX,2
B2816B7BXPvAibaEXe/YKN5ysyYL7MS3vlfPnRU+,3
961AB4FAXPvAibaEXe//3t8+us0X0j9lAQyTb3ze,2
6981B504XPvAibaEXe9Xnw4t0GPgx4e71aEuqYO2,2
E4F6A5FFXPvAibaEXe9VICkMSMM7n5M0ui4qC0HK,1
4D1054A2XPvAibaEXe8WD3qnVG2b/aV/yYzs56/D,1
9E9A38AEXPvAibaEXe879+AOg1gh8jBg5Ccj9ksF,2
140E6C4CXPvAibaEXe/asAVnWDRS7Te/6FHN3JZ9,2
A6EA9F79XPvAibaEXe/asAVnWDRS7dXIHpGvggPH,1
5236793DXPvAibaEXe8ge2UHv4J4B3cK3m4MI0jB,1
98247E19XPvAibaEXe93PEySAJOVkxsz+HIviyYJ,3
7CAAEE6BXPvAibaEXe8ge2UHv4J4B+kFXfDUb6ad,2
55D02CB4XPvAibaEXe9M021iVaAwIAQL8BalJRN4,1
1DA0751EXPvAibaEXe+y4Ivhjp8SxoECWfMevnWg,3
0ECFDCE2XPvAibaEXe9hPQQhQOOPyenrlTjJyLmh,0
3E437E83XPvAibaEXe+cD1fKElqxL3AMjMxrtDdl,1
8719AFF0XPvAibaEXe+cD1fKElqxLxHCg1eAHaJE,2
D39EBBA2XPvAibaEXe/PGAaNNWvbUH5UcB2OERFM,0
4DD248D9XPvAibaEXe+6MN9FoW2mqeloV0TjpGtd,1
00BCE333XPvAibaEXe9upvU5DvuC9h+K5WaA2XCn,2
702D2CF3XPvAibaEXe8ooYk4mkUGmA64Z/iLP3mB,0
A4EEB45EXPvAibaEXe+wmtNhlfgIwjN3iuw7Uj8E,3
8C2FAA40XPvAibaEXe+NmgQbVGcjJ+7V2UMYMM22,1
0EA8D3D2XPvAibaEXe/lOccskaOiOzxORymghVIL,0
F25B47BFXPvAibaEXe99j2P15eeB08BTAdZknEaN,0
3A1C5583XPvAibaEXe/X/wixypGyAvEf9801Q2hn,1
EBFA124EXPvAibaEXe9Xnw4t0GPgx7HtC6Nbck0b,1
567E5B30XPvAibaEXe9jjgNhrmbJFChPxRNa9WKt,2
0E8ECFA9XPvAibaEXe+nZBq3b0XEhYBJV4WkY1zV,1
58DEC626XPvAibaEXe99GOtI/HwJhc7sNQN4+/Pa,1
F9D4ADE3XPvAibaEXe/Bn5cQSu92WdvhrUcea56c,1
586F0A4CXPvAibaEXe+LLvbxzunmJL51nTie4Ve7,2
BD8E0272XPvAibaEXe9MLbI3cCq2BM8G4ydm6iN2,1
C5AB8E67XPvAibaEXe+5f3nhbX2eh0F3gDayami1,1
A51F3DE3XPvAibaEXe/Xn8KZjn44cQKIn5UAq1YD,2
DC999D0EXPvAibaEXe/Xn8KZjn44cbt+u3pr4o9I,2
EDD0F071XPvAibaEXe+BHZkA9XgGXcEipjLDOZCD,1
50224F94XPvAibaEXe+5f3nhbX2eh5Ni5dxXAFSo,1
7A6522ADXPvAibaEXe/Xn8KZjn44ccxM/9JDq7YD,1
A3A320D4XPvAibaEXe/FWKstHRRDnSGVoHs1J/ID,1
6F5D342AXPvAibaEXe9eSUilQ3V71r5onVJoXXZK,1
B71C8732XPvAibaEXe/6muSCAeQUC8ENy+rYAiDQ,2
7901D3A9XPvAibaEXe+6MN9FoW2mqYEmruXXBNsS,3
83D3F6C9XPvAibaEXe/Dy4K4yiQpOP6IiL6XGDu/,1
F2696E85XPvAibaEXe9ysTifnGoMwT5kAXkjtPqR,1
F194DA26XPvAibaEXe9Z67almz7y5jarc2nxH/N/,2
7DC76130XPvAibaEXe9E+KuE/nFliSlMSAt5Iod+,0
D367637EXPvAibaEXe+6MN9FoW2mqYPK/ixWMAwA,2
AC8730D2XPvAibaEXe/6muSCAeQUC4blsS+RVJIO,1
F195E5E6XPvAibaEXe9M021iVaAwIH1lH9to4XgR,2
CB36ADA7XPvAibaEXe/caEx4rNa5qRJOcczZFsXE,1
859FF4B4XPvAibaEXe/V2dF0qjs8bS+3GhPtTevf,1
35A1B6FFXPvAibaEXe9Z67almz7y5kj8xAL7LEki,1
B981E9E5XPvAibaEXe9E+KuE/nFlid9nvxQOBGkV,2
1874573AXPvAibaEXe/FejQN8/S5fLmLJ8y3qJ+f,0
7059F0A4XPvAibaEXe+NmgQbVGcjJ+PCMVuB1N+7,1
412F9F1AXPvAibaEXe+y4Ivhjp8SxlaMcnQ6fJwh,2
055BC8B6XPvAibaEXe8ooYk4mkUGmEtvnAf/k5xO,2
292A16A3XPvAibaEXe/FejQN8/S5fLl7v93zX8+w,1
FE25A31FXPvAibaEXe9ysTifnGoMwXLM1KaSxzuV,1
0375F69FXPvAibaEXe9JdUmjPcaT8kzHYZ2eSjwX,1
72CEA909XPvAibaEXe+vL6q6thZ0NkWLVg2Q6x2D,1
C34CF498XPvAibaEXe/V2dF0qjs8bbDxE9T+yGjr,1
63643D3FXPvAibaEXe/FejQN8/S5fP6il1UtZeIt,1
2228C44BXPvAibaEXe+vL6q6thZ0NpZHB2a6uthQ,1
E6647B6FXPvAibaEXe9M021iVaAwIC3zcrOdGRH+,1
F423B999XPvAibaEXe+5oCRQPDKXsvYtikNVeZF/,1
E23E02E0XPvAibaEXe/7sxkigC7f53B3wPQdgffe,2
0AEC516DXPvAibaEXe+PhKfQb0+XJ16iun5xSwp1,1
52E66659XPvAibaEXe/7sxkigC7f5zukR2WlNRO3,3
242ADB97XPvAibaEXe9ysTifnGoMwfpn00Jzt4a2,2
5DE3D202XPvAibaEXe9M021iVaAwIAWgsSaIyxTr,1
B27FB769XPvAibaEXe9M021iVaAwIN/1Gsru7xDe,2
5118E353XPvAibaEXe9VICkMSMM7n3K1rPnlxImZ,1
E767B626XPvAibaEXe+gsTDvgY5pDm1ypgCXf+4o,1
05654038XPvAibaEXe9JdUmjPcaT8qIMCNLlkTTg,1
D0FE4969XPvAibaEXe/yXiKgsgy0slCmJ5EKt6Ki,0
954668C3XPvAibaEXe9MLbI3cCq2BJdrrPOjifym,1
DAFCE097XPvAibaEXe+Z7KfNHYLttKsB/kdM5tuZ,0
3669079DXPvAibaEXe8WD3qnVG2b/Xo6z5VgIbaM,0
36BC8A31XPvAibaEXe9upvU5DvuC9htMUSG2h0WC,1
21E9C326XPvAibaEXe/uH+ehSKMSjbVAN71FLxMC,1
46FE5B50XPvAibaEXe8Cym7B6GX+TrRv2ndqd5t0,2
BB1A9EF5XPvAibaEXe/uH+ehSKMSjQysGck5FHrj,2
4532D5B1XPvAibaEXe/uH+ehSKMSjWW5YHwi0U5P,1
DE4FB5EDXPvAibaEXe+suUpvSAu/o6wQrBXTr/gB,1
63D15452XPvAibaEXe/X/wixypGyAp8IsOjNdRT3,1
191FF8FBXPvAibaEXe+suUpvSAu/oynDIjN7o2q7,1
48D92F82XPvAibaEXe8Cym7B6GX+Tqsl9buO6vGi,1
B324AA62XPvAibaEXe9h45naFhFKYnJpwCUzzMDr,2
C76005A8XPvAibaEXe/X/wixypGyAg54ZpujWGey,2
082CA1BDXPvAibaEXe9h45naFhFKYgXejbIyWnsM,0
F203BBC3XPvAibaEXe+suUpvSAu/o/+ZL0cV+o+k,1
FB027AC4XPvAibaEXe9h45naFhFKYkJc3pvc6Xzn,1
2D49AC3CXPvAibaEXe8Cym7B6GX+TjCt0Zgg9NLj,0
025639C4XPvAibaEXe9h45naFhFKYhEBg5cfNLVj,3
5FDF1690XPvAibaEXe9upvU5DvuC9qBGP7U5a1U3,2
CCE416DDXPvAibaEXe9h45naFhFKYiK2s+wu/p25,2
9DE3AA6DXPvAibaEXe+NmgQbVGcjJ/cDB85eYXzc,3
73906B33XPvAibaEXe/ji2wENvGp6FIdsqcYwjNs,1
78F015A2XPvAibaEXe9VICkMSMM7n3vFKiFwxlkP,1
0269D0CEXPvAibaEXe9Z67almz7y5nIpJrijnwIg,3
11448848XPvAibaEXe+NmgQbVGcjJ3NlJR9I0Rqm,2
87E06D79XPvAibaEXe9Z67almz7y5qeVdwBIoh7O,2
72BA0955XPvAibaEXe+5oCRQPDKXsjOZ+8Ge9FSz,2
7A738F49XPvAibaEXe9JdUmjPcaT8j/zEgIGtBEJ,2
D9FC5EF4XPvAibaEXe/ji2wENvGp6GMKG4VdRRaS,1
932C10EAXPvAibaEXe/ji2wENvGp6DccIRS4GipU,1
9DECDBECXPvAibaEXe/ji2wENvGp6Ggnly21j9Xo,3
E86A9E15XPvAibaEXe/ji2wENvGp6DQ1mUZrJ3IV,1
82D67FF0XPvAibaEXe9Bx5CZuIA9z+ymYnRBj6Fr,3
0E3AF2F2XPvAibaEXe9Bx5CZuIA9z4vBSR0Ex5VT,2
ACC4D198XPvAibaEXe+5oCRQPDKXspsKZR6r2Sfg,1
8BD66DE8XPvAibaEXe9Bx5CZuIA9z4lpYtW5T9Ft,2
0CBF5C00XPvAibaEXe/WSo41+3xFkMEE7aNYnzrx,2
2549020DXPvAibaEXe9Bx5CZuIA9z9kRJsZoB8K+,1
82157FECXPvAibaEXe/WSo41+3xFkONmGkZ6gOkr,1
4EACB8F8XPvAibaEXe99j2P15eeB09tYWw7ysyEQ,2
44601EB7XPvAibaEXe99j2P15eeB0+Zs3AHanVIa,2
C50D57F6XPvAibaEXe9JdUmjPcaT8u0WARcbO2/5,2
A5457B71XPvAibaEXe/WSo41+3xFkNztfQk3Vj8t,2
7081FE0AXPvAibaEXe/WSo41+3xFkBWpG5iRJavV,1
CEF9D4E3XPvAibaEXe99j2P15eeB0yJ0SD0RyZWi,1
73FCD503XPvAibaEXe/YKAlYnC3m942m9zzkluOD,1
2527BAB9XPvAibaEXe+cD1fKElqxL9jGStBoq3T8,1
C83A25DCXPvAibaEXe9X5bpEKoa0mpWrB2A9Cxkr,2
F99CE6DEXPvAibaEXe86736b6Ol+/O3ZQU1AW1/C,1
A2A984F7XPvAibaEXe9X5bpEKoa0mp7uV1IrtAed,1
B8B283D5XPvAibaEXe/YKAlYnC3m91sqM4cV+tQd,1
5B6EEE16XPvAibaEXe/PGAaNNWvbUKB+697ALtA7,0
2F237AA9XPvAibaEXe/YKAlYnC3m967dOM4WK2IJ,2
85FA5549XPvAibaEXe9X5bpEKoa0msFO9rQKADMb,0
F309234EXPvAibaEXe/YKAlYnC3m9+IBO6iZJ0Cn,0
1AD297DDXPvAibaEXe8CKeIX0ksEeAeGfbwnr/en,2
81D2AB1FXPvAibaEXe/YKAlYnC3m9ztTf89k7OWJ,2
85AB9A11XPvAibaEXe+cD1fKElqxL3rmZzDf2Nuw,2
5792EF1AXPvAibaEXe/YKAlYnC3m90v7yzvt+OYP,2
D8B81312XPvAibaEXe/PGAaNNWvbUIfmRv3bR2wn,1
4283E94DXPvAibaEXe/YKAlYnC3m95G1fYL7q9dG,0
6ECC84E3XPvAibaEXe80gGmWuNekTx6pALIDxBTb,1
D3602269XPvAibaEXe80gGmWuNekT3Wj11uigulq,1
4BBC8929XPvAibaEXe8CKeIX0ksEeC2D6tQZpWFy,1
2D469F82XPvAibaEXe/YKAlYnC3m9yAnVuerKywR,2
302C659FXPvAibaEXe80gGmWuNekT9HQE57P7S6C,1
0DF7E48FXPvAibaEXe8CKeIX0ksEeL2w5FD8Xm6m,2
85C41091XPvAibaEXe9iKIRwqei6/E3o02jlnmLt,0
8688239BXPvAibaEXe+lo6eJkHWaQdxLz0hNOYmX,1
29DAC8E5XPvAibaEXe9iKIRwqei6/AabAAzMbpha,2
9060AE5FXPvAibaEXe80gGmWuNekT7ow9cjIQrPL,1
8DD54882XPvAibaEXe+lo6eJkHWaQfUDaN2PBVrw,1
42A0A8EEXPvAibaEXe9iKIRwqei6/H1ClHJwaL6I,1
553F83D0XPvAibaEXe+lo6eJkHWaQXmbzaKicEyV,1
F257BE3EXPvAibaEXe+lo6eJkHWaQX9v5OomNEKz,1
741BAEACXPvAibaEXe80gGmWuNekT1wC4lREx8CX,2
3509A991XPvAibaEXe80gGmWuNekT+evWuZt6lQJ,2
91C557BBXPvAibaEXe9X5bpEKoa0mhzvi3xnxIFE,1
0E631785XPvAibaEXe9X5bpEKoa0mgPWtTwg2Rv7,1
2F7887F7XPvAibaEXe/BqA0y8R3TRdLeDx8JXg9H,1
4F34F659XPvAibaEXe/Dy4K4yiQpOPKiiUqmRs2G,1
7181A027XPvAibaEXe/V2dF0qjs8bZnrTq0jaQh1,1
E9BBDEFAXPvAibaEXe/Dy4K4yiQpOCeGcJ6wYi83,1
364CB864XPvAibaEXe/Dy4K4yiQpODZIkZFRB90m,1
67C763FAXPvAibaEXe/BqA0y8R3TRXNUn5wTg3dI,1
E090FF52XPvAibaEXe/FWKstHRRDnXrYLc7oXETz,1
C6AAE126XPvAibaEXe/FWKstHRRDnf0u81vfcV3u,1
15E504FBXPvAibaEXe+gsTDvgY5pDj0KmWUZl7mO,1
B85AE4CFXPvAibaEXe/FWKstHRRDnYSo4DEPmiWp,1
6A34DC14XPvAibaEXe9HKUC7sboLjsk46RkohDVv,2
9EF161A4XPvAibaEXe+gsTDvgY5pDiTxGuafuV/2,1
8C8E91ABXPvAibaEXe9HKUC7sboLjsWdscTF7HpM,1
9FC490D1XPvAibaEXe/V2dF0qjs8bfJmcAaGrAyd,1
A3AA35CEXPvAibaEXe9HKUC7sboLjoVYTHh2EAU+,1
23A7E8BEXPvAibaEXe+gsTDvgY5pDo2vfA/gYRvk,2
13A5B89FXPvAibaEXe/V2dF0qjs8besyGZFsyWqW,0
412DC926XPvAibaEXe+5f3nhbX2eh9nFdw3I/18R,1
68EB2622XPvAibaEXe9M021iVaAwIPmPusZ0mw3v,1
A352570AXPvAibaEXe/SxwNRab2vgCw4X5WeDpRE,1
54166400XPvAibaEXe+5f3nhbX2ehx/EY+0e6tvl,2
B0446B28XPvAibaEXe+5f3nhbX2ehwI8GK1nbG8j,1
D55EBAD9XPvAibaEXe9Z67almz7y5tkcxWS/xrjc,0
40AD33BCXPvAibaEXe9M021iVaAwIPHYg7fxj42i,1
5483E379XPvAibaEXe9HKUC7sboLjkiY2dt+wasF,0
4CB61F0FXPvAibaEXe/BqA0y8R3TRT2jjHQPxleL,1
16765E4EXPvAibaEXe9Z67almz7y5p5Ev/WkDmP/,2
6777A5A5XPvAibaEXe/BqA0y8R3TRZDcJooW2geh,3
4185501CXPvAibaEXe9HKUC7sboLjiazpw2A5AfK,1
F0956068XPvAibaEXe/V2dF0qjs8bUnaC6RcyGOL,2
BCC346C2XPvAibaEXe+gsTDvgY5pDhgO3+5ZTm70,1
6C4A53CDXPvAibaEXe/V2dF0qjs8bb7ZbjchpSPk,3
B30D0F50XPvAibaEXe+gsTDvgY5pDoLU7t2wkLiW,1
E3BE5EC2XPvAibaEXe/6muSCAeQUC95vwcfIJ1oV,1
53BABCB4XPvAibaEXe+5f3nhbX2eh3E+k8+0vrzk,1
EC288A3AXPvAibaEXe/6muSCAeQUC0/HYwqGRTEN,2
BD5769A2XPvAibaEXe/FWKstHRRDncikzfXvRYvA,0
5B67FF77XPvAibaEXe/SxwNRab2vgHQoiSebh7by,2
453A0C45XPvAibaEXe/SxwNRab2vgEekPHC/t/5s,2
313A0C3EXPvAibaEXe9FiaSoce50DK2qcrsEDi/O,2
861C639FXPvAibaEXe+TFgEDwYNnvaxZ22c6n1Hy,1
E92C604FXPvAibaEXe+TFgEDwYNnvUQ2ahxW4uwh,1
07AE5C96XPvAibaEXe9FiaSoce50DNjROw8Ku1H9,1
B5985AA6XPvAibaEXe9FiaSoce50DCA1CWsmxnua,2
B03C3105XPvAibaEXe8ydgsBCmjqA9xGwyzibYQL,1
F498E5FEXPvAibaEXe9JDlHA4z2GHBZXhsR8PR1r,2
9A84BBE7XPvAibaEXe8ydgsBCmjqA6hvcbpa5SDa,2
9D61C40EXPvAibaEXe+TFgEDwYNnvTf7BJNA2L5v,1
1818B089XPvAibaEXe8s1xx8DWM0qoKAQzOIviSb,2
BE375BAAXPvAibaEXe9JDlHA4z2GHJ3/PVStCxR2,1
074D8586XPvAibaEXe8s1xx8DWM0qvMydWkQI9z8,0
AB4D8F99XPvAibaEXe/YKN5ysyYL7EjErJAJK5l+,0
329B4DBFXPvAibaEXe9JDlHA4z2GHEkrdKZ3K2N4,3
E670C383XPvAibaEXe/zHDidEgqCTiLQarAqK+wV,3
E5486DB1XPvAibaEXe9FiaSoce50DF0tF/eSsmjM,1
C63071C5XPvAibaEXe9JDlHA4z2GHBvVa1gNFpuJ,1
57203F91XPvAibaEXe9JDlHA4z2GHFHVJ5vTRj7d,1
D42204FAXPvAibaEXe9JDlHA4z2GHKwE3JWl7+uT,2
7C8D22EBXPvAibaEXe/zHDidEgqCTmo2dDAaNnf3,2
0113B184XPvAibaEXe+TFgEDwYNnvZZmdVYGpoeH,2
20137A69XPvAibaEXe/YKN5ysyYL7OR5uzOy1bph,1
8E49F159XPvAibaEXe/YKN5ysyYL7Hv6XLBu67/v,2
F3BE1521XPvAibaEXe/zHDidEgqCTqL+R9XHExiQ,2
8BE31DF9XPvAibaEXe8WD3qnVG2b/cOKJN6hzN9R,1
CA877136XPvAibaEXe8ydgsBCmjqA45MdXmTWxGh,2
FAF32539XPvAibaEXe/YKN5ysyYL7Frl7G1sQGrY,2
3E0D6147XPvAibaEXe/YKN5ysyYL7H1dbPhtPzOC,2
BC4D7362XPvAibaEXe/zHDidEgqCTtuOJqWtyJVx,1
2C379B39XPvAibaEXe+TFgEDwYNnvSCTBlVUKxPt,1
18DE832CXPvAibaEXe8ydgsBCmjqA68iDjt23bz1,2
4519669FXPvAibaEXe/uH+ehSKMSjbKx7ngVlc1q,1
9E398853XPvAibaEXe+yU1j0ocViqeu3f7/HMvAo,1
66B24040XPvAibaEXe+wmtNhlfgIwn9iSiemRgPv,2
6D3A87A7XPvAibaEXe83EtiN4MI2nuc2Ln7/pp+p,1
11D7FBB7XPvAibaEXe8/3iNqySORby7kyf2IzNeI,1
EB87A112XPvAibaEXe+yU1j0ocViqSbXKj24nkqQ,1
3CB24347XPvAibaEXe83EtiN4MI2ntso94rp+aT8,2
41EBF544XPvAibaEXe8/3iNqySORb+za0yWMmptx,1
9B47D5AEXPvAibaEXe8/3iNqySORb2yc7gdXyezc,1
314A9EFDXPvAibaEXe83EtiN4MI2ntxuuYLz7OKp,1
1D719539XPvAibaEXe8/3iNqySORb0aV1QVzGOA5,1
CEC75FD2XPvAibaEXe83EtiN4MI2nirXiNqj+z66,1
809877DCXPvAibaEXe8/3iNqySORb/0vLoIti8Og,1
678A7E53XPvAibaEXe86736b6Ol+/Jgt4POkxWzn,2
C4B57B74XPvAibaEXe+wmtNhlfgIwrNTVgutCknX,2
1A43FBA2XPvAibaEXe9lF2o7VejWNgmxmYTmCfqU,1
EAFB8611XPvAibaEXe+wmtNhlfgIwhUtxuTJu+OP,1
C02BE079XPvAibaEXe9lF2o7VejWNqKPnWIO0VRS,1
7259E977XPvAibaEXe86736b6Ol+/PreEMY8ftS4,1
694330BCXPvAibaEXe83EtiN4MI2ngvW488wCP/k,2
6F75613CXPvAibaEXe8/3iNqySORbxrmFjIeDct7,0
CAF1C679XPvAibaEXe+yU1j0ocViqc3aOVuIyn2Y,2
2974F9D5XPvAibaEXe+lwq621ApacRtRVVgBsUrf,1
603115A9XPvAibaEXe9lF2o7VejWNmxlsu7sojKq,2
A5889011XPvAibaEXe9lF2o7VejWNht67pu11G7v,2
6B2F14CCXPvAibaEXe+wmtNhlfgIwsa71h+ulLl3,1
9C8782A5XPvAibaEXe9lF2o7VejWNskIJ3b/KH8Y,1
F03B1465XPvAibaEXe97hU2RTHdNnBRrvP91HIpv,0
4AFE5A8EXPvAibaEXe9MLbI3cCq2BMqcbjt1Z6h0,1
73ACB42FXPvAibaEXe/caEx4rNa5qUHLvhqz3Ryo,2
818A2EE0XPvAibaEXe/caEx4rNa5qRu1qeWo48Iw,1
483CDFA0XPvAibaEXe97hU2RTHdNnNgOjGYTeaj2,1
FF648425XPvAibaEXe97hU2RTHdNnAuHAKPICPTO,2
7134F004XPvAibaEXe9eSUilQ3V71iW9jk0tCHGd,1
B5555906XPvAibaEXe97hU2RTHdNnD7ewXgRdfmS,1
9AEF5DB4XPvAibaEXe/caEx4rNa5qfIzIl5Ey4O8,1
B55901AAXPvAibaEXe/FejQN8/S5fMZXWPtKAshB,0
19BAC22EXPvAibaEXe9fwZBwsCOuQFXDcIBIsL6u,1
A05F7B75XPvAibaEXe97hU2RTHdNnATS1tMYdhSj,1
7DD67D55XPvAibaEXe9fwZBwsCOuQDQOEu4l2Y3B,1
534F880CXPvAibaEXe/caEx4rNa5qYi8oannUiVw,0
F2172708XPvAibaEXe9fwZBwsCOuQBWO6yBIlUld,1
8893C7C2XPvAibaEXe9eSUilQ3V71sm7g0uOfQBr,1
882C1D7FXPvAibaEXe9fwZBwsCOuQPUdyMrENQrr,0
82EB45E9XPvAibaEXe9eSUilQ3V71rLMOFZnU1bQ,0
FF5BFE8AXPvAibaEXe9ysTifnGoMwSIhZIOZGH/s,2
B5853135XPvAibaEXe/Dy4K4yiQpONxhRQoieHZG,1
C78522F6XPvAibaEXe+PhKfQb0+XJ+23aVlRLh8x,1
093A9E7EXPvAibaEXe9MLbI3cCq2BDkMZ2Fgf9nI,1
B637FAB1XPvAibaEXe/caEx4rNa5qYP2cYHJoMrY,1
91851198XPvAibaEXe+PhKfQb0+XJw6szcGPmTVZ,0
CF64EF5DXPvAibaEXe+PhKfQb0+XJ/i3djEe18Vw,1
F40991DEXPvAibaEXe/Dy4K4yiQpOBb9BiaNhvoj,0
1C3D8B35XPvAibaEXe+PhKfQb0+XJ8AdRGrKHKPg,0
1144C476XPvAibaEXe/FejQN8/S5fMTeBtQ6DFpo,1
85C2D27FXPvAibaEXe/Dy4K4yiQpOJHnLNT8mIEk,2
21F2C6C1XPvAibaEXe97hU2RTHdNnJKy2oLy/QXC,1
20EDFE1EXPvAibaEXe9eSUilQ3V71hhIIr/gp7Hl,2
5AF99462XPvAibaEXe9eSUilQ3V71stEO0A2Foy9,1
920A152EXPvAibaEXe+lwq621ApacfvQPvb0aqXR,1
979A928AXPvAibaEXe/lOccskaOiO+maJG9wgnrj,1
2049E34DXPvAibaEXe83V/kFvw2bBSM6MmPn3kn9,1
1D74C87FXPvAibaEXe8Y+/3uR2PkTKeFWIOEfKn0,2
E95E7C6DXPvAibaEXe+1j/AqdkpM22DHf6P99fDJ,1
27C73C4CXPvAibaEXe83V/kFvw2bBek/NsGNfC2g,1
80790C23XPvAibaEXe83V/kFvw2bBdHxAZUKwYd8,2
19AA9696XPvAibaEXe9jjgNhrmbJFOYfNg9LpBAY,1
FB623556XPvAibaEXe8Y+/3uR2PkTNbh/Fe4KQiS,2
8850B56AXPvAibaEXe8Y+/3uR2PkTM01dracEFoq,1
98FAD5F6XPvAibaEXe9fafwYRU+NptbcSqHyrp9L,1
7A7166DAXPvAibaEXe83V/kFvw2bBZ0o/KVHZc30,1
6E351582XPvAibaEXe9fafwYRU+Nprk3ew8optYA,1
29046716XPvAibaEXe83V/kFvw2bBR3WiVsBjF7n,0
632326BEXPvAibaEXe+1j/AqdkpM23xs0ljO7eLx,1
B3134F24XPvAibaEXe+lwq621ApacZLQAtrpniF4,0
A09F2752XPvAibaEXe+1j/AqdkpM215N3VvHdQ2X,2
45213E72XPvAibaEXe/lOccskaOiO/d9phcRuPc/,1
40F7E8D0XPvAibaEXe+nZBq3b0XEhfcwXLmoc4Pj,0
132730F3XPvAibaEXe/lOccskaOiO3EUCDXCyg9F,1
C307F053XPvAibaEXe+nZBq3b0XEhX8PABYu6iV1,1
CC0D41F6XPvAibaEXe9fafwYRU+Npmqir62VbH95,2
797D94BCXPvAibaEXe+kwIr/VXjl0xAMs344uRFm,3
E8100F85XPvAibaEXe+kwIr/VXjl06p43mqKWKpK,1
23A5CE7EXPvAibaEXe+nZBq3b0XEhb5k9/vzpSuL,1
A7480F67XPvAibaEXe/lOccskaOiO75Myb5P3LDQ,1
5DB7334BXPvAibaEXe9fafwYRU+Nplkr/FpgEmW3,3
F751BE36XPvAibaEXe/lOccskaOiO+4LaUqrFAPR,2
91F785ABXPvAibaEXe/lOccskaOiO5y4GbVvuRQu,1
6243A4C3XPvAibaEXe8Y+/3uR2PkTKXbgDAmBgVN,1
66389E7FXPvAibaEXe9jjgNhrmbJFLqZAjn7gWVB,1
9CAF3CDBXPvAibaEXe83V/kFvw2bBf/iNPsMd2JY,1
EAA0B693XPvAibaEXe99j2P15eeB04XwhZ0tzlI4,2
7A0B9EA9XPvAibaEXe8jolcsAIssTDC9dK3XV1vM,1
93AAB5EDXPvAibaEXe9VICkMSMM7n6VXqZd9oFC3,2
EFD742CDXPvAibaEXe8k9aD0YXzUPiN76vauZRDr,1
0AC3D7F9XPvAibaEXe//3t8+us0X0rXqlaSwbAVq,2
77AF8F32XPvAibaEXe8k9aD0YXzUPoj2oI/UFM4b,0
05092C76XPvAibaEXe//3t8+us0X0mVxYbHKgEu4,2
5EA0E379XPvAibaEXe9Xnw4t0GPgx3ZLzmzrJTA6,3
212EA0C7XPvAibaEXe/Hpk/kOf6+1XWAGhQk4dXd,2
28807FE1XPvAibaEXe8k9aD0YXzUPpNUUND3x7rK,0
CC33262AXPvAibaEXe/Hpk/kOf6+1VzXmlbKHSON,2
96E64F9BXPvAibaEXe8k9aD0YXzUPrUwcIMFMr/N,2
7DD93E1EXPvAibaEXe8jolcsAIssTCvlawktLHX9,2
12C24162XPvAibaEXe9Xnw4t0GPgx9K2sCLXkxKl,1
5867E047XPvAibaEXe9Xnw4t0GPgx+aXR1u6ReqM,1
BE09BA7AXPvAibaEXe8jolcsAIssTIvxT6IyMVWg,1
E6A68052XPvAibaEXe8k9aD0YXzUPjDIBsjZnI4k,1
37E9895DXPvAibaEXe9E+KuE/nFliak6/YMItssI,3
AF12AD92XPvAibaEXe/X/wixypGyAooCMIgpNDia,2
E7F76892XPvAibaEXe8hvnm4ihleLUuKYaU9nQYs,2
C5653867XPvAibaEXe8wlx2/dthDAvgNFAzhdDbA,0
6E67EB19XPvAibaEXe/X/wixypGyAsT5QiAaYiqu,1
E0D198EDXPvAibaEXe8hvnm4ihleLSvrI7Vk4VeU,1
B7A4BFEBXPvAibaEXe9E+KuE/nFliZ33muV8YpEN,2
0B532F25XPvAibaEXe8wlx2/dthDAl8IHF2g7VFy,1
AD4BCBA9XPvAibaEXe9E+KuE/nFliWlkrmYZH3GU,2
9A105EF9XPvAibaEXe9aucNQ7/14aHDE9pheoxri,0
ABAA6224XPvAibaEXe/Bn5cQSu92WeNVQEnSRa2a,1
78B2EC5BXPvAibaEXe9aucNQ7/14aNPK5Av8easK,0
307D02BBXPvAibaEXe/Bn5cQSu92WYpWynSPa8Z8,1
85749327XPvAibaEXe+y4Ivhjp8SxkP1bWnA7tQ7,2
99325C17XPvAibaEXe8wlx2/dthDAuX2r9IBWF/q,1
1F7628F8XPvAibaEXe9aucNQ7/14aOyjtUGYaNi7,0
EC3C87C3XPvAibaEXe8hvnm4ihleLauLGDayuLJ6,2
29026B5FXPvAibaEXe+y4Ivhjp8Sxrc1fKZ69ukD,1
EAEA332CXPvAibaEXe9/su+qLcYDMtK7PvaLWMdM,1
D96D5B08XPvAibaEXe+y4Ivhjp8SxknZnga0iClh,1
CF7EEC79XPvAibaEXe/Xn8KZjn44cfZ96N8O9J1l,3
601E0986XPvAibaEXe+y4Ivhjp8SxpmSs9JVmGUu,2
8A2910EAXPvAibaEXe9/su+qLcYDMvhVkY1uRihH,1
FE452984XPvAibaEXe+y4Ivhjp8SxoyJnURmrAF2,1
929FE9B5XPvAibaEXe+y4Ivhjp8SxnpH/35y1tOa,1
3878C29EXPvAibaEXe+y4Ivhjp8SxjQuFnSDYUBF,2
1F900C98XPvAibaEXe/Bn5cQSu92WfoXPCmTU1Cx,1
721C35DDXPvAibaEXe9/su+qLcYDMstSMqP/eTXa,2
59F1B1F6XPvAibaEXe/7sxkigC7f59hetoIFBZSV,1
782F4D5EXPvAibaEXe/Bn5cQSu92Wf+l+2EyY/Lh,1
FE92B059XPvAibaEXe9E+KuE/nFliSKxEUGPiMAY,1
DDB9E00CXPvAibaEXe/Xn8KZjn44cdZNDzzd5bIQ,1
9CB66503XPvAibaEXe9E+KuE/nFliVHlSAEdjpcv,1
B537A376XPvAibaEXe/7sxkigC7f5/wIjwcjrv6/,2
BEF82D76XPvAibaEXe+sfU1lcH9y35HnL8Rbs6ER,1
AD5F09C2XPvAibaEXe+sfU1lcH9y3wY+PST0Mdf9,3
2F1A883FXPvAibaEXe+BHZkA9XgGXZbGp7e/YjsD,2
2F29CC38XPvAibaEXe+fmxcqgvribAkqe1pU/1Fv,2
F4A91DBBXPvAibaEXe+sfU1lcH9y3z7zlCD2CO7V,2
06C6AAD0XPvAibaEXe+sfU1lcH9y3zgRyMrp1zMy,1
2E9367B1XPvAibaEXe+BHZkA9XgGXaNKZYzSXqCT,2
12CBCF73XPvAibaEXe+6MN9FoW2mqRI6OEYJZOYH,1
F0C15C4CXPvAibaEXe/7sxkigC7f5yQxLj4lTYh9,2
EF14B804XPvAibaEXe+sfU1lcH9y3xWTa18hz849,1
E58BFA64XPvAibaEXe/yXiKgsgy0srr6CC9xJpMl,2
7D0210B1XPvAibaEXe+BHZkA9XgGXfSR6oJo/Es3,1
40E6B6E5XPvAibaEXe+BHZkA9XgGXRJzAFhTNzBm,3
2CD84F03XPvAibaEXe/yXiKgsgy0sqvjGOUMoCuB,2
E80CFC67XPvAibaEXe+fmxcqgvribAs3hMtuYLgw,0
270990B2XPvAibaEXe/yXiKgsgy0ssIlT09WGo+h,1
ED5A19E5XPvAibaEXe/yXiKgsgy0sj0LTvQXzl31,2
1F285928XPvAibaEXe+LLvbxzunmJI/aRkmjtjs5,2
07604F47XPvAibaEXe+6MN9FoW2mqQgwnVqNRjxt,2
88B5A902XPvAibaEXe+sfU1lcH9y338xbMicVpbJ,1
3F25F0F3XPvAibaEXe+fmxcqgvribINZVn1ZCwDg,2
6CDA0ED7XPvAibaEXe+BHZkA9XgGXSS4BHzShGje,1
D563BE5EXPvAibaEXe93PEySAJOVk29BEIkXUhF+,1
97CE096EXPvAibaEXe8ge2UHv4J4B99T3E9bmk5q,2
53D6B6A5XPvAibaEXe9P07hcrvmhCdWEvna10bwL,3
04F89839XPvAibaEXe8ge2UHv4J4B7N8hGEpTcLN,0
FF601AFCXPvAibaEXe93PEySAJOVk+OR7t0UZryF,1
8B7499D5XPvAibaEXe9P07hcrvmhCcn1vUPlZj5m,2
BAF446BFXPvAibaEXe879+AOg1gh8uQrEauqA0AG,1
4CD37F46XPvAibaEXe8ge2UHv4J4Byyo6uzLKM42,2
58E06BD3XPvAibaEXe+4hxKfaQWuhIL+w/2UgtML,1
0F6FD99FXPvAibaEXe9hPQQhQOOPydGyiKRryin1,2
F9AD085CXPvAibaEXe/asAVnWDRS7ejs/e1rGnUq,1
C1A9FD65XPvAibaEXe8ge2UHv4J4BztlfCscqMWw,2
64E9FDE3XPvAibaEXe9hPQQhQOOPyStw/R4lOHbB,1
0A2744ACXPvAibaEXe+4hxKfaQWuhJdFGWeKvxxz,1
599DFFB8XPvAibaEXe879+AOg1gh8lJvChSN7o+V,3
B1460568XPvAibaEXe/asAVnWDRS7f+aMPJ9kBjL,2
1CE4CDB2XPvAibaEXe8ge2UHv4J4ByS1Gt3OtWsA,1
31344271XPvAibaEXe9hPQQhQOOPyQ/T6/YpD1bo,2
24DC3D8AXPvAibaEXe8ge2UHv4J4B18QuY8RUYi8,1
51E1C3E0XPvAibaEXe+4hxKfaQWuhLp2zzmiiyRe,0
6E479E37XPvAibaEXe+1P/4gNbgreS61mE4eZb4e,1
83845261XPvAibaEXe9hPQQhQOOPyYvq0zhwjv2w,0
13D944E0XPvAibaEXe+1P/4gNbgreZHDR7oX7edx,1
952C9BD7XPvAibaEXe9hPQQhQOOPyVKuFZF5BlyS,2
85A1EF64XPvAibaEXe/asAVnWDRS7aDwG/eutYGP,0
B2BC792FXPvAibaEXe+1P/4gNbgrefoTGueuT4Wa,2
76CACACBXPvAibaEXe9hPQQhQOOPyV0cvrwNuPGz,0
EE98DE11XPvAibaEXe+1P/4gNbgrecMcGsUFy/kO,1
182EDDDCXPvAibaEXe+1P/4gNbgredAYJhLzP30B,0
BC40EF90XPvAibaEXe+4hxKfaQWuhCn4CgCxF0TJ,1
2ABBE719XPvAibaEXe9hPQQhQOOPyUJ9WJU9hlCM,0
F832105BXPvAibaEXe+cD1fKElqxL8dha7yinstM,3
209DFFA3XPvAibaEXe+cD1fKElqxL0w/CiUgdc4i,1
0B468FE1XPvAibaEXe+fmxcqgvribL7shgQ1FhJv,1
712A8C08XPvAibaEXe8ooYk4mkUGmHQPU9HwABud,2
2F247262XPvAibaEXe8ooYk4mkUGmHi9xjh/zG8m,2
DEE53B1AXPvAibaEXe+vL6q6thZ0Nu5juVpB1ljH,2
00046394XPvAibaEXe+fmxcqgvribEcT4YmJhSFD,1
FE7E4CC2XPvAibaEXe8wMpKQnQ7j6Ih9R01KveHG,1
A94C53D3XPvAibaEXe9CtFSNMbfIzwaQ8b7n0Srn,1
37930AD7XPvAibaEXe9CtFSNMbfIz8i9KHQMn+p1,1
4DE94F90XPvAibaEXe8wMpKQnQ7j6HMlGtDAS6Rl,1
0A049F45XPvAibaEXe9CtFSNMbfIz9qE7i0Fu4My,1
8FAA301EXPvAibaEXe/+PcSgI7YkecbF3wQdfAL2,2
88ECBC0CXPvAibaEXe9ysTifnGoMwZfPSrNzX56n,2
68E760BFXPvAibaEXe8ooYk4mkUGmPtFJ8yRjfYR,1
A793EAA2XPvAibaEXe9ysTifnGoMwTB47/nP51+Z,1
3E8BEBA4XPvAibaEXe8ooYk4mkUGmLmviNJ02P9C,3
8066FACDXPvAibaEXe+vL6q6thZ0NqMsVHCr8Wd5,1
2684ACC5XPvAibaEXe8ooYk4mkUGmHAqCSzIJiAb,1
C6D87955XPvAibaEXe8ooYk4mkUGmC0EOMKX8NpL,2
17ABFF8BXPvAibaEXe9ysTifnGoMwYzIolUfgf2Y,1
EBB79892XPvAibaEXe99GOtI/HwJhdMd8xeZ4JnD,1
06BFA130XPvAibaEXe/+PcSgI7YkeSntP5em9h+w,2
DD546632XPvAibaEXe97hU2RTHdNnAE0e73cXR9H,1
149BDD84XPvAibaEXe9CtFSNMbfIz6gM1EejySf8,0
2CE33A2EXPvAibaEXe+UdHzq6I3zLR6F2C3jS/1u,1
5688EF7BXPvAibaEXe8wMpKQnQ7j6N3au2DJ/ayN,1
53BD35B7XPvAibaEXe8wMpKQnQ7j6BmKJsrjnKQb,2
A9928B90XPvAibaEXe/+PcSgI7YkeTHdHkcRGsaJ,0
8DC6EBA8XPvAibaEXe+UdHzq6I3zLfwEWSlT5/E/,2
B07DB2D5XPvAibaEXe8wMpKQnQ7j6PeL0JGTuD9x,0
E40BE770XPvAibaEXe8wMpKQnQ7j6FCNcAxuNF2I,3
3E709F5DXPvAibaEXe9CtFSNMbfIzx524w+bBj/E,2
C9D228D3XPvAibaEXe9CtFSNMbfIz5anWOr7fOCK,1
618BC5B5XPvAibaEXe9KDsVv3cRkMbmVPS3944TL,2
E69E5181XPvAibaEXe+Y5CB/5gt3MFjmq2+4vhk0,2
62DA4CDCXPvAibaEXe+Y5CB/5gt3MNy76+igUpfF,1
B5E88CAEXPvAibaEXe/XBbLEWRhgQfjbMw/hCyqY,2
9D375E5AXPvAibaEXe9fafwYRU+NpqdtTxcK8k1H,2
589A68CFXPvAibaEXe/Lh6v1XxTKJfUlQjQQhbFU,2
E907A4DAXPvAibaEXe+Y5CB/5gt3MMEtpeI9uUCE,1
30F6C945XPvAibaEXe/Lh6v1XxTKJVD20kccXwaQ,0
AE2B75F4XPvAibaEXe/XBbLEWRhgQe2t9zSwhS9T,2
2420ED57XPvAibaEXe/Lh6v1XxTKJa6JLFRUPkLM,1
1369CC1CXPvAibaEXe/Lh6v1XxTKJbwCI0v6qDc2,0
90DB40EBXPvAibaEXe8VekUw4ELehq65j34D9PkS,1
A1BE3E99XPvAibaEXe/Lh6v1XxTKJbwWcn952SwN,2
AE2C4867XPvAibaEXe/Lh6v1XxTKJdYKiEjXsiho,2
BB711DEAXPvAibaEXe9fafwYRU+Npi5+4HO3NGDi,2
A438E310XPvAibaEXe8VekUw4ELehh5JZ8Xkd+Ce,1
6A867095XPvAibaEXe/Lh6v1XxTKJcUM1sd4pHve,3
A7916D60XPvAibaEXe+nZBq3b0XEhXdvKy778k5c,2
F188F59AXPvAibaEXe+nZBq3b0XEhX0gn3eyGCol,1
F39354EFXPvAibaEXe+/EkvXK98KbWXgswf1tfGi,1
A98AEF88XPvAibaEXe+9GFX9aWroRIeYEl1R5BEu,1
A2233613XPvAibaEXe+/EkvXK98KbS5Ipe6z9qPE,0
3B334337XPvAibaEXe+9GFX9aWroRPhzn84Kn1g3,1
B895244CXPvAibaEXe+/EkvXK98Kbb4ZXFeWdxq3,1
1DCACA12XPvAibaEXe/XBbLEWRhgQQZvuxC3bpO+,0
844FC6F6XPvAibaEXe+Y5CB/5gt3MJxEmi5bZKP2,1
1C65DB23XPvAibaEXe9KDsVv3cRkMWLqfW5W0dwV,1
786BE3EBXPvAibaEXe/asAVnWDRS7UAj1YtnlMWY,1
F585674DXPvAibaEXe93PEySAJOVk6T3mUZtHkOx,1
6F056D09XPvAibaEXe8WD3qnVG2b/T+8k+BG8W0+,1
8243FB32XPvAibaEXe9eSUilQ3V71jduVbuxe6rY,1
F5705943XPvAibaEXe+1P/4gNbgreYZ1sK9mulny,2
646E04CFXPvAibaEXe8WD3qnVG2b/WKYNpmg9hco,1
C47110EFXPvAibaEXe/PGAaNNWvbUF95KJJbQ6Bs,1
12A9523FXPvAibaEXe+lwq621ApacfioDy2WOjEt,1
9C9D7B29XPvAibaEXe9aucNQ7/14aOsZ4IvYO2l6,1
933C1FD5XPvAibaEXe9M021iVaAwILPVFi2513M9,1
C7C8F4D5XPvAibaEXe9KDsVv3cRkMTCSnfZ1jDKT,0
4EC92EA7XPvAibaEXe+5f3nhbX2eh0DMegX78U1l,0
6EBFAC96XPvAibaEXe/XBbLEWRhgQXinO9yZvS2d,3
A5D9196EXPvAibaEXe/caEx4rNa5qSnrNv0G2wDZ,1
C6114925XPvAibaEXe/Bn5cQSu92WepaWyZsqola,2
64F6B4D8XPvAibaEXe+/EkvXK98KbcFIGHN+0Lkj,1
9A1233BEXPvAibaEXe8s1xx8DWM0qqI6+gsmGFZK,1
A1FD63B1XPvAibaEXe8s1xx8DWM0qunOL2/GjkW1,1
B5953D10XPvAibaEXe+BHZkA9XgGXWnkm2L+acxT,1
E2132617XPvAibaEXe+suUpvSAu/o3RskmykRB0I,1
1A44AFDBXPvAibaEXe9Bx5CZuIA9z94nqDRZPjbc,0
19AF2911XPvAibaEXe+5oCRQPDKXspXuHdyFwzXw,0
7DE2E094XPvAibaEXe/ji2wENvGp6JB8Dx018brq,0
78C9EA49XPvAibaEXe+vL6q6thZ0NhALeRXc2ArA,1
6668D44AXPvAibaEXe99GOtI/HwJhanR/t567SdC,1
EFEA3D9BXPvAibaEXe//3t8+us0X0rWgfBUvJ9Bi,1
F9E9630BXPvAibaEXe+TFgEDwYNnvbm0yD8Wu+QT,1
81F211BEXPvAibaEXe9Xnw4t0GPgx1AaPdjIiPDQ,1
29430069XPvAibaEXe+TFgEDwYNnvUaz/ItEjR3K,1
CD7A6C19XPvAibaEXe97hU2RTHdNnNIGUUu3Ml4m,0
088767B5XPvAibaEXe+Y5CB/5gt3MAZxW0JDh9YA,2
8FCB6801XPvAibaEXe+suUpvSAu/o7XJtk59mvNF,1
41B3F412XPvAibaEXe9VICkMSMM7nxTj8JG4gzhV,1
CD52678BXPvAibaEXe97hU2RTHdNnHA5E5DKdC+D,0
B2204322XPvAibaEXe/SxwNRab2vgCFsjDisX+gc,1
ADD6626AXPvAibaEXe/SxwNRab2vgDj3JMKIXWrE,2
96CB2E4CXPvAibaEXe/SxwNRab2vgGCo9Yp9KIgz,2
A20F7E4AXPvAibaEXe9JdUmjPcaT8iHevy7upJJ3,1
FD4D8D5EXPvAibaEXe9MLbI3cCq2BCl9gcft6mvc,2
47034CE1XPvAibaEXe/SxwNRab2vgL+S1T8wHHjU,2
765E7421XPvAibaEXe/WSo41+3xFkNcK3zAr20/P,1
5F76493FXPvAibaEXe/FWKstHRRDnWx4P/5QXlbG,2
08FB263BXPvAibaEXe9Z67almz7y5semmAKozmbp,1
7F9BCB64XPvAibaEXe/WSo41+3xFkIxBymBcPpdb,3
25C15555XPvAibaEXe9M021iVaAwIGned3/1O2WJ,1
DEABCBE6XPvAibaEXe9eSUilQ3V71uWZpFQLApMP,3
78C83A07XPvAibaEXe/6muSCAeQUCzQI0uoBeamo,1
CB92EE09XPvAibaEXe9Bx5CZuIA9zwd+SyZULcOr,1
2FDA1CBDXPvAibaEXe9Bx5CZuIA9z7QfVITgMnow,1
71BF0A84XPvAibaEXe/WSo41+3xFkH1WOiNmSFps,2
716143F2XPvAibaEXe9Bx5CZuIA9z7+la9dn0z+4,2
A58F9FC5XPvAibaEXe99j2P15eeB0yiXdyKNy8jH,1
C2100719XPvAibaEXe/BqA0y8R3TRcJ/JtkxsBzj,1
C7EF9C82XPvAibaEXe99j2P15eeB00WXloSqxIij,2
7DCA17F0XPvAibaEXe/BqA0y8R3TRbiq3YeYJMVk,2
3919DCB7XPvAibaEXe+5f3nhbX2eh2hsnbnO0cTu,1
C63128F5XPvAibaEXe9Z67almz7y5mrP6fB5MbAb,1
2BBA5161XPvAibaEXe9jjgNhrmbJFKH/Y5P5JUkY,2
B646C3C8XPvAibaEXe83V/kFvw2bBVmhVT6fEz4k,1
105A1756XPvAibaEXe9KDsVv3cRkMQK+9a3JNn+S,2
86251376XPvAibaEXe+9GFX9aWroRIB/Av3VNcgb,0
5FDEF832XPvAibaEXe+9GFX9aWroRI6dOjKZvZh+,2
2C9E3006XPvAibaEXe+1j/AqdkpM2yVDjmi0fdgL,1
50F45E0FXPvAibaEXe+1j/AqdkpM28+W/hgGnHN2,1
748CFA2AXPvAibaEXe9KDsVv3cRkMehU/cMv2URX,3
C7BA6541XPvAibaEXe+Y5CB/5gt3MOG0zA01mBOp,0
741A5568XPvAibaEXe83V/kFvw2bBX1pd9YZoFG+,1
007C275DXPvAibaEXe+TFgEDwYNnveOOmOYeYzF6,3
9A2B00E7XPvAibaEXe+kwIr/VXjl0y8cEqB0jdRP,2
2F08E330XPvAibaEXe9KDsVv3cRkMcUAjGGB+quv,2
C06D6804XPvAibaEXe/lOccskaOiOzn1wuEhQE1s,1
57C7C955XPvAibaEXe+9GFX9aWroRJfzpb5XMZKA,1
A406E7FDXPvAibaEXe/XBbLEWRhgQYQrAzwms21C,2
6426D277XPvAibaEXe+kwIr/VXjl04GQLN5sEC66,2
E62A53DEXPvAibaEXe+lwq621ApacbErJD/pd6me,1
CFC99863XPvAibaEXe+9GFX9aWroRCVdw61ieVzx,3
6BB4FBF8XPvAibaEXe/XBbLEWRhgQYrCodpVCa+j,0
EFA92570XPvAibaEXe8s1xx8DWM0qh0wHqaPbJbq,1
52A13A56XPvAibaEXe8Y+/3uR2PkTBzKGlmHNdAe,0
B9E5D259XPvAibaEXe8VekUw4ELehsnOqNbPmwk3,1
33A535C8XPvAibaEXe9E+KuE/nFliWY7m6t8XKlq,1
97C2C03FXPvAibaEXe+PhKfQb0+XJ2fDNXQs9az5,1
320B887AXPvAibaEXe+UdHzq6I3zLfdLeFbIOUbf,0
FFE9E452XPvAibaEXe+6MN9FoW2mqXtx1lMTF9+D,0
7172DA6AXPvAibaEXe/7sxkigC7f5wMwNthRuYE0,1
80E552E4XPvAibaEXe+LLvbxzunmJKfwH0Ij28RY,1
12366023XPvAibaEXe+PhKfQb0+XJ9/8933Iy6CC,2
EBC8A649XPvAibaEXe+fmxcqgvribIboSP1ToKmG,0
4AC9F9E4XPvAibaEXe+UdHzq6I3zLQSsBHPvoJtf,1
670817FEXPvAibaEXe+LLvbxzunmJKKt4KdkWwgm,2
073017B5XPvAibaEXe99GOtI/HwJhbPV+ZJNjoLY,2
869C382DXPvAibaEXe+6MN9FoW2mqQya+xnXT/o1,3
EF1CC696XPvAibaEXe/FejQN8/S5fEIReZ4QsFjV,2
62464061XPvAibaEXe/FejQN8/S5fFT8yNMVC8wh,2
84F1726EXPvAibaEXe/FejQN8/S5fHF/hPdc4T81,3
E99E9EA2XPvAibaEXe+LLvbxzunmJFOIkyW9ng8u,0
BC65D2E0XPvAibaEXe/FejQN8/S5fEZI8hvygtaX,1
A465B59BXPvAibaEXe99GOtI/HwJhTcVZiHi+eIc,1
A2CE0ED3XPvAibaEXe/7sxkigC7f54ExmsxGxStu,1
0A0624B8XPvAibaEXe9CtFSNMbfIz13+0RDE3Ypj,2
D76BAB82XPvAibaEXe+sfU1lcH9y38iOPNn1vZ72,1
5907F3FBXPvAibaEXe8ooYk4mkUGmFUd0afmTIV2,1
AC1D5CB1XPvAibaEXe+BHZkA9XgGXbBgkPwySdH1,0
134B0E11XPvAibaEXe+sfU1lcH9y3wqzt5gIecFn,2
8A298ECAXPvAibaEXe+PhKfQb0+XJ+kXHQSu4bQz,0
4EB4A219XPvAibaEXe9CtFSNMbfIz050rH+pGAqb,2
FD5965BFXPvAibaEXe9ysTifnGoMwRKCXHuX1Wkm,1
791CF17BXPvAibaEXe9h45naFhFKYlGHEDi2lHY1,1
441A8F18XPvAibaEXe9h45naFhFKYu2DEQGRa5Oc,1
535EE7D3XPvAibaEXe9/su+qLcYDMqV4B2iJU0yP,2
A9999220XPvAibaEXe/YKN5ysyYL7KvgzInL3pUE,1
5C5B33CCXPvAibaEXe9h45naFhFKYqqSE6oJtu2D,1
62200A76XPvAibaEXe9/su+qLcYDMsQRQ0KM5NHU,1
8772F0BAXPvAibaEXe/Xn8KZjn44cTSiZLpRIHmr,0
72E11CDFXPvAibaEXe/uH+ehSKMSjRSxxLwSvJLU,1
F8F31D23XPvAibaEXe/uH+ehSKMSjeRjIY7xBtl6,2
9D53300DXPvAibaEXe8ydgsBCmjqA2j6bQSrS7Xs,1
9048DD88XPvAibaEXe9/su+qLcYDMq7JH7E5n9gX,2
59CD26EEXPvAibaEXe8wlx2/dthDAuMmTWFxVmcu,2
6B09280BXPvAibaEXe/uH+ehSKMSjbIRdFrD3vPI,0
BE78DAE0XPvAibaEXe/zHDidEgqCToUSGJsnNs/s,1
19FCF965XPvAibaEXe/uH+ehSKMSjS7xqgfRcN58,1
D3CF8A69XPvAibaEXe9/su+qLcYDMseXWfkodzkh,1
1FD78E1AXPvAibaEXe+suUpvSAu/ow72FkE6z3mz,1
DE1C24A0XPvAibaEXe8WD3qnVG2b/ZHfx1Sm89m4,2
F0F2F362XPvAibaEXe9upvU5DvuC9vpGmW+2YsWe,2
E8640346XPvAibaEXe9upvU5DvuC9rA/E48uBeDI,2
8270E1A1XPvAibaEXe8WD3qnVG2b/bk87zIhFkE3,2
7F8E6556XPvAibaEXe/Bn5cQSu92WW9hSgwhnu8h,1
87C0C5B0XPvAibaEXe8Cym7B6GX+Tvmzl5+34Nck,1
454DFA56XPvAibaEXe+5oCRQPDKXsiPlIEEgh05d,1
C29EA000XPvAibaEXe8jolcsAIssTLKSQEcU+Uyk,2
E44E1F94XPvAibaEXe9VICkMSMM7n0R4CgvCHP8b,1
CD320653XPvAibaEXe//3t8+us0X0ohnYfMw6aMh,3
535EA14AXPvAibaEXe9VICkMSMM7nz6G5cs0Joco,2
DACFD4A5XPvAibaEXe9Xnw4t0GPgx+xvqv2s103W,0
90324570XPvAibaEXe9Xnw4t0GPgxzBH5J/Jtjdb,1
8CFE0343XPvAibaEXe8jolcsAIssTO2PM0KveWKn,1
364B9E9BXPvAibaEXe879+AOg1gh8sRVdBmZSiXe,0
4D645550XPvAibaEXe+cD1fKElqxL9313y/YAPXl,2
BBAD4F2BXPvAibaEXe879+AOg1gh8vGaQYZ3wJAR,0
88C15831XPvAibaEXe879+AOg1gh8uMWWp9sXQnJ,1
A0CBAC25XPvAibaEXe/PGAaNNWvbUIg+w572qFZR,1
FC77E598XPvAibaEXe879+AOg1gh8pb/q8KzJ2A3,0
4D3A7564XPvAibaEXe+lo6eJkHWaQXS675WWbm48,1
9095EEE4XPvAibaEXe93PEySAJOVk2kOrJQCpxlr,1
51BD86DFXPvAibaEXe+lo6eJkHWaQbDd3aiNSKaR,1
17946C80XPvAibaEXe9lF2o7VejWNoJR7PTzcZwM,1
530FE4E9XPvAibaEXe+4hxKfaQWuhFsElpA2NjHn,2
61886879XPvAibaEXe+yU1j0ocViqfTUK2EbVhjZ,2
DEA3783EXPvAibaEXe+yU1j0ocViqZOr0fWYBAOj,1
AE78A5C2XPvAibaEXe+yU1j0ocViqV7UP2kSRFnX,3
246BFB8AXPvAibaEXe93PEySAJOVk7f1TlF/mfrO,3
DA4648BAXPvAibaEXe8CKeIX0ksEeHU30caAK2WT,2
981C7989XPvAibaEXe9P07hcrvmhCcxHupzWlaJ2,1
9593C5A1XPvAibaEXe93PEySAJOVkwyGf+OwqHPe,1
F8E79C58XPvAibaEXe9P07hcrvmhCRobNyHYqD/N,2
538FDEFEXPvAibaEXe9P07hcrvmhCe3unM2XvNXE,0
B652E11DXPvAibaEXe93PEySAJOVkyJM7AttkNBy,1
11F38B68XPvAibaEXe80gGmWuNekT2/+0d+ftnaD,1
0D5F945EXPvAibaEXe8CKeIX0ksEeMKbwIdrC9sO,1
